rule_id,family,plan,DISCOVERY_n,DISCOVERY_mean,DISCOVERY_pf,DISCOVERY_target_first,DISCOVERY_stop_first,DISCOVERY_signals_per_day,CALIBRATION_n,CALIBRATION_mean,CALIBRATION_pf,CALIBRATION_target_first,CALIBRATION_stop_first,CALIBRATION_signals_per_day,CROSS_HOLDOUT_PRE2026_n,CROSS_HOLDOUT_PRE2026_mean,CROSS_HOLDOUT_PRE2026_pf,CROSS_HOLDOUT_PRE2026_target_first,CROSS_HOLDOUT_PRE2026_stop_first,CROSS_HOLDOUT_PRE2026_signals_per_day,FINAL_HOLDOUT_2026_n,FINAL_HOLDOUT_2026_mean,FINAL_HOLDOUT_2026_pf,FINAL_HOLDOUT_2026_target_first,FINAL_HOLDOUT_2026_stop_first,FINAL_HOLDOUT_2026_signals_per_day,ALL_2026_n,ALL_2026_mean,ALL_2026_pf,ALL_2026_target_first,ALL_2026_stop_first,ALL_2026_signals_per_day
DLR_001,DEFENSIVE_LEADER_RELEASE,TP3_SL2,23258,-0.20118584223800073,0.840005746215381,36.327285235187894,56.212915985897325,31.816689466484267,14363,-0.3411435160397132,0.7427010763621477,34.05973682378333,59.29819675555245,39.35068493150685,20019,-0.2719997844576243,0.7908770497936733,35.646136170637895,58.27463909286178,18.26551094890511,8201,-0.2620388281400281,0.7938807948057813,34.556761370564566,56.26143153273991,31.54230769230769,27076,-0.24829051135497526,0.8027271051789064,34.458561087309796,55.61013443640124,104.13846153846154
DLR_001,DEFENSIVE_LEADER_RELEASE,TP4_SL2P5,23258,-0.1747034101535082,0.8830569170430809,31.90300111789492,53.5772637372087,31.816689466484267,14363,-0.38236753301390264,0.7614332856572021,30.07728190489452,57.42532897027084,39.35068493150685,20019,-0.2865334541212195,0.816467624278475,31.20035965832459,56.2165942354763,18.26551094890511,8201,-0.2654517178480115,0.8222080670240363,29.337885623704423,52.38385562736252,31.54230769230769,27076,-0.2513135534592198,0.8300923010797964,29.291623578076525,51.77648101639829,104.13846153846154
DLR_001,DEFENSIVE_LEADER_RELEASE,TP5_SL3,23258,-0.14810885834324305,0.9121043816284449,27.697996388339497,49.952704445782096,31.816689466484267,14363,-0.4381943594969455,0.7612593208467614,25.84418297013159,54.32709044071573,39.35068493150685,20019,-0.30330217122473335,0.8289222402306986,26.754583146011292,52.66996353464209,18.26551094890511,8201,-0.29177812323028357,0.8249240527945205,24.289720765760272,47.54298256310206,31.54230769230769,27076,-0.2674644582790246,0.8378909218764091,24.49771014920963,47.04904712660659,104.13846153846154
DLR_002,DEFENSIVE_LEADER_RELEASE,TP3_SL2,23255,-0.2013580012372144,0.8398774456291908,36.32337131799613,56.21586755536444,31.812585499316004,14363,-0.3414916327284273,0.7424682696152349,34.05277449000905,59.30515908932674,39.35068493150685,20016,-0.2719606157602508,0.790903164371878,35.646482813749,58.27338129496403,18.26277372262774,8201,-0.2620388281400281,0.7938807948057813,34.556761370564566,56.26143153273991,31.54230769230769,27075,-0.24840309826213525,0.8026449413214358,34.4561403508772,55.61218836565097,104.13461538461539
DLR_002,DEFENSIVE_LEADER_RELEASE,TP4_SL2P5,23255,-0.17465714527414722,0.8830847956593149,31.90281659858095,53.57557514513008,31.812585499316004,14363,-0.38282008470923096,0.7611789400957417,30.07031957112024,57.432291304045116,39.35068493150685,20016,-0.2864964637316494,0.8164871107829467,31.200039968025578,56.21502797761791,18.26277372262774,8201,-0.2654517178480115,0.8222080670240363,29.337885623704423,52.38385562736252,31.54230769230769,27075,-0.2514631864621177,0.8299974163689432,29.289012003693443,51.77839335180055,104.13461538461539
DLR_002,DEFENSIVE_LEADER_RELEASE,TP5_SL3,23255,-0.1484031746870414,0.9119338880411092,27.692969253923888,49.95484841969469,31.812585499316004,14363,-0.4381943594969455,0.7612593208467614,25.84418297013159,54.32709044071573,39.35068493150685,20016,-0.30326769413209115,0.8289364744402554,26.753597122302157,52.667865707434046,18.26277372262774,8201,-0.29177812323028357,0.8249240527945205,24.289720765760272,47.54298256310206,31.54230769230769,27075,-0.2673561467170035,0.8379509459305359,24.49861495844875,47.04709141274238,104.13461538461539
DLR_003,DEFENSIVE_LEADER_RELEASE,TP3_SL2,14480,-0.21323941231177349,0.8350410191855773,37.831491712707184,58.238950276243095,19.80848153214774,8798,-0.3151490277959653,0.7639551636626228,35.712661968629234,60.00227324391907,24.104109589041094,12404,-0.2785042970960409,0.7900892641232738,36.84295388584328,59.82747500806192,11.317518248175183,5151,-0.32451452128679337,0.7556097285084014,34.7505338769171,59.46418171228888,19.81153846153846,17199,-0.3171216360520767,0.7598625125297656,34.82760625617768,59.03250188964475,66.15
DLR_003,DEFENSIVE_LEADER_RELEASE,TP4_SL2P5,14480,-0.19629656809097001,0.8745264305390005,34.24723756906077,56.774861878453045,19.80848153214774,8798,-0.3632442804197233,0.7776129741237753,32.14366901568538,58.92248238235963,24.104109589041094,12404,-0.2851206008717811,0.8229042657739337,33.27958722992583,58.5536923573041,11.317518248175183,5151,-0.3569546763122608,0.7759074400483987,30.440691127936326,57.07629586488061,19.81153846153846,17199,-0.3298292822491439,0.790729042570072,30.77504506075935,56.282341996627714,66.15
DLR_003,DEFENSIVE_LEADER_RELEASE,TP5_SL3,14480,-0.17023392518278474,0.9050350603635902,30.849447513812155,54.06077348066298,19.80848153214774,8798,-0.42993972377427037,0.773212368394356,28.267788133666745,56.75153443964538,24.104109589041094,12404,-0.2960681636440569,0.8396672493002192,29.498548855207996,55.61109319574331,11.317518248175183,5151,-0.4099761319724932,0.7742948579167781,26.16967579110852,53.36827800427102,19.81153846153846,17199,-0.34783374801763567,0.8046763004310169,26.75736961451247,52.28210942496657,66.15
DLR_004,DEFENSIVE_LEADER_RELEASE,TP3_SL2,14477,-0.21351845619081855,0.834839964232624,37.825516336257515,58.2441113490364,19.80437756497948,8798,-0.31571733877573344,0.7635737824966684,35.701295749033875,60.01363946351444,24.104109589041094,12402,-0.2785975891936213,0.7900247368587872,36.840832123850994,59.82905982905983,11.315693430656934,5151,-0.32451452128679337,0.7556097285084014,34.7505338769171,59.46418171228888,19.81153846153846,17198,-0.31730288512964694,0.7597392335805861,34.82381672287475,59.03593441097802,66.14615384615385
DLR_004,DEFENSIVE_LEADER_RELEASE,TP4_SL2P5,14477,-0.19622672556173557,0.874567160494219,34.24742695309802,56.77281204669475,19.80437756497948,8798,-0.36398308469342183,0.777202520237985,32.13230279609002,58.933848601954985,24.104109589041094,12402,-0.28525527602109113,0.82282522938671,33.27689082406064,58.55507176261894,11.315693430656934,5151,-0.3569546763122608,0.7759074400483987,30.440691127936326,57.07629586488061,19.81153846153846,17198,-0.3300694165253532,0.7905888580201337,30.771019886033258,56.285614606349576,66.14615384615385
DLR_004,DEFENSIVE_LEADER_RELEASE,TP5_SL3,14477,-0.17071128249269346,0.9047767576890478,30.84202528148097,54.065068729709196,19.80437756497948,8798,-0.42993972377427037,0.773212368394356,28.267788133666745,56.75153443964538,24.104109589041094,12402,-0.29624492032259975,0.8395749831776208,29.49524270278987,55.61199806482825,11.315693430656934,5151,-0.4099761319724932,0.7742948579167781,26.16967579110852,53.36827800427102,19.81153846153846,17198,-0.34766790511427587,0.8047603811844329,26.758925456448424,52.27933480637284,66.14615384615385
DLR_005,DEFENSIVE_LEADER_RELEASE,TP3_SL2,9402,-0.23330091512172482,0.8234693383451686,38.555626462454796,59.85960433950224,12.861833105335156,5656,-0.3127388429625058,0.7686321711968389,36.757425742574256,61.06789250353607,15.495890410958904,7812,-0.26852425235669963,0.7991750252783311,37.864823348694316,60.53507424475166,7.127737226277373,3333,-0.34861453527573083,0.7426866826960709,35.28352835283528,60.93609360936093,12.819230769230769,11112,-0.3659638503061681,0.7312743121562973,34.99820014398848,61.31209503239741,42.738461538461536
DLR_005,DEFENSIVE_LEADER_RELEASE,TP4_SL2P5,9402,-0.219394157137632,0.8646764631498717,35.8753456711338,59.38098276962348,12.861833105335156,5656,-0.3380844455436056,0.796305570429954,33.9992927864215,60.44908062234795,15.495890410958904,7812,-0.2658514939279532,0.8376289167299131,35.09984639016897,60.010240655401944,7.127737226277373,3333,-0.37626968638116265,0.7711969232019155,32.16321632163216,59.525952595259525,12.819230769230769,11112,-0.3628246779840043,0.7784808668782782,32.289416846652266,59.21526277897768,42.738461538461536
DLR_005,DEFENSIVE_LEADER_RELEASE,TP5_SL3,9402,-0.18576921440284108,0.9010929236180895,33.40778557753669,57.4345883854499,12.861833105335156,5656,-0.4175269394115696,0.7858053135607291,30.33946251768034,58.8932107496464,15.495890410958904,7812,-0.24504406803050424,0.8704300020302639,32.334869431643625,57.731694828469024,7.127737226277373,3333,-0.4086589735539998,0.7835717611431384,28.562856285628563,56.61566156615662,12.819230769230769,11112,-0.38190241608845604,0.796670975672244,29.013678905687545,56.11051115910727,42.738461538461536
DLR_006,DEFENSIVE_LEADER_RELEASE,TP3_SL2,9399,-0.23373712139317548,0.8231643997063389,38.546653899351,59.868071071390574,12.857729138166894,5656,-0.3127388429625058,0.7686321711968389,36.757425742574256,61.06789250353607,15.495890410958904,7811,-0.2689170988875352,0.7989069665199646,37.8568685187556,60.542824222250665,7.126824817518248,3333,-0.34861453527573083,0.7426866826960709,35.28352835283528,60.93609360936093,12.819230769230769,11111,-0.36624878990209164,0.7310892844378398,34.99234992349923,61.31761317613176,42.73461538461538
DLR_006,DEFENSIVE_LEADER_RELEASE,TP4_SL2P5,9399,-0.21860239019129868,0.8651361875270975,35.88679646770933,59.36801787424194,12.857729138166894,5656,-0.3380844455436056,0.796305570429954,33.9992927864215,60.44908062234795,15.495890410958904,7811,-0.26637202286073103,0.8373318247384183,35.091537575214446,60.017923441300724,7.126824817518248,3333,-0.37626968638116265,0.7711969232019155,32.16321632163216,59.525952595259525,12.819230769230769,11111,-0.3631993359516026,0.7782720787559546,32.28332283322833,59.22059220592206,42.73461538461538
DLR_006,DEFENSIVE_LEADER_RELEASE,TP5_SL3,9399,-0.18565827788227598,0.9011477027187612,33.407809341419295,57.431641664006804,12.857729138166894,5656,-0.4175269394115696,0.7858053135607291,30.33946251768034,58.8932107496464,15.495890410958904,7811,-0.24568995768202526,0.8701051098481424,32.32620663167328,57.739085904493656,7.126824817518248,3333,-0.4086589735539998,0.7835717611431384,28.562856285628563,56.61566156615662,12.819230769230769,11111,-0.3816487847695909,0.7967931416579933,29.01629016290163,56.10656106561066,42.73461538461538
DLR_007,DEFENSIVE_LEADER_RELEASE,TP3_SL2,6743,-0.1480816270213243,0.8811996982652348,37.92080676256859,55.99881358445795,9.224350205198359,3749,-0.17952281531911532,0.8567269937924203,37.20992264603895,55.88156841824487,10.271232876712329,5639,-0.15469322209409342,0.8771229587232633,38.37559851037418,56.534846604007804,5.1450729927007295,2149,-0.27492966081566467,0.786837474373593,35.17915309446254,57.09632387156817,8.265384615384615,7242,-0.26545739068132784,0.7913499033336692,34.57608395470864,56.33802816901409,27.853846153846153
DLR_007,DEFENSIVE_LEADER_RELEASE,TP4_SL2P5,6743,-0.02354572888417198,0.9839283737168191,35.42933412427703,53.062435117900044,9.224350205198359,3749,-0.19440779291703295,0.8721784511778231,32.888770338757,54.36116297679381,10.271232876712329,5639,-0.10213941240729418,0.9322254640437112,34.598333037772655,54.54867884376663,5.1450729927007295,2149,-0.4106316781811529,0.742158913034543,29.08329455560726,56.165658445788736,8.265384615384615,7242,-0.3223180699311928,0.7902589880221802,29.48080640706987,54.15631041148854,27.853846153846153
DLR_007,DEFENSIVE_LEADER_RELEASE,TP5_SL3,6743,0.06682848523461232,1.0406177454395145,31.158238172920065,49.4883582974937,9.224350205198359,3749,-0.26608040753116685,0.8486460250470604,27.634035742864764,51.800480128034145,10.271232876712329,5639,-0.06196403136525697,0.9637748819146433,30.23585742152864,51.161553466926755,5.1450729927007295,2149,-0.5308492712322073,0.7090817506271815,23.499302000930665,52.53606328524896,8.265384615384615,7242,-0.4083492364466934,0.7670551849002424,24.233637116818556,50.42805854736261,27.853846153846153
DLR_008,DEFENSIVE_LEADER_RELEASE,TP3_SL2,6743,-0.1480816270213243,0.8811996982652348,37.92080676256859,55.99881358445795,9.224350205198359,3749,-0.17952281531911532,0.8567269937924203,37.20992264603895,55.88156841824487,10.271232876712329,5639,-0.15469322209409342,0.8771229587232633,38.37559851037418,56.534846604007804,5.1450729927007295,2149,-0.27492966081566467,0.786837474373593,35.17915309446254,57.09632387156817,8.265384615384615,7242,-0.26545739068132784,0.7913499033336692,34.57608395470864,56.33802816901409,27.853846153846153
DLR_008,DEFENSIVE_LEADER_RELEASE,TP4_SL2P5,6743,-0.02354572888417198,0.9839283737168191,35.42933412427703,53.062435117900044,9.224350205198359,3749,-0.19440779291703295,0.8721784511778231,32.888770338757,54.36116297679381,10.271232876712329,5639,-0.10213941240729418,0.9322254640437112,34.598333037772655,54.54867884376663,5.1450729927007295,2149,-0.4106316781811529,0.742158913034543,29.08329455560726,56.165658445788736,8.265384615384615,7242,-0.3223180699311928,0.7902589880221802,29.48080640706987,54.15631041148854,27.853846153846153
DLR_008,DEFENSIVE_LEADER_RELEASE,TP5_SL3,6743,0.06682848523461232,1.0406177454395145,31.158238172920065,49.4883582974937,9.224350205198359,3749,-0.26608040753116685,0.8486460250470604,27.634035742864764,51.800480128034145,10.271232876712329,5639,-0.06196403136525697,0.9637748819146433,30.23585742152864,51.161553466926755,5.1450729927007295,2149,-0.5308492712322073,0.7090817506271815,23.499302000930665,52.53606328524896,8.265384615384615,7242,-0.4083492364466934,0.7670551849002424,24.233637116818556,50.42805854736261,27.853846153846153
DLR_009,DEFENSIVE_LEADER_RELEASE,TP3_SL2,4590,-0.148826281614038,0.8822469694787836,38.99782135076253,56.99346405228758,6.27906976744186,2740,-0.2458682420526521,0.8094290827825805,36.496350364963504,57.55474452554744,7.506849315068493,3877,-0.1799542823862834,0.8597883995865984,38.79288109362909,57.77663141604334,3.5374087591240877,1453,-0.2675333564345257,0.7945321320362277,35.92567102546455,58.224363386097735,5.588461538461538,4947,-0.27802954356232656,0.7850489313760708,35.213260561956744,57.67131594906003,19.026923076923076
DLR_009,DEFENSIVE_LEADER_RELEASE,TP4_SL2P5,4590,-0.012474488565871454,0.9916797603597257,37.407407407407405,54.68409586056645,6.27906976744186,2740,-0.2499791554208111,0.8398327360279778,33.13868613138686,55.802919708029194,7.506849315068493,3877,-0.11199896513701936,0.9276114049405558,36.34253288625226,56.332215630642246,3.5374087591240877,1453,-0.36574935037428763,0.7732229551843047,31.108052305574674,57.88024776324845,5.588461538461538,4947,-0.29910464577693185,0.8086756340865736,31.25126339195472,55.87224580553871,19.026923076923076
DLR_009,DEFENSIVE_LEADER_RELEASE,TP5_SL3,4590,0.06916748852572423,1.040286400860819,33.92156862745098,52.20043572984749,6.27906976744186,2740,-0.31733877524176124,0.8246106810836998,28.722627737226276,53.284671532846716,7.506849315068493,3877,-0.05193773428545213,0.9705243788483477,32.70570028372453,53.00490069641476,3.5374087591240877,1453,-0.5299843590841627,0.719014223028644,25.120440467997245,55.88437715072264,5.588461538461538,4947,-0.4001357448143426,0.778549387191343,25.955124317768348,53.14331918334344,19.026923076923076
DLR_010,DEFENSIVE_LEADER_RELEASE,TP3_SL2,4590,-0.148826281614038,0.8822469694787836,38.99782135076253,56.99346405228758,6.27906976744186,2740,-0.2458682420526521,0.8094290827825805,36.496350364963504,57.55474452554744,7.506849315068493,3877,-0.1799542823862834,0.8597883995865984,38.79288109362909,57.77663141604334,3.5374087591240877,1453,-0.2675333564345257,0.7945321320362277,35.92567102546455,58.224363386097735,5.588461538461538,4947,-0.27802954356232656,0.7850489313760708,35.213260561956744,57.67131594906003,19.026923076923076
DLR_010,DEFENSIVE_LEADER_RELEASE,TP4_SL2P5,4590,-0.012474488565871454,0.9916797603597257,37.407407407407405,54.68409586056645,6.27906976744186,2740,-0.2499791554208111,0.8398327360279778,33.13868613138686,55.802919708029194,7.506849315068493,3877,-0.11199896513701936,0.9276114049405558,36.34253288625226,56.332215630642246,3.5374087591240877,1453,-0.36574935037428763,0.7732229551843047,31.108052305574674,57.88024776324845,5.588461538461538,4947,-0.29910464577693185,0.8086756340865736,31.25126339195472,55.87224580553871,19.026923076923076
DLR_010,DEFENSIVE_LEADER_RELEASE,TP5_SL3,4590,0.06916748852572423,1.040286400860819,33.92156862745098,52.20043572984749,6.27906976744186,2740,-0.31733877524176124,0.8246106810836998,28.722627737226276,53.284671532846716,7.506849315068493,3877,-0.05193773428545213,0.9705243788483477,32.70570028372453,53.00490069641476,3.5374087591240877,1453,-0.5299843590841627,0.719014223028644,25.120440467997245,55.88437715072264,5.588461538461538,4947,-0.4001357448143426,0.778549387191343,25.955124317768348,53.14331918334344,19.026923076923076
DLR_011,DEFENSIVE_LEADER_RELEASE,TP3_SL2,3146,-0.15447337717950083,0.8798429910725732,39.98728544183089,58.16910362364908,4.303693570451436,1962,-0.3255444476893098,0.7582748610515823,36.08562691131498,60.601427115188585,5.375342465753425,2615,-0.1604554662337284,0.8757028332825084,40.07648183556405,58.393881453154876,2.385948905109489,989,-0.25844533902526523,0.801848831215584,36.602628918099086,58.442871587462086,3.8038461538461537,3291,-0.29227456261354107,0.7778687975756093,35.85536311151626,59.1005773321179,12.657692307692308
DLR_011,DEFENSIVE_LEADER_RELEASE,TP4_SL2P5,3146,-0.0009077894846620958,0.9994081318103301,39.319771137952955,56.19834710743802,4.303693570451436,1962,-0.3227703493913771,0.8018244045645633,33.58817533129459,58.56269113149847,5.375342465753425,2615,-0.06267021805886495,0.95991399780837,38.623326959847034,57.20841300191205,2.385948905109489,989,-0.31280905176164153,0.8056596812294486,32.96258847320526,58.139534883720934,3.8038461538461537,3291,-0.2679521167644581,0.8311349456963499,33.272561531449405,57.24703737465816,12.657692307692308
DLR_011,DEFENSIVE_LEADER_RELEASE,TP5_SL3,3146,0.0831469274273041,1.0468293801801407,36.52256834075016,54.48188175460903,4.303693570451436,1962,-0.3488227487386555,0.8144803464119664,30.37716615698267,55.81039755351682,5.375342465753425,2615,0.01975427716691326,1.0110639422599923,35.487571701720846,54.14913957934991,2.385948905109489,989,-0.45315201096653307,0.7607590688023775,27.401415571284126,57.0273003033367,3.8038461538461537,3291,-0.3307942368031278,0.8205985192744304,28.80583409298086,54.93770890306897,12.657692307692308
DLR_012,DEFENSIVE_LEADER_RELEASE,TP3_SL2,3145,-0.15541279637733213,0.8791506903569876,39.968203497615264,58.18759936406995,4.3023255813953485,1962,-0.3255444476893098,0.7582748610515823,36.08562691131498,60.601427115188585,5.375342465753425,2615,-0.1604554662337284,0.8757028332825084,40.07648183556405,58.393881453154876,2.385948905109489,989,-0.25844533902526523,0.801848831215584,36.602628918099086,58.442871587462086,3.8038461538461537,3291,-0.29227456261354107,0.7778687975756093,35.85536311151626,59.1005773321179,12.657692307692308
DLR_012,DEFENSIVE_LEADER_RELEASE,TP4_SL2P5,3145,-0.0021163452205872884,0.9986206061206753,39.30047694753577,56.21621621621622,4.3023255813953485,1962,-0.3227703493913771,0.8018244045645633,33.58817533129459,58.56269113149847,5.375342465753425,2615,-0.06267021805886495,0.95991399780837,38.623326959847034,57.20841300191205,2.385948905109489,989,-0.31280905176164153,0.8056596812294486,32.96258847320526,58.139534883720934,3.8038461538461537,3291,-0.2679521167644581,0.8311349456963499,33.272561531449405,57.24703737465816,12.657692307692308
DLR_012,DEFENSIVE_LEADER_RELEASE,TP5_SL3,3145,0.08164713312759897,1.0459700605683453,36.50238473767885,54.49920508744038,4.3023255813953485,1962,-0.3488227487386555,0.8144803464119664,30.37716615698267,55.81039755351682,5.375342465753425,2615,0.01975427716691326,1.0110639422599923,35.487571701720846,54.14913957934991,2.385948905109489,989,-0.45315201096653307,0.7607590688023775,27.401415571284126,57.0273003033367,3.8038461538461537,3291,-0.3307942368031278,0.8205985192744304,28.80583409298086,54.93770890306897,12.657692307692308
MLC_013,MARKET_LAG_CATCHUP,TP3_SL2,11360,-0.06442435424451343,0.9453565588028106,38.11619718309859,52.22711267605634,15.540355677154583,5399,-0.29277838944953505,0.7738020707666579,34.52491202074458,57.603259862937584,14.791780821917808,8578,-0.09063389857802245,0.9248094122007764,38.4355327582187,53.62555374213104,7.826642335766423,2595,-0.17882587122692822,0.8536943125767588,35.83815028901734,53.52601156069364,9.98076923076923,8651,-0.17288183861373024,0.8573436964932512,35.39475205178592,52.872500288983936,33.27307692307692
MLC_013,MARKET_LAG_CATCHUP,TP4_SL2P5,11360,-0.05727295514287774,0.9592678205460711,32.42077464788732,49.31338028169014,15.540355677154583,5399,-0.24090244775867856,0.8410723425610958,30.709390627894056,54.02852380070383,14.791780821917808,8578,-0.10348918036308183,0.9284752237308574,32.14035905805549,51.24737701095826,7.826642335766423,2595,-0.15977980031719846,0.8879334796857968,30.520231213872833,48.786127167630056,9.98076923076923,8651,-0.15617831265715135,0.8900591120677375,30.41266905560051,48.75736909027858,33.27307692307692
MLC_013,MARKET_LAG_CATCHUP,TP5_SL3,11360,-0.03891537360050244,0.9753748605424011,27.702464788732396,45.42253521126761,15.540355677154583,5399,-0.24567781241228076,0.8562636186300646,26.319688831265047,49.87960733469161,14.791780821917808,8578,-0.09446486344975376,0.9420204779534209,27.24411284681744,47.21380275122406,7.826642335766423,2595,-0.15659015487558742,0.9007626013602431,25.934489402697498,43.62235067437379,9.98076923076923,8651,-0.15358083416188942,0.9023313038338141,25.5346202751127,43.47474280430008,33.27307692307692
MLC_014,MARKET_LAG_CATCHUP,TP3_SL2,8160,-0.07385694815320518,0.9392967937584962,39.77941176470588,54.49754901960784,11.162790697674419,3714,-0.27065768918588073,0.7937841449079381,36.40280021540118,58.939149165320416,10.175342465753424,6261,-0.09331491233948576,0.9241089705296278,39.77000479156684,55.00718735026353,5.712591240875913,1816,-0.17769881091182974,0.8578947739114059,37.22466960352423,55.451541850220266,6.984615384615385,6098,-0.16122473048952596,0.8696001932829128,37.09412922269596,54.722859954083305,23.453846153846154
MLC_014,MARKET_LAG_CATCHUP,TP4_SL2P5,8160,-0.05341208167168542,0.9635219188299207,34.86519607843137,52.31617647058824,11.162790697674419,3714,-0.2052326729015129,0.8677988530687841,33.41410877759828,55.97738287560582,10.175342465753424,6261,-0.0864162784081132,0.9418983410634951,34.65900015971889,53.26625139754033,5.712591240875913,1816,-0.1784544377842351,0.8801662462882024,32.213656387665196,52.31277533039648,6.984615384615385,6098,-0.14377830527300034,0.9022809446601097,32.61725155788783,51.590685470646115,23.453846153846154
MLC_014,MARKET_LAG_CATCHUP,TP5_SL3,8160,-0.041589441661646624,0.9750596805110472,30.26960784313725,49.10539215686274,11.162790697674419,3714,-0.20515950082674503,0.8844964357285057,29.375336564351105,52.8002154011847,10.175342465753424,6261,-0.0676159299290889,0.9599320227232244,30.05909599105574,49.70452004472129,5.712591240875913,1816,-0.18950432377794005,0.8870501169290508,27.75330396475771,47.68722466960352,6.984615384615385,6098,-0.15110989644557768,0.9085764227511564,27.861593965234505,46.91702197441784,23.453846153846154
MLC_015,MARKET_LAG_CATCHUP,TP3_SL2,4660,-0.06149921645421087,0.9489321244912384,39.742489270386265,53.90557939914164,6.374829001367989,1769,-0.3843630050576845,0.7159359878872538,33.74788015828151,60.768795929903895,4.846575342465753,3227,-0.1385022767292748,0.8891524969203145,38.64270220018593,55.93430430740626,2.9443430656934306,957,-0.34192435252112885,0.7381999776904494,33.01985370950889,57.88923719958202,3.6807692307692306,3329,-0.2059437882288734,0.8347032200379444,35.596275157705016,55.06158005407029,12.803846153846154
MLC_015,MARKET_LAG_CATCHUP,TP4_SL2P5,4660,-0.0704996874269312,0.9522026346614562,34.97854077253219,52.961373390557945,6.374829001367989,1769,-0.30776982955091275,0.8060157360088822,31.373657433578295,57.320520067834934,4.846575342465753,3227,-0.13553876754017435,0.9106288188234835,34.02541059807871,54.78772854044004,2.9443430656934306,957,-0.21839725512674601,0.8543321277553791,31.452455590386624,52.14211076280042,3.6807692307692306,3329,-0.1470915424070455,0.8988624853385166,32.02162811655151,50.7059176930009,12.803846153846154
MLC_015,MARKET_LAG_CATCHUP,TP5_SL3,4660,-0.0980010345732147,0.9425161658749895,30.300429184549355,50.5793991416309,6.374829001367989,1769,-0.3161898833408259,0.8270477432355788,28.3776144714528,54.83323911814585,4.846575342465753,3227,-0.15887261762194568,0.9091382909319184,29.748992872637125,52.18469166408429,2.9443430656934306,957,-0.12966933639017925,0.9210336208024706,28.526645768025077,46.499477533960295,3.6807692307692306,3329,-0.11018071302549237,0.9320201880533645,28.326824872334033,45.95974767197357,12.803846153846154
MLC_016,MARKET_LAG_CATCHUP,TP3_SL2,3713,-0.06595474816633633,0.9462979118762285,40.883382709399406,55.34608133584702,5.079343365253078,1348,-0.34931843779181515,0.7430557072265119,35.459940652818986,61.275964391691396,3.6931506849315068,2579,-0.13614007079848375,0.892067779071061,39.58898797983715,56.64986428848391,2.353102189781022,741,-0.32898303208050217,0.751521772518219,34.54790823211876,59.10931174089069,2.85,2584,-0.2219746509343605,0.8261747891780703,36.53250773993808,56.965944272445824,9.938461538461539
MLC_016,MARKET_LAG_CATCHUP,TP4_SL2P5,3713,-0.07575861301696839,0.9499303056170316,36.22407756531107,54.78050094263399,5.079343365253078,1348,-0.31641096839852695,0.806811033170186,33.6053412462908,59.42136498516321,3.6931506849315068,2579,-0.13897912034264398,0.9100072766299372,35.40131834044203,56.0294687863513,2.353102189781022,741,-0.23252841026139165,0.8499653422594067,32.928475033738195,54.92577597840756,2.85,2584,-0.17929499352370082,0.8816314690535547,33.204334365325074,53.71517027863777,9.938461538461539
MLC_016,MARKET_LAG_CATCHUP,TP5_SL3,3713,-0.10735558357189867,0.9391152721594848,31.834096417990843,53.00296256396445,5.079343365253078,1348,-0.2984628347295416,0.842781671099894,31.305637982195844,57.418397626112764,3.6931506849315068,2579,-0.14915960409841436,0.916527215684562,31.485071733229937,53.586661496704146,2.353102189781022,741,-0.09641809093654752,0.9430976753185512,30.49932523616734,48.717948717948715,2.85,2584,-0.11444965899741427,0.9321776278125037,29.992260061919506,48.72291021671827,9.938461538461539
MLC_017,MARKET_LAG_CATCHUP,TP3_SL2,1811,-0.12054222991182942,0.9043041164730927,40.03313086692435,56.81943677526229,2.4774281805745555,577,-0.36131596597638627,0.7348606500415752,35.35528596187175,61.52512998266898,1.5808219178082192,1154,-0.14614734127892537,0.884826231474621,39.34142114384749,57.27902946273831,1.052919708029197,311,-0.3445327160968249,0.7403517157670363,34.40514469453376,58.842443729903536,1.1961538461538461,1161,-0.25961851025476046,0.799473243944347,35.83118001722653,57.53660637381568,4.4653846153846155
MLC_017,MARKET_LAG_CATCHUP,TP4_SL2P5,1811,-0.067109193704742,0.9562455449040187,37.382661512976256,55.71507454445058,2.4774281805745555,577,-0.33067452236726347,0.7979583818024725,32.582322357019066,59.79202772963605,1.5808219178082192,1154,-0.1505713178433283,0.9038570145580244,35.78856152512998,57.19237435008665,1.052919708029197,311,-0.2768824930290251,0.8236578481067052,32.154340836012864,55.62700964630225,1.1961538461538461,1161,-0.22304895669599326,0.8564631309596805,33.0749354005168,55.55555555555556,4.4653846153846155
MLC_017,MARKET_LAG_CATCHUP,TP5_SL3,1811,-0.14710776298062836,0.9195381909317116,32.63390392048592,55.43898398674766,2.4774281805745555,577,-0.22038825879203677,0.8809554067048991,31.88908145580589,56.32582322357019,1.5808219178082192,1154,-0.20594831605225133,0.8884426203568696,32.06239168110919,56.06585788561526,1.052919708029197,311,-0.12997853003567605,0.9249907703807528,31.511254019292608,50.160771704180064,1.1961538461538461,1161,-0.17303172960472032,0.9013189235705715,30.23255813953488,51.50732127476314,4.4653846153846155
MLC_018,MARKET_LAG_CATCHUP,TP3_SL2,1594,-0.13260195617012707,0.8955382332833677,40.08782936010037,57.40276035131744,2.180574555403557,490,-0.4126924485160474,0.7056851163225335,35.10204081632653,63.469387755102034,1.3424657534246576,1017,-0.1223384034698583,0.9033337540916423,40.41297935103245,57.227138643067846,0.9279197080291971,268,-0.2788177521410494,0.787738161906753,36.56716417910448,58.582089552238806,1.0307692307692307,983,-0.20454020724785632,0.8409133994998433,37.741607324516785,57.68056968463886,3.7807692307692307
MLC_018,MARKET_LAG_CATCHUP,TP4_SL2P5,1594,-0.016410589217559394,0.9892450325350151,38.707653701380174,55.520702634880806,2.180574555403557,490,-0.34703384876073196,0.794080636572355,34.48979591836735,61.63265306122449,1.3424657534246576,1017,-0.1320281602097262,0.916161638195402,37.06981317600786,57.71878072763028,0.9279197080291971,268,-0.2086797469572038,0.8670890649439972,34.32835820895522,56.343283582089555,1.0307692307692307,983,-0.18068920309503714,0.8841975654600963,34.48626653102747,56.358087487283825,3.7807692307692307
MLC_018,MARKET_LAG_CATCHUP,TP5_SL3,1594,-0.08087189934843386,0.9556364356617533,34.19071518193225,55.395232120451695,2.180574555403557,490,-0.23340447677570927,0.8781516040628968,33.87755102040816,58.36734693877551,1.3424657534246576,1017,-0.1679761584737468,0.909581594031311,33.52999016715831,56.63716814159292,0.9279197080291971,268,-0.044062391109445584,0.9747952317796246,33.582089552238806,51.11940298507462,1.0307692307692307,983,-0.0843114143872466,0.9521024255551447,32.3499491353001,52.39064089521872,3.7807692307692307
MLC_019,MARKET_LAG_CATCHUP,TP3_SL2,4124,-0.093198951782492,0.9224072475604173,38.16682832201746,53.467507274490785,5.641586867305062,1084,-0.4871613222241531,0.6500330346701468,31.365313653136536,62.63837638376384,2.96986301369863,2721,-0.08642974548653418,0.9294230311371603,39.58103638368247,54.906284454244755,2.4826642335766422,756,-0.10760998566317678,0.9113427179703095,38.22751322751323,53.96825396825397,2.9076923076923076,2554,-0.022183955977981343,0.9809829250989152,39.27173061863743,51.4095536413469,9.823076923076924
MLC_019,MARKET_LAG_CATCHUP,TP4_SL2P5,4124,-0.11020076866826853,0.9237278298288237,32.49272550921435,51.06692531522793,5.641586867305062,1084,-0.43770153340273266,0.7281502712002691,27.121771217712176,58.210332103321036,2.96986301369863,2721,-0.15117806564517774,0.8994990065769005,32.81881661153987,54.097758177140754,2.4826642335766422,756,-0.016210269204649606,0.9885476316711179,34.39153439153439,49.074074074074076,2.9076923076923076,2554,0.08727030056647084,1.0641896859247038,35.23884103367267,47.45497259201253,9.823076923076924
MLC_019,MARKET_LAG_CATCHUP,TP5_SL3,4124,-0.11184171656571593,0.9319225829303391,28.27352085354025,47.6721629485936,5.641586867305062,1084,-0.5246788954103414,0.716471232505641,22.601476014760145,55.25830258302583,2.96986301369863,2721,-0.17982108812002184,0.8955989395740362,28.335170893054023,50.900404263138554,2.4826642335766422,756,0.13672596156011552,1.0897496334393564,31.216931216931215,42.98941798941799,2.9076923076923076,2554,0.2516476125776328,1.1710360124083439,32.26311667971809,41.62098668754894,9.823076923076924
MLC_020,MARKET_LAG_CATCHUP,TP3_SL2,3121,-0.13054200952251938,0.8952090194850013,38.86574815764178,55.97564883050305,4.269493844049248,781,-0.5892308886414862,0.5944299129590855,30.089628681177977,65.81306017925736,2.1397260273972605,2092,-0.18274916036495875,0.8574991321059711,38.766730401529635,57.74378585086042,1.9087591240875912,521,-0.030560278600133117,0.9743558526787376,40.30710172744721,53.550863723608444,2.003846153846154,1819,0.06433434010910577,1.056244873619593,41.671247938427705,50.90709180868609,6.996153846153846
MLC_020,MARKET_LAG_CATCHUP,TP4_SL2P5,3121,-0.13760008945757657,0.9088294791003998,34.18776033322653,54.11727010573534,4.269493844049248,781,-0.6450587695016274,0.6284580334853168,26.376440460947503,63.38028169014085,2.1397260273972605,2092,-0.22586825426080703,0.8563163854442907,33.69980879541109,56.93116634799236,1.9087591240875912,521,-0.02195196068179227,0.9848792834968806,35.31669865642994,52.01535508637236,2.003846153846154,1819,0.16809030941128203,1.1232835991422623,37.7130291368884,48.543155579989005,6.996153846153846
MLC_020,MARKET_LAG_CATCHUP,TP5_SL3,3121,-0.15449071777067022,0.9111239984972218,30.118551746235184,51.45786606856777,4.269493844049248,781,-0.8309802115152574,0.595959426564265,22.279129321382843,62.740076824583866,2.1397260273972605,2092,-0.2548624256493642,0.859825291009662,30.019120458891013,54.49330783938815,1.9087591240875912,521,0.1960345240022234,1.1255668039339852,33.20537428023032,45.489443378119006,2.003846153846154,1819,0.3613875244360021,1.2435995024817073,34.909290819131385,42.93567894447499,6.996153846153846
MLC_021,MARKET_LAG_CATCHUP,TP3_SL2,2206,-0.14408085656111697,0.8838595268426528,38.123300090661836,55.439709882139624,3.017783857729138,455,-0.5127619883742576,0.6305135773682774,30.10989010989011,62.417582417582416,1.2465753424657535,1398,-0.20561432189030318,0.8404513335072675,37.839771101573675,57.93991416309014,1.2755474452554745,359,0.002257570120517998,1.0019783238335758,39.27576601671309,50.69637883008357,1.3807692307692307,1235,0.032781569130165826,1.0291052405659906,39.59514170040486,49.635627530364374,4.75
MLC_021,MARKET_LAG_CATCHUP,TP4_SL2P5,2206,-0.12023738865434962,0.9191922574010554,34.04351767905712,53.173164097914785,3.017783857729138,455,-0.47036188255545225,0.7055595847569411,24.835164835164836,58.02197802197803,1.2465753424657535,1398,-0.21611302151474304,0.8621497373037664,33.261802575107296,56.938483547925614,1.2755474452554745,359,0.14781492733088977,1.11075191837695,36.211699164345404,45.96100278551532,1.3807692307692307,1235,0.15502656670673634,1.1175098731339193,35.87044534412955,46.15384615384615,4.75
MLC_021,MARKET_LAG_CATCHUP,TP5_SL3,2206,-0.1793553806072981,0.8963989180353512,29.32910244786945,50.951949229374435,3.017783857729138,455,-0.4795224652673967,0.7340200937252197,21.53846153846154,53.84615384615385,1.2465753424657535,1398,-0.2787307536649995,0.8467072732686981,28.82689556509299,54.434907010014314,1.2755474452554745,359,0.42283410804490246,1.2985057545178051,35.097493036211695,39.83286908077994,1.3807692307692307,1235,0.34431442335250456,1.2382987180737794,33.927125506072876,41.29554655870445,4.75
MLC_022,MARKET_LAG_CATCHUP,TP3_SL2,1771,-0.19247726916776828,0.8502339827426858,38.45285149632976,57.93337097684924,2.4227086183310536,331,-0.5786139083966977,0.6003803170974138,30.211480362537763,65.55891238670695,0.9068493150684932,1095,-0.27998854379717186,0.7904528882059376,37.44292237442922,60.36529680365297,0.9990875912408759,252,0.09573640430084235,1.0852414634867413,42.46031746031746,50.0,0.9692307692307692,903,0.10592221469475877,1.0944245227570435,42.414174972314505,49.72314507198228,3.473076923076923
MLC_022,MARKET_LAG_CATCHUP,TP4_SL2P5,1771,-0.1624489074293903,0.8950338013457544,35.00846979107849,55.90062111801242,2.4227086183310536,331,-0.7574469633438633,0.5768655992710315,25.377643504531722,65.55891238670695,0.9068493150684932,1095,-0.29054049969908147,0.8216417513625562,33.97260273972603,59.54337899543379,0.9990875912408759,252,0.16085272055615393,1.1161477472061232,38.095238095238095,49.60317460317461,0.9692307692307692,903,0.22611785885025862,1.167993225300396,38.87043189368771,47.95127353266888,3.473076923076923
MLC_022,MARKET_LAG_CATCHUP,TP5_SL3,1771,-0.2432234220820272,0.8667375886468148,30.660643704121966,54.71485036702428,2.4227086183310536,331,-0.8424260729009372,0.5933194055974854,22.658610271903324,63.141993957703924,0.9068493150684932,1095,-0.35862103905478304,0.8120313867315646,30.319634703196346,57.716894977168955,0.9990875912408759,252,0.5558667980487718,1.384337870024447,38.095238095238095,42.06349206349206,0.9692307692307692,903,0.4662520457769241,1.31658133323797,37.2093023255814,42.967884828349945,3.473076923076923
MLC_023,MARKET_LAG_CATCHUP,TP3_SL2,954,-0.1504229822393255,0.8812653815330567,39.098532494758906,56.91823899371069,1.305061559507524,166,-0.48614344728998793,0.6458977665425351,30.72289156626506,61.44578313253012,0.4547945205479452,551,-0.34575197392614804,0.7451112018187002,35.39019963702359,61.34301270417423,0.5027372262773723,137,-0.10917959180645649,0.907691540488526,37.22627737226277,52.55474452554745,0.5269230769230769,463,-0.040615380600105035,0.9650433769211955,38.44492440604751,50.75593952483801,1.7807692307692307
MLC_023,MARKET_LAG_CATCHUP,TP4_SL2P5,954,-0.05669237323257021,0.9625932911572761,37.10691823899371,54.71698113207547,1.305061559507524,166,-0.665107280079928,0.6041308516279904,22.289156626506024,61.44578313253012,0.4547945205479452,551,-0.4246847564277192,0.748080232373942,31.76043557168784,61.88747731397459,0.5027372262773723,137,-0.02581886227510107,0.9816083479480651,33.57664233576642,49.63503649635037,0.5269230769230769,463,-0.021864114366367142,0.9846426300027169,34.12526997840173,50.323974082073434,1.7807692307692307
MLC_023,MARKET_LAG_CATCHUP,TP5_SL3,954,-0.11461819363634028,0.9364349054626849,32.80922431865828,54.40251572327044,1.305061559507524,166,-0.7455619919240295,0.6116060931710545,19.879518072289155,57.831325301204814,0.4547945205479452,551,-0.5865993549329886,0.7084103008873777,27.949183303085302,61.16152450090744,0.5027372262773723,137,0.45303843469747035,1.3174870467752537,36.496350364963504,40.87591240875913,0.5269230769230769,463,0.12505227767483848,1.078582644012363,32.6133909287257,46.220302375809936,1.7807692307692307
MLC_024,MARKET_LAG_CATCHUP,TP3_SL2,828,-0.18386977292573742,0.8574652418332054,39.009661835748794,58.212560386473434,1.1326949384404925,123,-0.5953363527363518,0.5918396781394734,30.081300813008134,65.85365853658537,0.336986301369863,473,-0.4106977994027311,0.7058648534223847,35.095137420718814,63.424947145877375,0.43156934306569344,108,0.08148969052766972,1.0725738894457342,42.592592592592595,50.0,0.4153846153846154,362,0.14756024046640545,1.1329141797448226,43.92265193370166,49.171270718232044,1.3923076923076922
MLC_024,MARKET_LAG_CATCHUP,TP4_SL2P5,828,-0.010784135429094514,0.9929010189615648,38.768115942028984,55.072463768115945,1.1326949384404925,123,-0.7695087048920759,0.5748110488522676,26.01626016260163,66.66666666666666,0.336986301369863,473,-0.5181777629247096,0.7040073361259965,31.92389006342495,64.69344608879493,0.43156934306569344,108,0.04875248857707207,1.0345973839340277,36.11111111111111,50.92592592592593,0.4153846153846154,362,0.13722793828899627,1.0977272487046343,38.12154696132597,50.552486187845304,1.3923076923076922
MLC_024,MARKET_LAG_CATCHUP,TP5_SL3,828,-0.09933409849650597,0.9458984167739393,34.29951690821256,55.67632850241546,1.1326949384404925,123,-0.9742196925048034,0.5467834152489964,22.76422764227642,65.04065040650406,0.336986301369863,473,-0.6864632854451892,0.6728544262362933,28.541226215644823,64.2706131078224,0.43156934306569344,108,0.6314753442398947,1.4411662336769082,39.81481481481482,41.66666666666667,0.4153846153846154,362,0.3611243947407384,1.2301731833398897,37.01657458563536,46.408839779005525,1.3923076923076922
RCR_025,RELATIVE_COMPRESSION_RELEASE,TP3_SL2,43381,-0.1986455230260833,0.8350850284562237,33.60687858740001,52.68435490191558,59.34473324213406,31377,-0.24717289387094352,0.8017927863884949,33.467189342512036,55.10087006405966,85.96438356164384,40078,-0.23052874089071881,0.8133349393812851,33.76915015719347,54.3839512949748,36.56751824817518,11247,-0.25106470885065174,0.7941653647795368,32.426424824397614,53.01858273317329,43.25769230769231,36548,-0.2385338984008181,0.8036027425722485,32.661157929298454,52.84283681733611,140.56923076923076
RCR_025,RELATIVE_COMPRESSION_RELEASE,TP4_SL2P5,43381,-0.17590862897576048,0.8739674205129943,28.053756252737372,48.28842119822042,59.34473324213406,31377,-0.2633909216310089,0.8204932379566653,27.583899034324507,51.60467858622558,85.96438356164384,40078,-0.23905072691410068,0.834426663749138,27.673536603622935,50.42417286291732,36.56751824817518,11247,-0.27834195684508184,0.8034855893678698,26.31812927891882,48.1817373521828,43.25769230769231,36548,-0.2524919670284561,0.8203505109494668,26.59789865382511,47.81383386231804,140.56923076923076
RCR_025,RELATIVE_COMPRESSION_RELEASE,TP5_SL3,43381,-0.18054474232953827,0.8833335502990475,22.816440377123627,43.56976556557018,59.34473324213406,31377,-0.31352701173295733,0.8097580606362708,22.15954361474966,47.42008477547248,85.96438356164384,40078,-0.25802167376268886,0.8392157614161599,22.41878337242377,45.54618493936823,36.56751824817518,11247,-0.25953603610093456,0.8307288890647769,21.490175157819863,41.762247710500574,43.25769230769231,36548,-0.2365182971803317,0.8453915091467837,21.91091167779359,41.76425522600416,140.56923076923076
RCR_026,RELATIVE_COMPRESSION_RELEASE,TP3_SL2,39318,-0.19895006323056394,0.8349531863239964,33.67923088661682,52.74429014700645,53.78659370725034,28121,-0.2586924308714812,0.7935478231757427,33.32029444187618,55.39632303260908,77.04383561643836,36039,-0.234126463793716,0.8106855164325268,33.74954909958656,54.45489608479702,32.88229927007299,10346,-0.24259182469589227,0.8008368135021919,32.72762420259037,52.92866808428378,39.792307692307695,33594,-0.23783189663700677,0.8042757543194173,32.737988926594035,52.875513484550815,129.2076923076923
RCR_026,RELATIVE_COMPRESSION_RELEASE,TP4_SL2P5,39318,-0.17564525718630464,0.8743705739227826,28.228801058039576,48.36716007935296,53.78659370725034,28121,-0.27862200453102326,0.8111573766965864,27.47768571530173,51.93983144269407,77.04383561643836,36039,-0.24238906267660065,0.8324928930586287,27.753267293765088,50.53414356669164,32.88229927007299,10346,-0.2687964483798573,0.8099448381676225,26.53199304078871,48.0185578967717,39.792307692307695,33594,-0.25020985375427435,0.8220869997176403,26.75477763886408,47.78531880692981,129.2076923076923
RCR_026,RELATIVE_COMPRESSION_RELEASE,TP5_SL3,39318,-0.18118575370277984,0.8833425860693968,23.096291774759653,43.73315021109924,53.78659370725034,28121,-0.3310642341656533,0.8003998309955175,22.10447708118488,47.75079122364069,77.04383561643836,36039,-0.263456537495145,0.8362452686637343,22.50062432364938,45.68939204750409,32.88229927007299,10346,-0.2489452917664032,0.8374422909450158,21.660545138217667,41.64894645273536,39.792307692307695,33594,-0.23778759189929802,0.8448879982165407,22.00392927308448,41.799130797166164,129.2076923076923
RCR_027,RELATIVE_COMPRESSION_RELEASE,TP3_SL2,32086,-0.19214085195070946,0.8402618898556509,33.83407093436389,52.63978058966528,43.89329685362517,23857,-0.24618658696928597,0.8017650315753753,33.38642746363751,54.74703441337972,65.36164383561643,30192,-0.21824011518749362,0.8224554520372966,34.07525172231055,54.12692103868575,27.547445255474454,8281,-0.255879200778311,0.7913851075511454,32.49607535321821,53.32689288733244,31.85,26845,-0.24826752143973718,0.7964015425932864,32.45297075805551,53.063885267275104,103.25
RCR_027,RELATIVE_COMPRESSION_RELEASE,TP4_SL2P5,32086,-0.1624481918402342,0.8831632784593647,28.317646325500217,48.092626067443746,43.89329685362517,23857,-0.2623236419820392,0.8204560083383422,27.484595716142014,51.21348032024143,65.36164383561643,30192,-0.2281875077262515,0.8410181527709114,27.772257551669316,50.142421833598306,27.547445255474454,8281,-0.2719930812263128,0.8089002775056179,26.784204806182828,48.44825504166164,31.85,26845,-0.2444094896482993,0.8260895540800952,26.876513317191282,47.85621158502514,103.25
RCR_027,RELATIVE_COMPRESSION_RELEASE,TP5_SL3,32086,-0.16878775987921996,0.8906080756920328,23.075484635043324,43.40210683787322,43.89329685362517,23857,-0.30860149746459226,0.8116272417786119,22.064802783250197,46.9589638261307,65.36164383561643,30192,-0.2419733870015254,0.8480911133466574,22.568892421833596,45.21727609962904,27.547445255474454,8281,-0.2692020738913959,0.8264370223770323,21.72442941673711,42.3258060620698,31.85,26845,-0.234971684215344,0.847151429581273,22.20152728627305,42.022723039672194,103.25
RCR_028,RELATIVE_COMPRESSION_RELEASE,TP3_SL2,29359,-0.19513170201918548,0.838047515058177,33.846520658060555,52.76746483190844,40.16279069767442,21540,-0.2448131814258482,0.8029288811124726,33.48653667595172,54.79108635097493,59.013698630136986,27343,-0.23062468390884133,0.8132685196585836,33.877043484621296,54.35760523717222,24.947992700729927,7662,-0.25226603947692255,0.7944870093305191,32.732967893500394,53.35421560950143,29.46923076923077,24836,-0.25097964079480306,0.7945898568080799,32.48912868416814,53.18489289740699,95.52307692307693
RCR_028,RELATIVE_COMPRESSION_RELEASE,TP4_SL2P5,29359,-0.16239162672350238,0.8834431479949542,28.519363738546954,48.220307231172725,40.16279069767442,21540,-0.2643870588919546,0.8192566616521049,27.520891364902507,51.29990714948932,59.013698630136986,27343,-0.23868517752448468,0.8344674349565053,27.765790147386898,50.33098050689391,24.947992700729927,7662,-0.2609282087631298,0.8164529577518117,27.068650482902633,48.290263638736626,29.46923076923077,24836,-0.2441945642769015,0.8263890893311181,26.980995329360606,47.8257368336286,95.52307692307693
RCR_028,RELATIVE_COMPRESSION_RELEASE,TP5_SL3,29359,-0.17094911554926503,0.8896425637522741,23.342075683776695,43.60502741919003,40.16279069767442,21540,-0.30854756868071626,0.8119514931127001,22.186629526462394,47.04735376044568,59.013698630136986,27343,-0.24832611645738803,0.8446679148722746,22.693193870460444,45.364444281900305,24.947992700729927,7662,-0.2546809820523141,0.8355114007832178,21.965544244322633,42.1430435917515,29.46923076923077,24836,-0.23563375405770834,0.8468197871390888,22.229827669511998,41.97938476405218,95.52307692307693
RCR_029,RELATIVE_COMPRESSION_RELEASE,TP3_SL2,66117,-0.20248889385116758,0.8328432934758362,33.7991741912065,53.09829544595187,90.44733242134063,49792,-0.2332883946144339,0.8129396385393982,34.08178020565553,55.22373071979434,136.41643835616438,62666,-0.22802537058830688,0.8158402022524287,34.012063958127214,54.613346950499476,57.17700729927007,18629,-0.23291519776273228,0.8082570646784477,32.93789253314724,52.64909549626926,71.65,59398,-0.22597784150049435,0.8137695261269856,33.14926428499276,52.742516583049934,228.45384615384614
RCR_029,RELATIVE_COMPRESSION_RELEASE,TP4_SL2P5,66117,-0.18114993205791366,0.8711647364911419,28.26050788753271,48.81649197634496,90.44733242134063,49792,-0.23720598421889647,0.8379579288606882,28.24349293059126,51.55848329048843,136.41643835616438,62666,-0.23398015502854774,0.838698993054419,28.12051192033958,50.778731688634984,57.17700729927007,18629,-0.26021297587089687,0.8154407708774462,26.523162810671536,47.860862096730905,71.65,59398,-0.23650635468175402,0.8315492649515478,27.000909121519246,47.733930435368194,228.45384615384614
RCR_029,RELATIVE_COMPRESSION_RELEASE,TP5_SL3,66117,-0.17962048228206884,0.8848417806350455,23.17255773855438,44.12480905062238,90.44733242134063,49792,-0.27818461850125736,0.8306298525908739,22.742609254498714,47.32687982005142,136.41643835616438,62666,-0.2447825309616983,0.848060523787056,22.88960520856605,45.932403536207836,57.17700729927007,18629,-0.2504954421962692,0.8365821151257408,21.632937892533146,41.564227816844706,71.65,59398,-0.2259112220800996,0.8524167384823484,22.128691201723964,41.715209266305266,228.45384615384614
RCR_030,RELATIVE_COMPRESSION_RELEASE,TP3_SL2,60792,-0.2024316979841969,0.8330034892694117,33.881102776681146,53.13199105145414,83.16279069767442,45438,-0.23827972060989913,0.8093063830544313,34.059597693560455,55.34354505039835,124.4876712328767,57360,-0.22689315453745804,0.8167343801681487,34.091701534170156,54.61645746164575,52.33576642335766,17301,-0.23475622621687256,0.8072311626621758,33.0154326339518,52.75995607190336,66.54230769230769,55282,-0.22933102252843515,0.8114641496440528,33.16811982200355,52.86711768749321,212.62307692307692
RCR_030,RELATIVE_COMPRESSION_RELEASE,TP4_SL2P5,60792,-0.17720127356573698,0.8740633415316066,28.487300960652718,48.83043821555468,83.16279069767442,45438,-0.24612307704507308,0.8324558590156662,28.2274748008275,51.79145208856024,124.4876712328767,57360,-0.23067257019463636,0.840984418304584,28.267085076708508,50.81241283124128,52.33576642335766,17301,-0.26205784049667286,0.8146090961091007,26.622738570024858,47.94520547945205,66.54230769230769,55282,-0.23918969018810798,0.8301172894490211,27.11732571180493,47.841973879382074,212.62307692307692
RCR_030,RELATIVE_COMPRESSION_RELEASE,TP5_SL3,60792,-0.1724628573280961,0.8896000545482317,23.53105671798921,44.183445190156604,83.16279069767442,45438,-0.29425270445604096,0.8219587943779872,22.694660856551785,47.67595404727321,124.4876712328767,57360,-0.23896735812593234,0.8516232769799789,23.09797768479777,45.9292189679219,52.33576642335766,17301,-0.25051748500963017,0.8368368254709047,21.69238772325299,41.59875151725334,66.54230769230769,55282,-0.22985926008595875,0.8503230962668452,22.216996490720305,41.805651025650306,212.62307692307692
RCR_031,RELATIVE_COMPRESSION_RELEASE,TP3_SL2,50924,-0.19327390250850937,0.840075561471484,34.07234309952085,52.97894902207211,69.66347469220246,38990,-0.2386111019964902,0.8086400164665086,33.98820210310336,55.1115670684791,106.82191780821918,48620,-0.21568315846587133,0.8250797808130518,34.31509666803784,54.391197038255854,44.36131386861314,14232,-0.22272388319189657,0.8168452425219326,33.354412591343454,52.76138279932546,54.738461538461536,45470,-0.2270287839743809,0.8133496206691403,33.20211128216407,52.918407741367936,174.8846153846154
RCR_031,RELATIVE_COMPRESSION_RELEASE,TP4_SL2P5,50924,-0.16426225762477786,0.8827856669932587,28.664284031105176,48.643075956327074,69.66347469220246,38990,-0.24336230511296994,0.8336476309006762,28.12516029751218,51.420877147986666,106.82191780821918,48620,-0.21185223587138555,0.8528233806403458,28.480049362402305,50.394899218428634,44.36131386861314,14232,-0.2525669313611109,0.821750846577057,26.97442383361439,48.109893198426086,54.738461538461536,45470,-0.22874394107597668,0.8374137680504471,27.385089069716294,47.915108862986585,174.8846153846154
RCR_031,RELATIVE_COMPRESSION_RELEASE,TP5_SL3,50924,-0.1614142264741953,0.8961304728267082,23.558636399340195,43.90856963317886,69.66347469220246,38990,-0.27948830340978487,0.8293676344188518,22.64426776096435,47.03513721467043,106.82191780821918,48620,-0.2137015097674615,0.8661205589182671,23.296997120526534,45.452488687782804,44.36131386861314,14232,-0.247849228519886,0.8398362789932173,22.133220910623947,42.07419898819562,54.738461538461536,45470,-0.2212566169101143,0.8562576009714002,22.553331867165163,42.05410160545415,174.8846153846154
RCR_032,RELATIVE_COMPRESSION_RELEASE,TP3_SL2,47238,-0.1942821075509717,0.8394461081502705,34.14835513781278,53.05897794148778,64.62106703146375,35796,-0.23650824516961197,0.810249298415517,34.08760755391664,55.10392222594703,98.07123287671233,44889,-0.2226559724992398,0.81994566892815,34.231103388357944,54.54342934794716,40.957116788321166,13289,-0.22951593085697847,0.8121453951878975,33.36594175633983,52.99872074648205,51.11153846153846,42584,-0.23090814197268808,0.8107313608717689,33.25192560586135,53.08801427766298,163.7846153846154
RCR_032,RELATIVE_COMPRESSION_RELEASE,TP4_SL2P5,47238,-0.16364187884891648,0.8834495082002275,28.83695330030907,48.74888860663025,64.62106703146375,35796,-0.24595188781511382,0.8321561517548737,28.173538942898645,51.53369091518606,98.07123287671233,44889,-0.21799961622006908,0.8489258293508639,28.472454276103278,50.517944262514206,40.957116788321166,13289,-0.25340972894543723,0.821509608370093,27.082549477011064,48.13003235758898,51.11153846153846,42584,-0.2328457644247632,0.8350133739906431,27.470411422130375,48.04151794101071,163.7846153846154
RCR_032,RELATIVE_COMPRESSION_RELEASE,TP5_SL3,47238,-0.16026402424603117,0.8971672732222827,23.804987510055465,44.059867056183585,64.62106703146375,35796,-0.28224934227332044,0.828146811674188,22.742764554698848,47.20639177561739,98.07123287671233,44889,-0.21920929086336086,0.8630940682979477,23.391031210318786,45.59914455657288,40.957116788321166,13289,-0.25263304453924273,0.8372450332620304,22.138610881179925,42.1551659267063,51.11153846153846,42584,-0.22706987232973144,0.8530318803149824,22.588296073642685,42.19190306218298,163.7846153846154
RCR_033,RELATIVE_COMPRESSION_RELEASE,TP3_SL2,78824,-0.20533548633438634,0.8310744563616664,33.8729321018979,53.35938292905714,107.83036935704514,60051,-0.21359067838969686,0.82786035518929,34.57894123328504,54.98659472781468,164.52328767123288,75070,-0.21786253173069087,0.8238230039119511,34.38124417210604,54.6476621819635,68.49452554744525,23031,-0.24158413770431686,0.8027411866298411,33.068472927792975,53.21088967044418,88.58076923076923,73171,-0.22719390491522173,0.8133872687318846,33.30144456136994,52.974539093356654,281.42692307692306
RCR_033,RELATIVE_COMPRESSION_RELEASE,TP4_SL2P5,78824,-0.18904058236213941,0.8664180669015956,28.353039683345173,49.24769105856085,107.83036935704514,60051,-0.2234995025638434,0.8473030320163663,28.653977452498708,51.64277031190155,164.52328767123288,75070,-0.2226637457850045,0.8465892897624221,28.52937258558679,50.9258025842547,68.49452554744525,23031,-0.25997853375976976,0.8168189176623094,26.863792279970472,48.32182710260084,88.58076923076923,73171,-0.23720652202429496,0.8318072506159745,27.221166855721528,48.021757253556736,281.42692307692306
RCR_033,RELATIVE_COMPRESSION_RELEASE,TP5_SL3,78824,-0.18225682119764253,0.8838860865287075,23.423069116005276,44.52324165228864,107.83036935704514,60051,-0.265444869962418,0.8385212678722795,23.03375464188773,47.424689014337815,164.52328767123288,75070,-0.23381345909439333,0.8552054861943823,23.288930331690423,46.184894098841085,68.49452554744525,23031,-0.24597401780969888,0.8403310448345414,21.857496417871562,41.89136381398984,88.58076923076923,73171,-0.22924253635639255,0.8510724199032178,22.258818384332592,42.00161266075358,281.42692307692306
RCR_034,RELATIVE_COMPRESSION_RELEASE,TP3_SL2,73143,-0.204678340546572,0.8317503385315106,33.99094923642727,53.404973818410504,100.05882352941177,55424,-0.2212624727592962,0.8222490578502831,34.52655889145497,55.17465357967667,151.84657534246574,69376,-0.21528756982509928,0.8258380055429847,34.51914206642066,54.61110470479705,63.2992700729927,21546,-0.23954966742221676,0.8044132691629837,33.18945511927968,53.202450570871626,82.86923076923077,68640,-0.2287784730570159,0.8123983541440096,33.35810023310024,53.063811188811194,264.0
RCR_034,RELATIVE_COMPRESSION_RELEASE,TP4_SL2P5,73143,-0.18678605901054404,0.8681519181283942,28.549553614153094,49.28017718715393,100.05882352941177,55424,-0.22958410461283835,0.8435758638913373,28.69334584295612,51.80607678983834,151.84657534246574,69376,-0.21980108381219277,0.8486183194231174,28.679946955719558,50.94989621771218,63.2992700729927,21546,-0.262708437187738,0.8152794661872944,26.956279587858532,48.41733964540982,82.86923076923077,68640,-0.23899446406110947,0.8309502789098899,27.342657342657343,48.12937062937063,264.0
RCR_034,RELATIVE_COMPRESSION_RELEASE,TP5_SL3,73143,-0.1769013182077083,0.8874973532101058,23.722023980421913,44.600303515032195,100.05882352941177,55424,-0.2726207643197441,0.834838093742729,23.107318129330253,47.6472286374134,151.84657534246574,69376,-0.2264036437466369,0.8597352374168781,23.515336715867157,46.15140682656826,63.2992700729927,21546,-0.2487414900913599,0.8388273963556323,21.920542095980693,41.947461245706855,82.86923076923077,68640,-0.23217051084225504,0.8495623203062932,22.342657342657343,42.07167832167833,264.0
RCR_035,RELATIVE_COMPRESSION_RELEASE,TP3_SL2,62142,-0.19862382572966908,0.8364528358410919,34.14276978533037,53.34234495188439,85.00957592339262,47756,-0.21216608034114848,0.8286228284798515,34.63648546779462,54.765893290895384,130.83835616438355,59280,-0.2045970027463367,0.8337910119745638,34.679487179487175,54.38090418353576,54.08759124087591,18152,-0.2364633322770958,0.8072755761134914,33.351696782723664,53.349493168796826,69.81538461538462,57704,-0.2335052593701567,0.8090622602917295,33.28712047691668,53.27187023429918,221.93846153846152
RCR_035,RELATIVE_COMPRESSION_RELEASE,TP4_SL2P5,62142,-0.1786246179268365,0.8736500958822833,28.695568214733996,49.22918477036465,85.00957592339262,47756,-0.21918868381635356,0.8496709838555822,28.720998408576932,51.31083005276824,130.83835616438355,59280,-0.2031025688727521,0.8591404134019494,28.82085020242915,50.587044534412954,54.08759124087591,18152,-0.25208152646832555,0.822973286559048,27.26972234464522,48.468488320846184,69.81538461538462,57704,-0.2354265827884093,0.8337534953549212,27.53535283515874,48.2999445445723,221.93846153846152
RCR_035,RELATIVE_COMPRESSION_RELEASE,TP5_SL3,62142,-0.1666059167660537,0.8936161127059393,23.814811238775707,44.4111872807441,85.00957592339262,47756,-0.25219707738254427,0.8457435062752116,23.182427338973113,47.04120948153111,130.83835616438355,59280,-0.20369819338690448,0.8728228169621639,23.685897435897434,45.7557354925776,54.08759124087591,18152,-0.2538303566648147,0.8367151741323147,22.129792860290877,42.35345967386514,69.81538461538462,57704,-0.2349390752773123,0.8485782964649046,22.568626091778732,42.43553306529876,221.93846153846152
RCR_036,RELATIVE_COMPRESSION_RELEASE,TP3_SL2,58188,-0.19932262897583344,0.8361250508882938,34.2441740565065,53.419949130404895,79.60054719562244,44389,-0.21723649922601732,0.8249963621997487,34.62794836558607,54.93027551870959,121.61369863013698,55283,-0.2083170799491403,0.8311395881387618,34.70506303927066,54.486912794168184,50.440693430656935,17082,-0.24021897090166908,0.8046559840694174,33.36260391054912,53.44221988057605,65.7,54406,-0.2335151506450948,0.8092569606698992,33.39337573061795,53.323162886446354,209.25384615384615
RCR_036,RELATIVE_COMPRESSION_RELEASE,TP4_SL2P5,58188,-0.1773905719293588,0.8747327902331521,28.890836598611397,49.31085447171238,79.60054719562244,44389,-0.22425700140582486,0.8466312907983496,28.76163013359165,51.47897001509383,121.61369863013698,55283,-0.2077738843745259,0.8563304153603238,28.889532044208888,50.73711629253116,50.440693430656935,17082,-0.25578843915003596,0.8206583269869372,27.32115677321157,48.507200561995084,65.7,54406,-0.23525402268317583,0.8340684319652386,27.66606624269382,48.32555232878726,209.25384615384615
RCR_036,RELATIVE_COMPRESSION_RELEASE,TP5_SL3,58188,-0.1664138635049831,0.8940834863099916,24.046195091771498,44.583075548223,79.60054719562244,44389,-0.25262597194939324,0.8459094278765529,23.36840208159679,47.194124670526485,121.61369863013698,55283,-0.2058868877461974,0.8718202448401009,23.821066150534524,45.892950816706765,50.440693430656935,17082,-0.2596278342039181,0.8334352030587295,22.16368106779066,42.45989930921438,65.7,54406,-0.23624747278856498,0.8480025050798717,22.650075359335368,42.47509465867736,209.25384615384615
LPR_037,LEADER_PULLBACK_RESUME,TP3_SL2,2570,-0.1549822865968879,0.8789049642025919,39.8443579766537,57.859922178988334,3.5157318741450068,1863,-0.21979036929874818,0.8314350991755178,38.32528180354267,58.72249060654858,5.104109589041096,2466,-0.16871086340156782,0.8693599069687392,39.862124898621246,58.43471208434712,2.25,702,-0.20821330916478045,0.8384348888759787,38.034188034188034,57.83475783475783,2.7,2283,-0.24121286802739206,0.8145577836450231,37.18791064388962,58.34428383705651,8.78076923076923
LPR_037,LEADER_PULLBACK_RESUME,TP4_SL2P5,2570,-0.08583303481303631,0.9445670745461636,37.35408560311284,56.30350194552529,3.5157318741450068,1863,-0.34552531915360657,0.7896414683928646,32.90391841116479,59.634997316156735,5.104109589041096,2466,-0.21720527856917227,0.864983644526351,35.523114355231144,58.63746958637469,2.25,702,-0.1884036942448654,0.8788315304648423,34.75783475783476,55.27065527065527,2.7,2283,-0.23400722243661323,0.851515202994234,33.99036355672361,56.54840122645641,8.78076923076923
LPR_037,LEADER_PULLBACK_RESUME,TP5_SL3,2570,-0.05089935053341284,0.9714541217873766,33.89105058365759,53.89105058365759,3.5157318741450068,1863,-0.38470228595005707,0.796802026693332,29.414922168545353,57.326892109500804,5.104109589041096,2466,-0.2451211353603419,0.8687304448357429,31.792376317923765,56.4882400648824,2.25,702,-0.15939333811890505,0.9093205973275612,30.626780626780626,51.42450142450142,2.7,2283,-0.24065641120646106,0.8659059522074086,29.96057818659658,52.7814279456855,8.78076923076923
LPR_038,LEADER_PULLBACK_RESUME,TP3_SL2,2602,-0.1551516051322067,0.8788034245428888,39.853958493466564,57.87855495772482,3.5595075239398084,1884,-0.21155788968358946,0.8372535784805076,38.48195329087049,58.54564755838641,5.161643835616438,2492,-0.1718463038315675,0.8670898940950873,39.807383627608345,58.50722311396469,2.2737226277372264,707,-0.21522735931212997,0.8334230709555523,37.9066478076379,57.991513437057996,2.7192307692307693,2313,-0.24038743545195124,0.8151865229239499,37.224383916990924,58.322524859489846,8.896153846153846
LPR_038,LEADER_PULLBACK_RESUME,TP4_SL2P5,2602,-0.08550764775922495,0.9448012036955757,37.39431206764028,56.341275941583405,3.5595075239398084,1884,-0.3255410168489829,0.8008111478878107,33.22717622080679,59.34182590233546,5.161643835616438,2492,-0.22485080937061747,0.8605606148045866,35.43338683788122,58.78812199036918,2.2737226277372264,707,-0.19697226783577865,0.8736684988854416,34.65346534653465,55.44554455445545,2.7192307692307693,2313,-0.23176206196135538,0.8529458025093934,34.06830955469088,56.54993514915694,8.896153846153846
LPR_038,LEADER_PULLBACK_RESUME,TP5_SL3,2602,-0.04861255936420779,0.9727248926007018,33.93543428132206,53.88162951575711,3.5595075239398084,1884,-0.3677314038669167,0.8051731951616493,29.67091295116773,57.16560509554141,5.161643835616438,2492,-0.2504240090714007,0.8660709676185602,31.741573033707866,56.581059390048146,2.2737226277372264,707,-0.169581504044514,0.9038349048920983,30.55162659123055,51.626591230551625,2.7192307692307693,2313,-0.24060709589606205,0.8660371611442457,30.004323389537397,52.83182014699525,8.896153846153846
LPR_039,LEADER_PULLBACK_RESUME,TP3_SL2,556,-0.3163972939093399,0.767634195149827,37.23021582733813,61.87050359712231,0.7606019151846786,350,-0.2465359146315747,0.8158609259047142,38.857142857142854,60.857142857142854,0.958904109589041,510,-0.25723570599170625,0.8080445008794374,38.43137254901961,60.78431372549019,0.4653284671532847,164,-0.6622857102127777,0.5595504603613323,29.878048780487802,68.29268292682927,0.6307692307692307,545,-0.45213763994711403,0.6791239477888245,33.76146788990826,63.6697247706422,2.0961538461538463
LPR_039,LEADER_PULLBACK_RESUME,TP4_SL2P5,556,-0.4527719552975725,0.7383587094500279,33.093525179856115,63.84892086330935,0.7606019151846786,350,-0.3867685242483582,0.7748557823935521,34.57142857142857,62.857142857142854,0.958904109589041,510,-0.268184212204535,0.8392986710011023,36.470588235294116,61.1764705882353,0.4653284671532847,164,-0.4502311039904962,0.7344986012512493,32.31707317073171,61.58536585365854,0.6307692307692307,545,-0.38629253481961234,0.7702449141668651,33.39449541284404,61.46788990825688,2.0961538461538463
LPR_039,LEADER_PULLBACK_RESUME,TP5_SL3,556,-0.5283518109418935,0.7410698061492824,30.755395683453234,62.76978417266187,0.7606019151846786,350,-0.2842126407147804,0.8546658550679855,33.714285714285715,60.0,0.958904109589041,510,-0.33048052584008714,0.8339029420017542,33.72549019607843,60.98039215686275,0.4653284671532847,164,-0.5538116305824506,0.720962587638615,28.65853658536585,59.14634146341463,0.6307692307692307,545,-0.43430576353850153,0.7792468422544582,30.825688073394495,59.44954128440367,2.0961538461538463
LPR_040,LEADER_PULLBACK_RESUME,TP3_SL2,566,-0.30550688235617135,0.7748679534127254,37.455830388692576,61.660777385159015,0.774281805745554,356,-0.2513695789917167,0.812552220106722,38.764044943820224,60.95505617977528,0.9753424657534246,518,-0.2775872780999424,0.7942446683280803,38.030888030888036,61.196911196911195,0.4726277372262774,167,-0.6599692004484763,0.560896986155795,29.94011976047904,68.26347305389223,0.6423076923076924,554,-0.45345670355808154,0.678401372031555,33.754512635379065,63.718411552346566,2.1307692307692307
LPR_040,LEADER_PULLBACK_RESUME,TP4_SL2P5,566,-0.43505513629938225,0.7476161787063841,33.39222614840989,63.60424028268551,0.774281805745554,356,-0.38923871765990276,0.7736002693683848,34.55056179775281,62.92134831460674,0.9753424657534246,518,-0.2931929502399862,0.825433550842226,36.1003861003861,61.58301158301158,0.4726277372262774,167,-0.45172395840982865,0.7339120470639278,32.33532934131736,61.67664670658682,0.6423076923076924,554,-0.3886812842539508,0.7690889428788451,33.39350180505416,61.55234657039711,2.1307692307692307
LPR_040,LEADER_PULLBACK_RESUME,TP5_SL3,566,-0.4907484220559944,0.7579039661332599,31.272084805653712,62.36749116607774,0.774281805745554,356,-0.28841130407352006,0.8527444255267677,33.70786516853933,60.1123595505618,0.9753424657534246,518,-0.365475017849566,0.817463075881832,33.204633204633204,61.38996138996139,0.4726277372262774,167,-0.5534437569791729,0.7215225231318362,28.74251497005988,59.2814371257485,0.6423076923076924,554,-0.4410604022980332,0.7761203177828807,30.685920577617328,59.56678700361011,2.1307692307692307
LPR_041,LEADER_PULLBACK_RESUME,TP3_SL2,1247,-0.11524438537762248,0.9097618339461335,41.45950280673617,57.979149959903765,1.7058823529411764,831,-0.24934776575881626,0.8127513365253125,38.387484957882066,60.28880866425993,2.276712328767123,1209,-0.08437769224114776,0.9330944654915977,41.935483870967744,57.23738626964433,1.1031021897810218,320,-0.1259740312678513,0.901283168191601,40.9375,57.8125,1.2307692307692308,1089,-0.25105457320703534,0.8105400672594641,38.20018365472911,59.87144168962351,4.188461538461539
LPR_041,LEADER_PULLBACK_RESUME,TP4_SL2P5,1247,-0.12288217162985611,0.9235463108236011,38.97353648757017,59.18203688853247,1.7058823529411764,831,-0.43656525719935046,0.7461685946423078,33.092659446450064,63.1768953068592,2.276712328767123,1209,-0.1530234322425618,0.9048911104262843,37.799834574028125,58.97435897435898,1.1031021897810218,320,-0.07323382555934907,0.9535537076276757,39.0625,57.8125,1.2307692307692308,1089,-0.2331369933262214,0.8572251099031427,36.455463728191,59.68778696051423,4.188461538461539
LPR_041,LEADER_PULLBACK_RESUME,TP5_SL3,1247,-0.14706901227554123,0.9230813109699467,35.92622293504411,58.861267040898156,1.7058823529411764,831,-0.3700112511689576,0.8111438081781256,31.768953068592058,59.92779783393502,2.276712328767123,1209,-0.18059936644326088,0.9048678390228597,34.7394540942928,58.147229114971054,1.1031021897810218,320,-0.15026584453141667,0.9200382597527238,35.0,56.875,1.2307692307692308,1089,-0.2477036565304397,0.8702752974450434,33.700642791551886,57.759412304866856,4.188461538461539
LPR_042,LEADER_PULLBACK_RESUME,TP3_SL2,1267,-0.12052860975998046,0.9058022087119131,41.35753749013418,58.08997632202052,1.7332421340629276,843,-0.24745906683935504,0.8140736530549618,38.43416370106761,60.26097271648872,2.3095890410958906,1219,-0.0730210253646822,0.9418722003783313,42.16570959803118,57.013945857260055,1.1122262773722629,324,-0.13614719137565562,0.8936957063774265,40.74074074074074,58.0246913580247,1.2461538461538462,1110,-0.2473859731733887,0.8131272704921055,38.288288288288285,59.81981981981982,4.269230769230769
LPR_042,LEADER_PULLBACK_RESUME,TP4_SL2P5,1267,-0.12252096923633038,0.9237805651785969,38.989739542225735,59.194948697711126,1.7332421340629276,843,-0.4225216236449112,0.7535795398371145,33.33333333333333,62.989323843416365,2.3095890410958906,1219,-0.14725621786813553,0.9083546258074628,37.89991796554553,58.90073831009024,1.1122262773722629,324,-0.08560130919441884,0.9458998935431367,38.88888888888889,58.0246913580247,1.2461538461538462,1110,-0.2212488159750046,0.8641614592159118,36.666666666666664,59.54954954954955,4.269230769230769
LPR_042,LEADER_PULLBACK_RESUME,TP5_SL3,1267,-0.15091603733382053,0.9210744838752962,35.83267561168114,58.879242304656664,1.7332421340629276,843,-0.35335628673950614,0.8191726608686329,32.028469750889684,59.7864768683274,2.3095890410958906,1219,-0.17255507303519474,0.9089878769203463,34.86464315012305,58.08039376538146,1.1122262773722629,324,-0.16322552546312757,0.9134381110075842,34.876543209876544,57.098765432098766,1.2461538461538462,1110,-0.23405414748313147,0.8771397170908615,33.87387387387387,57.65765765765766,4.269230769230769
LPR_043,LEADER_PULLBACK_RESUME,TP3_SL2,354,-0.21714343443763165,0.8360548201119736,39.548022598870055,60.16949152542372,0.4842681258549932,228,-0.3798245614035089,0.7285266457680254,36.40350877192983,63.59649122807017,0.6246575342465753,354,-0.24302879904985436,0.8181137529309763,38.983050847457626,60.73446327683616,0.32299270072992703,105,-0.4380952380952382,0.6925133689839573,35.23809523809524,64.76190476190476,0.40384615384615385,364,-0.3709996797397853,0.7331148548907478,36.26373626373626,63.18681318681318,1.4
LPR_043,LEADER_PULLBACK_RESUME,TP4_SL2P5,354,-0.4013023700333267,0.7672713638747185,34.74576271186441,63.559322033898304,0.4842681258549932,228,-0.6453818826561869,0.6483940997715401,31.140350877192986,67.98245614035088,0.6246575342465753,354,-0.31639754143870674,0.8141840857008941,36.440677966101696,62.71186440677966,0.32299270072992703,105,-0.1247234012942732,0.9224613936415229,39.04761904761905,59.04761904761905,0.40384615384615385,364,-0.2960076670285786,0.8238556434100075,36.26373626373626,62.08791208791209,1.4
LPR_043,LEADER_PULLBACK_RESUME,TP5_SL3,354,-0.579186399353974,0.7243239266669216,31.63841807909605,64.97175141242938,0.4842681258549932,228,-0.6215694452852035,0.7067464947187367,30.263157894736842,65.78947368421053,0.6246575342465753,354,-0.30749063795604364,0.8457601443573439,34.463276836158194,61.29943502824858,0.32299270072992703,105,-0.41632022319651174,0.7939925278035791,33.33333333333333,60.952380952380956,0.40384615384615385,364,-0.36072657280156795,0.8200967634305512,34.065934065934066,61.26373626373627,1.4
LPR_044,LEADER_PULLBACK_RESUME,TP3_SL2,362,-0.21952700494729732,0.8343947766554708,39.50276243093923,60.22099447513812,0.4952120383036936,233,-0.3974248927038627,0.7175106772422213,36.05150214592275,63.94849785407726,0.6383561643835617,357,-0.25947393519229256,0.8068553067897243,38.655462184873954,61.06442577030813,0.32572992700729925,108,-0.44074074074074093,0.6909090909090911,35.18518518518518,64.81481481481481,0.4153846153846154,373,-0.3615117518104071,0.7391801094288555,36.46112600536193,63.00268096514745,1.4346153846153846
LPR_044,LEADER_PULLBACK_RESUME,TP4_SL2P5,362,-0.39823491434198255,0.7689412013841421,34.806629834254146,63.53591160220995,0.4952120383036936,233,-0.6615754044875992,0.6409339174339379,30.90128755364807,68.24034334763948,0.6383561643835617,357,-0.33642781419972606,0.8033882310529593,36.134453781512605,63.02521008403361,0.32572992700729925,108,-0.13607367718424712,0.9156838897620547,38.88888888888889,59.25925925925925,0.4153846153846154,373,-0.2843077501297657,0.8303783164494277,36.46112600536193,61.93029490616622,1.4346153846153846
LPR_044,LEADER_PULLBACK_RESUME,TP5_SL3,362,-0.5487071419096874,0.7374476507206977,32.04419889502763,64.64088397790056,0.4952120383036936,233,-0.642565809120285,0.6981863388654747,30.042918454935624,66.09442060085837,0.6383561643835617,357,-0.3317974393177576,0.8344097215640325,34.173669467787114,61.62464985994398,0.32572992700729925,108,-0.41957058736697905,0.7927045157079883,33.33333333333333,61.111111111111114,0.4153846153846154,373,-0.3510865797436938,0.8244241478114362,34.048257372654156,61.12600536193029,1.4346153846153846
LPR_045,LEADER_PULLBACK_RESUME,TP3_SL2,731,-0.213937031360892,0.8385069055154061,39.67168262653899,60.191518467852255,1.0,412,-0.3623772328407767,0.7387905486733677,36.407766990291265,62.86407766990292,1.1287671232876713,659,-0.17118424805212684,0.8683906159786924,40.21244309559939,59.028831562974204,0.6012773722627737,180,-0.08359873086714525,0.9332373588637535,41.66666666666667,56.666666666666664,0.6923076923076923,590,-0.2606809010357716,0.8046491516416376,38.30508474576271,60.16949152542372,2.269230769230769
LPR_045,LEADER_PULLBACK_RESUME,TP4_SL2P5,731,-0.170951115428421,0.895570939999085,38.57729138166895,60.32831737346102,1.0,412,-0.5429625954904937,0.6968265910463383,32.5242718446602,66.01941747572816,1.1287671232876713,659,-0.15810370124521653,0.9021965134384359,37.93626707132019,59.48406676783004,0.6012773722627737,180,-0.0947098419782563,0.9406398300979484,39.44444444444444,58.88888888888889,0.6923076923076923,590,-0.26597245529478025,0.8402680540424455,36.77966101694915,61.186440677966104,2.269230769230769
LPR_045,LEADER_PULLBACK_RESUME,TP5_SL3,731,-0.2445017850132913,0.8766222565713433,35.841313269493845,61.14911080711354,1.0,412,-0.4873645468036187,0.7648331062249338,32.5242718446602,64.32038834951457,1.1287671232876713,659,-0.1193607357472285,0.9369592180880812,35.96358118361153,58.421851289833086,0.6012773722627737,180,-0.24740677083018447,0.8746149920894682,35.55555555555556,60.55555555555555,0.6923076923076923,590,-0.37627389877829076,0.8134597447324792,33.728813559322035,62.03389830508475,2.269230769230769
LPR_046,LEADER_PULLBACK_RESUME,TP3_SL2,747,-0.21631589012692384,0.8368437674610696,39.625167336010705,60.24096385542169,1.0218878248974008,419,-0.36921102608687345,0.7344533923934204,36.27684964200477,63.0071599045346,1.1479452054794521,665,-0.1669329616035362,0.8714801537216443,40.30075187969925,58.94736842105262,0.6067518248175182,183,-0.09097142926823028,0.9275528970950644,41.53005464480874,56.830601092896174,0.7038461538461539,601,-0.26289805592529986,0.8031646846287774,38.26955074875208,60.232945091514146,2.3115384615384613
LPR_046,LEADER_PULLBACK_RESUME,TP4_SL2P5,747,-0.17291200184494748,0.8944428291115761,38.55421686746988,60.37483266398929,1.0218878248974008,419,-0.5479727669262134,0.6944214183100142,32.4582338902148,66.10978520286396,1.1479452054794521,665,-0.16148923176029728,0.9002043969600367,37.89473684210527,59.54887218045113,0.6067518248175182,183,-0.10190039101686416,0.9362670014938296,39.34426229508197,59.01639344262295,0.7038461538461539,601,-0.2564455051978708,0.8456631605199246,36.938435940099836,61.064891846921796,2.3115384615384613
LPR_046,LEADER_PULLBACK_RESUME,TP5_SL3,747,-0.25425810554848194,0.8720010906623105,35.7429718875502,61.31191432396251,1.0218878248974008,419,-0.49449688134389236,0.7618011246895781,32.4582338902148,64.43914081145584,1.1479452054794521,665,-0.12309582685326852,0.9350607687113752,35.93984962406015,58.49624060150376,0.6067518248175182,183,-0.2520940915269575,0.8724092449793598,35.51912568306011,60.65573770491803,0.7038461538461539,601,-0.3614003332432471,0.8203906728087125,33.94342762063228,61.89683860232945,2.3115384615384613
LPR_047,LEADER_PULLBACK_RESUME,TP3_SL2,260,-0.23846153846153856,0.8216340621403917,39.23076923076923,60.76923076923077,0.35567715458276333,146,-0.35068493150684943,0.7470355731225303,36.986301369863014,63.013698630136986,0.4,254,-0.24028423174664737,0.8198577483363391,38.976377952755904,60.629921259842526,0.23175182481751824,71,-0.29859154929577475,0.7809917355371898,38.028169014084504,61.97183098591549,0.27307692307692305,242,-0.18598148673106704,0.8579308087471019,40.082644628099175,59.50413223140496,0.9307692307692308
LPR_047,LEADER_PULLBACK_RESUME,TP4_SL2P5,260,-0.36690540677548783,0.7874412158927159,35.76923076923077,63.84615384615384,0.35567715458276333,146,-0.6776602819828814,0.6335614771499979,30.82191780821918,68.4931506849315,0.4,254,-0.32671888075592426,0.8084133612645494,36.22047244094488,62.99212598425197,0.23175182481751824,71,-0.22816901408450707,0.8636363636363634,38.028169014084504,61.97183098591549,0.27307692307692305,242,-0.151324405964645,0.9071017091744189,38.84297520661157,60.33057851239669,0.9307692307692308
LPR_047,LEADER_PULLBACK_RESUME,TP5_SL3,260,-0.5528960297257159,0.7395352417212911,32.69230769230769,65.76923076923077,0.35567715458276333,146,-0.6308005920752943,0.7063237039445379,31.506849315068493,67.12328767123287,0.4,254,-0.329275128730415,0.8356298475396765,34.25196850393701,61.811023622047244,0.23175182481751824,71,-0.4931492825652627,0.7669079279057102,33.80281690140845,64.7887323943662,0.27307692307692305,242,-0.22906655084949476,0.8852328269572245,36.77685950413223,61.98347107438017,0.9307692307692308
LPR_048,LEADER_PULLBACK_RESUME,TP3_SL2,268,-0.24104477611940306,0.819854991634133,39.17910447761194,60.820895522388064,0.36662106703146374,151,-0.37880794701986775,0.7291666666666672,36.423841059602644,63.576158940397356,0.4136986301369863,257,-0.26316029129824275,0.804191676712078,38.52140077821012,61.08949416342413,0.23448905109489052,74,-0.30810810810810824,0.7747035573122526,37.83783783783784,62.16216216216216,0.2846153846153846,249,-0.18235951722457117,0.8605420153903008,40.16064257028113,59.43775100401606,0.9576923076923077
LPR_048,LEADER_PULLBACK_RESUME,TP4_SL2P5,268,-0.3637888274687568,0.7891058302839845,35.82089552238806,63.80597014925373,0.36662106703146374,151,-0.7015788156920576,0.6227264915616076,30.4635761589404,68.87417218543047,0.4136986301369863,257,-0.35442255140857865,0.7935735132910146,35.797665369649806,63.42412451361867,0.23448905109489052,74,-0.2405405405405407,0.8566827697262477,37.83783783783784,62.16216216216216,0.2846153846153846,249,-0.14466066764435392,0.9110604784112494,38.95582329317269,60.24096385542169,0.9576923076923077
LPR_048,LEADER_PULLBACK_RESUME,TP5_SL3,268,-0.5125110736145005,0.7567723332784391,33.2089552238806,65.29850746268657,0.36662106703146374,151,-0.6628932877019402,0.6933306175153404,31.125827814569533,67.54966887417218,0.4136986301369863,257,-0.36278553578803635,0.8201560105241099,33.85214007782101,62.2568093385214,0.23448905109489052,74,-0.4947783657045089,0.7662169870216197,33.78378378378378,64.86486486486487,0.2846153846153846,249,-0.21620122612681825,0.8914226931100545,36.94779116465863,61.84738955823293,0.9576923076923077
RWR_049,RELATIVE_WASHOUT_RECLAIM,TP3_SL2,17273,-0.2734975202181344,0.7920941919965381,36.43258264343194,59.132750535517864,23.629274965800274,14785,-0.34181045395847004,0.7472508646962598,35.40750760906324,60.98072370645925,40.50684931506849,17129,-0.32881938579393855,0.7546864101038953,35.431140171638745,60.30124350516668,15.628649635036496,4623,-0.21970464839244677,0.8289012538697611,37.01059917802293,57.473502054942685,17.78076923076923,15365,-0.2362111966005788,0.8171157919422553,36.73283436381386,57.84575333550277,59.09615384615385
RWR_049,RELATIVE_WASHOUT_RECLAIM,TP4_SL2P5,17273,-0.28846753197381847,0.8186837497065789,32.385804434666824,57.552249175013024,23.629274965800274,14785,-0.417134043525078,0.7474043575630979,30.537707135610415,60.05410889414947,40.50684931506849,17129,-0.36999476914674423,0.7722036522481351,31.204390215424134,58.78334987448187,15.628649635036496,4623,-0.21989279351017332,0.8566519506592666,32.27341553104045,54.98593986588796,17.78076923076923,15365,-0.25928723467320675,0.8331571671773458,31.942726976895543,55.61340709404491,59.09615384615385
RWR_049,RELATIVE_WASHOUT_RECLAIM,TP5_SL3,17273,-0.32843795354187244,0.8203924938920139,28.026399583164473,54.79650321310716,23.629274965800274,14785,-0.5214813270819068,0.7276907041245473,25.64761582685154,57.8626986810957,40.50684931506849,17129,-0.43610550861280195,0.7674188745628633,26.767470371883938,56.25547317414911,15.628649635036496,4623,-0.2761490213597101,0.8413427642615867,26.908933592905036,50.9193164611724,17.78076923076923,15365,-0.2750820255520597,0.8429189228499415,27.31532704197852,51.34396355353075,59.09615384615385
RWR_050,RELATIVE_WASHOUT_RECLAIM,TP3_SL2,17270,-0.2731628643154508,0.7923243321427268,36.438911407064275,59.125651418645056,23.62517099863201,14783,-0.3415590584980031,0.7474153388617096,35.412297909761214,60.97544476763851,40.5013698630137,17129,-0.32881938579393855,0.7546864101038953,35.431140171638745,60.30124350516668,15.628649635036496,4623,-0.21970464839244677,0.8289012538697611,37.01059917802293,57.473502054942685,17.78076923076923,15364,-0.23640881513719686,0.8169747003310002,36.728716480083314,57.849518354595155,59.09230769230769
RWR_050,RELATIVE_WASHOUT_RECLAIM,TP4_SL2P5,17270,-0.2880486207170681,0.8189251296794747,32.39143022582513,57.54487550665894,23.62517099863201,14783,-0.41682519336523566,0.747569696194401,30.541838598390044,60.04870459311371,40.5013698630137,17129,-0.36999476914674423,0.7722036522481351,31.204390215424134,58.78334987448187,15.628649635036496,4623,-0.21989279351017332,0.8566519506592666,32.27341553104045,54.98593986588796,17.78076923076923,15364,-0.25955144238179,0.8329980278744943,31.938297318406665,55.61702681593334,59.09230769230769
RWR_050,RELATIVE_WASHOUT_RECLAIM,TP5_SL3,17270,-0.3282711718684973,0.8204875673276633,28.031268094962364,54.800231615518236,23.62517099863201,14783,-0.5211189488538179,0.7278552274032153,25.651085706554827,57.85699790299669,40.5013698630137,17129,-0.43610550861280195,0.7674188745628633,26.767470371883938,56.25547317414911,15.628649635036496,4623,-0.2761490213597101,0.8413427642615867,26.908933592905036,50.9193164611724,17.78076923076923,15364,-0.2754123485164929,0.8427405329220744,27.310596198906534,51.34730538922155,59.09230769230769
RWR_051,RELATIVE_WASHOUT_RECLAIM,TP3_SL2,17559,-0.2614569260425216,0.8004759856748113,36.68204339654878,58.909960703912525,24.020519835841313,15017,-0.3432281997617299,0.7464078138385933,35.406539255510424,61.037490843710465,41.14246575342466,17422,-0.32506903538889886,0.7572629678314426,35.5297899207898,60.25140626793709,15.895985401459853,4687,-0.22007565383364228,0.8287153176708403,37.03861745252827,57.520802218903356,18.026923076923076,15562,-0.23596425792067505,0.8173336269107938,36.75620100244185,57.85246112324894,59.853846153846156
RWR_051,RELATIVE_WASHOUT_RECLAIM,TP4_SL2P5,17559,-0.27398460571179345,0.8272223669164624,32.63853294606754,57.37798280084287,24.020519835841313,15017,-0.4148096818646474,0.7488315539673984,30.625291336485315,60.07191849237531,41.14246575342466,17422,-0.36387416130268807,0.7757461339826385,31.32246584777867,58.73608081735736,15.895985401459853,4687,-0.22324542046387827,0.8547358161549985,32.28077661617239,55.08854277789631,18.026923076923076,15562,-0.2575206309483636,0.834285872208764,31.988176326950263,55.616244698624854,59.853846153846156
RWR_051,RELATIVE_WASHOUT_RECLAIM,TP5_SL3,17559,-0.31671508564770146,0.8264068848855838,28.190671450538186,54.695597699185605,24.020519835841313,15017,-0.513918565044008,0.7314503036916634,25.79742957980955,57.841113404807885,41.14246575342466,17422,-0.42080072338201346,0.7750465980773292,26.994604523016875,56.14165997015268,15.895985401459853,4687,-0.2830979621117314,0.8377862523900986,26.882867505867292,51.05611265201622,18.026923076923076,15562,-0.27765599886866144,0.841646865843725,27.316540290451098,51.42012594782162,59.853846153846156
RWR_052,RELATIVE_WASHOUT_RECLAIM,TP3_SL2,17556,-0.2611256644099247,0.800705659803884,36.688311688311686,58.902939166097056,24.01641586867305,15015,-0.34298087751061584,0.7465694329093434,35.41125541125541,61.03230103230103,41.136986301369866,17422,-0.32506903538889886,0.7572629678314426,35.5297899207898,60.25140626793709,15.895985401459853,4687,-0.22007565383364228,0.8287153176708403,37.03861745252827,57.520802218903356,18.026923076923076,15561,-0.23615935876624544,0.8171943417012699,36.75213675213676,57.856178908810485,59.85
RWR_052,RELATIVE_WASHOUT_RECLAIM,TP4_SL2P5,17556,-0.27357004395610507,0.8274630775203492,32.64411027568922,57.37069947596264,24.01641586867305,15015,-0.4145052942098841,0.7489946357614832,30.629370629370626,60.06660006660006,41.136986301369866,17422,-0.36387416130268807,0.7757461339826385,31.32246584777867,58.73608081735736,15.895985401459853,4687,-0.22324542046387827,0.8547358161549985,32.28077661617239,55.08854277789631,18.026923076923076,15561,-0.25778138029808073,0.8341287398270799,31.983805668016196,55.61981877771351,59.85
RWR_052,RELATIVE_WASHOUT_RECLAIM,TP5_SL3,17556,-0.3165490177448265,0.8265015258701451,28.195488721804512,54.699248120300744,24.01641586867305,15015,-0.5135607786390854,0.7316132365612581,25.8008658008658,57.83549783549784,41.136986301369866,17422,-0.42080072338201346,0.7750465980773292,26.994604523016875,56.14165997015268,15.895985401459853,4687,-0.2830979621117314,0.8377862523900986,26.882867505867292,51.05611265201622,18.026923076923076,15561,-0.27798230540415847,0.8414709538588954,27.311869417132574,51.4234303707988,59.85
RWR_053,RELATIVE_WASHOUT_RECLAIM,TP3_SL2,7186,-0.2593146938787516,0.804098599593959,37.55914277762316,59.8107431116059,9.830369357045143,6276,-0.43835871405912674,0.6886877231571427,34.305289993626516,63.67112810707457,17.194520547945206,7282,-0.3638900015161674,0.734509260401613,35.56715188135128,61.90606976105466,6.644160583941606,1832,-0.31145064824175234,0.7676242541925559,36.02620087336245,60.480349344978166,7.046153846153846,6352,-0.3045230251397159,0.7725881054950215,36.39798488664987,60.437657430730475,24.43076923076923
RWR_053,RELATIVE_WASHOUT_RECLAIM,TP4_SL2P5,7186,-0.3012518192825422,0.8157153206594606,33.871416643473424,59.76899526857778,9.830369357045143,6276,-0.5399811041231891,0.6894974452988614,30.369662205226263,63.73486297004462,17.194520547945206,7282,-0.41114479553969135,0.7552103233931952,32.29881900576765,61.233177698434496,6.644160583941606,1832,-0.406165405008364,0.7562158640988469,31.82314410480349,60.53493449781659,7.046153846153846,6352,-0.4009836288004883,0.759092246071488,32.11586901763224,60.437657430730475,24.43076923076923
RWR_053,RELATIVE_WASHOUT_RECLAIM,TP5_SL3,7186,-0.36050674244059955,0.8113017667641869,29.90537155580295,58.23824102421374,9.830369357045143,6276,-0.6614230521735094,0.6755825232913724,26.449968132568515,62.36456341618866,17.194520547945206,7282,-0.49072728648179487,0.7504039951662417,28.54984894259819,59.818731117824775,6.644160583941606,1832,-0.4992648998645033,0.7415348867918905,27.729257641921397,57.751091703056765,7.046153846153846,6352,-0.4612235065220053,0.760476257265752,28.557934508816118,57.82430730478589,24.43076923076923
RWR_054,RELATIVE_WASHOUT_RECLAIM,TP3_SL2,7185,-0.25974048576377295,0.8038042379412729,37.55045233124565,59.81906750173973,9.829001367989056,6276,-0.43835871405912674,0.6886877231571427,34.305289993626516,63.67112810707457,17.194520547945206,7282,-0.3638900015161674,0.734509260401613,35.56715188135128,61.90606976105466,6.644160583941606,1832,-0.31145064824175234,0.7676242541925559,36.02620087336245,60.480349344978166,7.046153846153846,6351,-0.30501184942331533,0.7722589200817542,36.38797039836246,60.44717367343725,24.426923076923078
RWR_054,RELATIVE_WASHOUT_RECLAIM,TP4_SL2P5,7185,-0.3018226267730477,0.8153918343265661,33.86221294363257,59.77731384829505,9.829001367989056,6276,-0.5399811041231891,0.6894974452988614,30.369662205226263,63.73486297004462,17.194520547945206,7282,-0.41114479553969135,0.7552103233931952,32.29881900576765,61.233177698434496,6.644160583941606,1832,-0.406165405008364,0.7562158640988469,31.82314410480349,60.53493449781659,7.046153846153846,6351,-0.4016450968572984,0.7587328302060297,32.105180286569045,60.44717367343725,24.426923076923078
RWR_054,RELATIVE_WASHOUT_RECLAIM,TP5_SL3,7185,-0.36122497580767543,0.8109521369440076,29.895615866388308,58.24634655532359,9.829001367989056,6276,-0.6614230521735094,0.6755825232913724,26.449968132568515,62.36456341618866,17.194520547945206,7282,-0.49072728648179487,0.7504039951662417,28.54984894259819,59.818731117824775,6.644160583941606,1832,-0.4992648998645033,0.7415348867918905,27.729257641921397,57.751091703056765,7.046153846153846,6351,-0.4620519151988313,0.7600838221300498,28.54668556132893,57.83341206109274,24.426923076923078
RWR_055,RELATIVE_WASHOUT_RECLAIM,TP3_SL2,7331,-0.24937424195546745,0.8110090267050665,37.77110898922385,59.62351657345519,10.028727770177838,6409,-0.43980953182010907,0.6878760657189319,34.29552192229677,63.72288968637852,17.55890410958904,7422,-0.35873591252812903,0.7379169799524103,35.691188358932905,61.82969549986527,6.771897810218978,1863,-0.30798582264030616,0.7700298882415186,36.12453032742888,60.440150295222764,7.165384615384616,6445,-0.3047215291989877,0.7725206651763583,36.415826221877424,60.46547711404189,24.78846153846154
RWR_055,RELATIVE_WASHOUT_RECLAIM,TP4_SL2P5,7331,-0.29056245224938604,0.8218441459950221,34.060837539217026,59.63715727731551,10.028727770177838,6409,-0.5333717541358657,0.6930254735740522,30.519581838040256,63.691683569979716,17.55890410958904,7422,-0.40475826817618776,0.7587647811003121,32.43061169496092,61.182969549986524,6.771897810218978,1863,-0.4018929152820672,0.7585857418002743,31.88405797101449,60.49382716049383,7.165384615384616,6445,-0.395273831893914,0.7622201358943388,32.195500387897596,60.372381691233514,24.78846153846154
RWR_055,RELATIVE_WASHOUT_RECLAIM,TP5_SL3,7331,-0.3586790163262775,0.8122105637366414,29.94134497340063,58.245805483562954,10.028727770177838,6409,-0.6433627870491364,0.683681615993954,26.74364175378374,62.240599157434865,17.55890410958904,7422,-0.472177013700382,0.7591669880041666,28.846672056049584,59.6739423336028,6.771897810218978,1863,-0.49649974791785156,0.7428425137776776,27.750939345142246,57.75630703166935,7.165384615384616,6445,-0.45496933214553303,0.7634239099944585,28.626842513576417,57.76570985259891,24.78846153846154
RWR_056,RELATIVE_WASHOUT_RECLAIM,TP3_SL2,7330,-0.2497902548124873,0.8107195695558208,37.76261937244202,59.63165075034106,10.027359781121751,6409,-0.43980953182010907,0.6878760657189319,34.29552192229677,63.72288968637852,17.55890410958904,7422,-0.35873591252812903,0.7379169799524103,35.691188358932905,61.82969549986527,6.771897810218978,1863,-0.30798582264030616,0.7700298882415186,36.12453032742888,60.440150295222764,7.165384615384616,6444,-0.30520332956044005,0.772196345035324,36.40595903165735,60.47486033519554,24.784615384615385
RWR_056,RELATIVE_WASHOUT_RECLAIM,TP4_SL2P5,7330,-0.2911205098827079,0.8215263261713913,34.05184174624829,59.64529331514324,10.027359781121751,6409,-0.5333717541358657,0.6930254735740522,30.519581838040256,63.691683569979716,17.55890410958904,7422,-0.40475826817618776,0.7587647811003121,32.43061169496092,61.182969549986524,6.771897810218978,1863,-0.4018929152820672,0.7585857418002743,31.88405797101449,60.49382716049383,7.165384615384616,6444,-0.39592486755994344,0.761865455089317,32.18497827436375,60.381750465549345,24.784615384615385
RWR_056,RELATIVE_WASHOUT_RECLAIM,TP5_SL3,7330,-0.3593827924540164,0.8118677618479464,29.93178717598909,58.2537517053206,10.027359781121751,6409,-0.6433627870491364,0.683681615993954,26.74364175378374,62.240599157434865,17.55890410958904,7422,-0.472177013700382,0.7591669880041666,28.846672056049584,59.6739423336028,6.771897810218978,1863,-0.49649974791785156,0.7428425137776776,27.750939345142246,57.75630703166935,7.165384615384616,6444,-0.4557848146613843,0.7630366460701574,28.615766604593418,57.774674115456236,24.784615384615385
RWR_057,RELATIVE_WASHOUT_RECLAIM,TP3_SL2,2259,-0.24345760813928133,0.8164909963123387,38.4240814519699,60.1593625498008,3.0902872777017785,2027,-0.4100472864370039,0.7077793708085783,35.323137641835224,63.64084854464727,5.553424657534246,2334,-0.32874622926115377,0.7593646130486915,36.88946015424165,61.910882604970006,2.1295620437956204,657,-0.42068086758855494,0.6991815447628142,34.39878234398782,63.31811263318112,2.526923076923077,2370,-0.3511822131019968,0.7439953624931746,36.075949367088604,62.151898734177216,9.115384615384615
RWR_057,RELATIVE_WASHOUT_RECLAIM,TP4_SL2P5,2259,-0.3498280202949696,0.7916550784208912,34.21868083222665,61.66445329791943,3.0902872777017785,2027,-0.5269971249506435,0.7007644145076043,31.91909225456339,64.92353231376418,5.553424657534246,2334,-0.42622915629779207,0.7507581578139252,33.1191088260497,62.59640102827764,2.1295620437956204,657,-0.5225767167871503,0.7027510112254897,31.963470319634702,64.68797564687976,2.526923076923077,2370,-0.48382450542061495,0.7207585786621671,32.278481012658226,63.586497890295355,9.115384615384615
RWR_057,RELATIVE_WASHOUT_RECLAIM,TP5_SL3,2259,-0.481458394225261,0.7596868389519683,30.323151837096063,61.44311642319611,3.0902872777017785,2027,-0.7039924040201627,0.6683638546843093,28.663048840651207,65.76221016280218,5.553424657534246,2334,-0.5324823934517005,0.7379786205337313,29.94858611825193,62.25364181662382,2.1295620437956204,657,-0.6103957679695647,0.703213672431506,28.767123287671232,62.55707762557078,2.526923076923077,2370,-0.5242531180722194,0.7407438984614418,30.126582278481013,61.687763713080166,9.115384615384615
RWR_058,RELATIVE_WASHOUT_RECLAIM,TP3_SL2,2259,-0.24345760813928133,0.8164909963123387,38.4240814519699,60.1593625498008,3.0902872777017785,2027,-0.4100472864370039,0.7077793708085783,35.323137641835224,63.64084854464727,5.553424657534246,2334,-0.32874622926115377,0.7593646130486915,36.88946015424165,61.910882604970006,2.1295620437956204,657,-0.42068086758855494,0.6991815447628142,34.39878234398782,63.31811263318112,2.526923076923077,2370,-0.3511822131019968,0.7439953624931746,36.075949367088604,62.151898734177216,9.115384615384615
RWR_058,RELATIVE_WASHOUT_RECLAIM,TP4_SL2P5,2259,-0.3498280202949696,0.7916550784208912,34.21868083222665,61.66445329791943,3.0902872777017785,2027,-0.5269971249506435,0.7007644145076043,31.91909225456339,64.92353231376418,5.553424657534246,2334,-0.42622915629779207,0.7507581578139252,33.1191088260497,62.59640102827764,2.1295620437956204,657,-0.5225767167871503,0.7027510112254897,31.963470319634702,64.68797564687976,2.526923076923077,2370,-0.48382450542061495,0.7207585786621671,32.278481012658226,63.586497890295355,9.115384615384615
RWR_058,RELATIVE_WASHOUT_RECLAIM,TP5_SL3,2259,-0.481458394225261,0.7596868389519683,30.323151837096063,61.44311642319611,3.0902872777017785,2027,-0.7039924040201627,0.6683638546843093,28.663048840651207,65.76221016280218,5.553424657534246,2334,-0.5324823934517005,0.7379786205337313,29.94858611825193,62.25364181662382,2.1295620437956204,657,-0.6103957679695647,0.703213672431506,28.767123287671232,62.55707762557078,2.526923076923077,2370,-0.5242531180722194,0.7407438984614418,30.126582278481013,61.687763713080166,9.115384615384615
RWR_059,RELATIVE_WASHOUT_RECLAIM,TP3_SL2,2292,-0.23236070540429168,0.8242322634965616,38.65619546247818,59.947643979057595,3.1354309165526675,2072,-0.4151379583049261,0.704665027747741,35.231660231660236,63.754826254826256,5.676712328767123,2370,-0.31708594898545694,0.767052041794572,37.130801687763714,61.687763713080166,2.1624087591240877,670,-0.42535422388907557,0.6963647556260096,34.32835820895522,63.43283582089553,2.576923076923077,2408,-0.355440965553045,0.7412880868283592,36.00498338870432,62.25083056478405,9.261538461538462
RWR_059,RELATIVE_WASHOUT_RECLAIM,TP4_SL2P5,2292,-0.34333436199876355,0.7952272189871554,34.33682373472949,61.56195462478185,3.1354309165526675,2072,-0.5271347356539356,0.7008296275606979,31.949806949806952,64.96138996138995,5.676712328767123,2370,-0.42056846133383446,0.7537728241579883,33.20675105485232,62.53164556962025,2.1624087591240877,670,-0.5357207506405339,0.6963431814332683,31.791044776119403,64.92537313432835,2.576923076923077,2408,-0.482667806414808,0.72137005697248,32.308970099667775,63.5797342192691,9.261538461538462
RWR_059,RELATIVE_WASHOUT_RECLAIM,TP5_SL3,2292,-0.4761091065361351,0.7621036930577403,30.410122164048865,61.34380453752182,3.1354309165526675,2072,-0.6724608379241526,0.6816161505333873,29.102316602316602,65.44401544401545,5.676712328767123,2370,-0.5102288223115653,0.747947310082149,30.253164556962027,62.0253164556962,2.1624087591240877,670,-0.6248209247104538,0.6973558108939215,28.65671641791045,62.83582089552239,2.576923076923077,2408,-0.5180360038516825,0.7436582992990297,30.23255813953488,61.66943521594684,9.261538461538462
RWR_060,RELATIVE_WASHOUT_RECLAIM,TP3_SL2,2292,-0.23236070540429168,0.8242322634965616,38.65619546247818,59.947643979057595,3.1354309165526675,2072,-0.4151379583049261,0.704665027747741,35.231660231660236,63.754826254826256,5.676712328767123,2370,-0.31708594898545694,0.767052041794572,37.130801687763714,61.687763713080166,2.1624087591240877,670,-0.42535422388907557,0.6963647556260096,34.32835820895522,63.43283582089553,2.576923076923077,2408,-0.355440965553045,0.7412880868283592,36.00498338870432,62.25083056478405,9.261538461538462
RWR_060,RELATIVE_WASHOUT_RECLAIM,TP4_SL2P5,2292,-0.34333436199876355,0.7952272189871554,34.33682373472949,61.56195462478185,3.1354309165526675,2072,-0.5271347356539356,0.7008296275606979,31.949806949806952,64.96138996138995,5.676712328767123,2370,-0.42056846133383446,0.7537728241579883,33.20675105485232,62.53164556962025,2.1624087591240877,670,-0.5357207506405339,0.6963431814332683,31.791044776119403,64.92537313432835,2.576923076923077,2408,-0.482667806414808,0.72137005697248,32.308970099667775,63.5797342192691,9.261538461538462
RWR_060,RELATIVE_WASHOUT_RECLAIM,TP5_SL3,2292,-0.4761091065361351,0.7621036930577403,30.410122164048865,61.34380453752182,3.1354309165526675,2072,-0.6724608379241526,0.6816161505333873,29.102316602316602,65.44401544401545,5.676712328767123,2370,-0.5102288223115653,0.747947310082149,30.253164556962027,62.0253164556962,2.1624087591240877,670,-0.6248209247104538,0.6973558108939215,28.65671641791045,62.83582089552239,2.576923076923077,2408,-0.5180360038516825,0.7436582992990297,30.23255813953488,61.66943521594684,9.261538461538462
