event_id,symbol,decision_time,hash_mod,champion_return,baseline_return,delta,state,year
0,TUSDT,2023-01-16 09:15:00+00:00,74,7.139449541284404,7.139449541284404,0.0,NO_DIP_CASH,2023
1,NEARUSDT,2023-01-16 22:15:00+00:00,92,-0.381818181818183,-0.381818181818183,0.0,DIP,2023
2,HBARUSDT,2023-01-21 11:30:00+00:00,10,-1.4569832402234637,-1.4569832402234637,0.0,NO_DIP_CASH,2023
3,SKLUSDT,2023-02-18 03:30:00+00:00,14,6.399350883519639,6.399350883519639,0.0,NO_DIP_CASH,2023
4,FILUSDT,2023-03-16 05:30:00+00:00,78,4.024854162983904,4.024854162983904,0.0,NO_DIP_CASH,2023
5,RLCUSDT,2023-03-16 05:30:00+00:00,81,3.3976015989340524,3.3976015989340524,0.0,NO_DIP_CASH,2023
6,NEOUSDT,2023-03-19 05:45:00+00:00,70,6.039600665557399,6.039600665557399,0.0,DIP,2023
7,ALICEUSDT,2023-08-18 15:15:00+00:00,27,1.5663043478260976,1.5663043478260976,0.0,DIP,2023
8,CTKUSDT,2023-08-18 15:15:00+00:00,19,0.40975609756097614,0.40975609756097614,0.0,NO_DIP_CASH,2023
9,CVCUSDT,2023-08-18 15:15:00+00:00,75,0.9299435028248484,0.9299435028248484,0.0,DIP,2023
10,GALAUSDT,2023-08-18 15:15:00+00:00,47,2.104147465437811,2.104147465437811,0.0,DIP,2023
11,TRBUSDT,2023-08-18 15:15:00+00:00,2,1.0072434607645955,1.0072434607645955,0.0,DIP,2023
12,ZRXUSDT,2023-08-18 15:15:00+00:00,64,2.758236658932711,2.758236658932711,0.0,DIP,2023
13,APEUSDT,2023-08-19 06:15:00+00:00,7,2.5528809218950066,2.5528809218950066,0.0,DIP,2023
14,IQUSDT,2024-03-05 03:15:00+00:00,70,-4.251029543419871,-4.251029543419871,0.0,DIP,2024
15,FLOKIUSDT,2024-03-06 03:15:00+00:00,1,11.344887013101191,11.344887013101191,0.0,NO_DIP_CASH,2024
16,ETCUSDT,2024-04-03 13:45:00+00:00,49,6.330343007915551,6.330343007915551,0.0,NO_DIP_CASH,2024
17,AMPUSDT,2024-08-06 09:30:00+00:00,43,6.5515546342908015,6.5515546342908015,0.0,DIP,2024
18,APEUSDT,2024-08-06 09:30:00+00:00,7,5.661456483126126,5.661456483126126,0.0,DIP,2024
19,APTUSDT,2024-08-06 09:30:00+00:00,26,3.1073929961089375,3.1073929961089375,0.0,NO_DIP_CASH,2024
20,ARPAUSDT,2024-08-06 09:30:00+00:00,53,5.310585305105864,5.310585305105864,0.0,DIP,2024
21,CKBUSDT,2024-08-06 09:30:00+00:00,34,5.316778523489929,5.316778523489929,0.0,NO_DIP_CASH,2024
22,CYBERUSDT,2024-08-06 09:30:00+00:00,4,4.667417362876858,4.667417362876858,0.0,DIP,2024
23,DOTUSDT,2024-08-06 09:30:00+00:00,39,5.55241601472618,5.55241601472618,0.0,NO_DIP_CASH,2024
24,GMTUSDT,2024-08-06 09:30:00+00:00,67,6.1508064516129,6.1508064516129,0.0,DIP,2024
25,GMXUSDT,2024-08-06 09:30:00+00:00,20,1.9915197713196833,1.9915197713196833,0.0,DIP,2024
26,HOTUSDT,2024-08-06 09:30:00+00:00,93,5.075229357798161,5.075229357798161,0.0,DIP,2024
27,IOTAUSDT,2024-08-06 09:30:00+00:00,49,3.1546325878594184,3.1546325878594184,0.0,DIP,2024
28,KAVAUSDT,2024-08-06 09:30:00+00:00,83,5.0899287894201395,5.0899287894201395,0.0,DIP,2024
29,MOVRUSDT,2024-08-06 09:30:00+00:00,3,5.317057569296391,5.317057569296391,0.0,NO_DIP_CASH,2024
30,MTLUSDT,2024-08-06 09:30:00+00:00,37,4.652071005917158,4.652071005917158,0.0,NO_DIP_CASH,2024
31,OSMOUSDT,2024-08-06 09:30:00+00:00,32,4.698074745186864,4.698074745186864,0.0,DIP,2024
32,RONINUSDT,2024-08-06 09:30:00+00:00,8,-0.545781466113404,-0.545781466113404,0.0,DIP,2024
33,ROSEUSDT,2024-08-06 09:30:00+00:00,81,3.4110178031575344,3.4110178031575344,0.0,NO_DIP_CASH,2024
34,RVNUSDT,2024-08-06 09:30:00+00:00,72,4.715824915824918,4.715824915824918,0.0,DIP,2024
35,SNXUSDT,2024-08-06 09:30:00+00:00,93,3.6132295719844443,3.6132295719844443,0.0,NO_DIP_CASH,2024
36,XECUSDT,2024-08-06 09:30:00+00:00,65,3.4518771331057962,3.4518771331057962,0.0,DIP,2024
37,ZILUSDT,2024-08-06 09:30:00+00:00,17,3.216149068322971,3.216149068322971,0.0,DIP,2024
38,ARKMUSDT,2024-08-25 17:15:00+00:00,76,0.6547008547008739,0.6547008547008739,0.0,DIP,2024
39,IOUSDT,2024-08-25 17:15:00+00:00,46,-4.568719965050239,-4.568719965050239,0.0,NO_DIP_CASH,2024
40,SANDUSDT,2024-12-06 13:45:00+00:00,38,0.8833147196783522,0.8833147196783522,0.0,NO_DIP_CASH,2024
41,TKOUSDT,2025-02-03 02:45:00+00:00,3,7.302467917077982,7.302467917077982,0.0,DIP,2025
42,ORDIUSDT,2025-02-03 03:15:00+00:00,13,11.2012184508268,11.2012184508268,0.0,DIP,2025
43,ARKUSDT,2025-02-25 15:45:00+00:00,29,-2.2327102803738286,-2.2327102803738286,0.0,DIP,2025
44,ASTRUSDT,2025-02-25 15:45:00+00:00,39,5.1050397877984155,5.1050397877984155,0.0,DIP,2025
45,AVAXUSDT,2025-02-25 15:45:00+00:00,86,5.850500238208678,5.850500238208678,0.0,NO_DIP_CASH,2025
46,BANANAUSDT,2025-02-25 15:45:00+00:00,61,-0.6250797024442198,-0.6250797024442198,0.0,NO_DIP_CASH,2025
47,BANDUSDT,2025-02-25 15:45:00+00:00,1,10.68435374149659,10.68435374149659,0.0,NO_DIP_CASH,2025
48,BATUSDT,2025-02-25 15:45:00+00:00,56,1.084403669724754,1.084403669724754,0.0,NO_DIP_CASH,2025
49,BLURUSDT,2025-02-25 15:45:00+00:00,35,4.411837048424294,4.411837048424294,0.0,DIP,2025
50,BOMEUSDT,2025-02-25 15:45:00+00:00,83,1.2867841409691663,1.2867841409691663,0.0,DIP,2025
51,C98USDT,2025-02-25 15:45:00+00:00,28,3.7555006180469697,3.7555006180469697,0.0,NO_DIP_CASH,2025
52,CAKEUSDT,2025-02-25 15:45:00+00:00,82,2.267411545623843,2.267411545623843,0.0,DIP,2025
53,CHRUSDT,2025-02-25 15:45:00+00:00,78,-0.2,-0.2,0.0,DIP,2025
54,DUSKUSDT,2025-02-25 15:45:00+00:00,2,6.6760611205433085,6.6760611205433085,0.0,DIP,2025
55,FLOKIUSDT,2025-02-25 15:45:00+00:00,1,2.796438658970901,2.796438658970901,0.0,DIP,2025
56,GALAUSDT,2025-02-25 15:45:00+00:00,47,2.905590062111796,2.905590062111796,0.0,DIP,2025
57,INJUSDT,2025-02-25 15:45:00+00:00,52,1.9423106350420662,1.9423106350420662,0.0,DIP,2025
58,IOTAUSDT,2025-02-25 15:45:00+00:00,49,6.666288074341753,6.666288074341753,0.0,DIP,2025
59,IOUSDT,2025-02-25 15:45:00+00:00,46,3.63304940374789,3.63304940374789,0.0,DIP,2025
60,MAGICUSDT,2025-02-25 15:45:00+00:00,41,2.78507462686568,2.78507462686568,0.0,DIP,2025
61,NEARUSDT,2025-02-25 15:45:00+00:00,92,5.472052251632875,5.472052251632875,0.0,DIP,2025
62,NEIROUSDT,2025-02-25 15:45:00+00:00,19,5.717854607023876,5.717854607023876,0.0,DIP,2025
63,NEOUSDT,2025-02-25 15:45:00+00:00,70,2.6969957081544926,2.6969957081544926,0.0,DIP,2025
64,ONEUSDT,2025-02-25 15:45:00+00:00,3,5.622416302765654,5.622416302765654,0.0,NO_DIP_CASH,2025
65,ONTUSDT,2025-02-25 15:45:00+00:00,32,2.1679417122040023,2.1679417122040023,0.0,DIP,2025
66,PENGUUSDT,2025-02-25 15:45:00+00:00,39,4.660937108494134,4.660937108494134,0.0,DIP,2025
67,PHAUSDT,2025-02-25 15:45:00+00:00,30,3.521910112359561,3.521910112359561,0.0,DIP,2025
68,PIXELUSDT,2025-02-25 15:45:00+00:00,76,3.9984732824427383,3.9984732824427383,0.0,DIP,2025
69,QUICKUSDT,2025-02-25 15:45:00+00:00,5,5.143511450381677,5.143511450381677,0.0,DIP,2025
70,RAREUSDT,2025-02-25 15:45:00+00:00,90,3.3234899328858925,3.3234899328858925,0.0,DIP,2025
71,ROSEUSDT,2025-02-25 15:45:00+00:00,81,6.114363143631429,6.114363143631429,0.0,DIP,2025
72,SHIBUSDT,2025-02-25 15:45:00+00:00,63,3.5708484408992103,3.5708484408992103,0.0,NO_DIP_CASH,2025
73,SOLUSDT,2025-02-25 15:45:00+00:00,46,0.07359781121751857,0.07359781121751857,0.0,NO_DIP_CASH,2025
74,STXUSDT,2025-02-25 15:45:00+00:00,12,6.609078771695609,6.609078771695609,0.0,DIP,2025
75,THETAUSDT,2025-02-25 15:45:00+00:00,26,5.938790035587194,5.938790035587194,0.0,DIP,2025
76,UMAUSDT,2025-02-25 15:45:00+00:00,1,3.11262939958592,3.11262939958592,0.0,NO_DIP_CASH,2025
77,UNIUSDT,2025-02-25 15:45:00+00:00,65,3.8061436068091536,3.8061436068091536,0.0,NO_DIP_CASH,2025
78,WLDUSDT,2025-02-25 15:45:00+00:00,42,3.4448598130841113,3.4448598130841113,0.0,NO_DIP_CASH,2025
79,WOOUSDT,2025-02-25 15:45:00+00:00,79,4.7302325581395355,4.7302325581395355,0.0,DIP,2025
80,YGGUSDT,2025-02-25 15:45:00+00:00,23,3.3892776010904235,3.3892776010904235,0.0,NO_DIP_CASH,2025
81,FIDAUSDT,2025-03-04 14:15:00+00:00,58,5.5420494699646605,5.5420494699646605,0.0,NO_DIP_CASH,2025
82,PHAUSDT,2025-03-04 14:15:00+00:00,30,4.519999999999991,4.519999999999991,0.0,DIP,2025
83,WAXPUSDT,2025-03-04 14:15:00+00:00,90,5.046793626117374,5.046793626117374,0.0,DIP,2025
84,XECUSDT,2025-03-04 14:15:00+00:00,65,10.996540124939937,10.996540124939937,0.0,DIP,2025
85,AIXBTUSDT,2025-03-06 14:15:00+00:00,27,-12.229081295439524,-12.229081295439524,0.0,DIP,2025
86,AIXBTUSDT,2025-03-07 18:15:00+00:00,27,-9.0150289017341,-9.0150289017341,0.0,NO_DIP_CASH,2025
87,COTIUSDT,2025-03-11 15:15:00+00:00,7,3.3405449502365903,3.3405449502365903,0.0,NO_DIP_CASH,2025
88,GMTUSDT,2025-03-11 15:15:00+00:00,67,2.9319910514541414,2.9319910514541414,0.0,NO_DIP_CASH,2025
89,HBARUSDT,2025-03-11 15:15:00+00:00,10,0.1904644471845353,0.1904644471845353,0.0,DIP,2025
90,MOVRUSDT,2025-03-11 15:15:00+00:00,3,2.68568257491677,2.68568257491677,0.0,NO_DIP_CASH,2025
91,PHAUSDT,2025-03-11 15:15:00+00:00,30,4.175569735642659,4.175569735642659,0.0,NO_DIP_CASH,2025
92,RSRUSDT,2025-03-11 15:15:00+00:00,71,7.403872529245681,7.403872529245681,0.0,NO_DIP_CASH,2025
93,SAGAUSDT,2025-03-11 15:15:00+00:00,41,0.4764705882352784,0.4764705882352784,0.0,NO_DIP_CASH,2025
94,SKLUSDT,2025-03-11 15:15:00+00:00,14,2.278017585931247,2.278017585931247,0.0,NO_DIP_CASH,2025
95,1INCHUSDT,2025-04-08 15:45:00+00:00,9,-1.3801242236024966,-1.3801242236024966,0.0,DIP,2025
96,ACHUSDT,2025-04-08 15:45:00+00:00,30,-2.4619673855865276,-2.4619673855865276,0.0,DIP,2025
97,AEVOUSDT,2025-04-08 15:45:00+00:00,19,-0.5588516746411474,-0.5588516746411474,0.0,DIP,2025
98,CELOUSDT,2025-04-08 15:45:00+00:00,42,0.38931860036832705,0.38931860036832705,0.0,DIP,2025
99,IOSTUSDT,2025-04-08 15:45:00+00:00,88,2.192947103274556,2.192947103274556,0.0,DIP,2025
100,LDOUSDT,2025-04-08 15:45:00+00:00,39,2.125581395348841,2.125581395348841,0.0,DIP,2025
101,MANAUSDT,2025-04-08 15:45:00+00:00,84,0.6941176470588231,0.6941176470588231,0.0,DIP,2025
102,RADUSDT,2025-04-08 15:45:00+00:00,42,-1.251051051051055,-1.251051051051055,0.0,DIP,2025
103,SLPUSDT,2025-04-08 15:45:00+00:00,54,-1.2393466963622977,-1.2393466963622977,0.0,DIP,2025
104,XVGUSDT,2025-04-08 15:45:00+00:00,79,0.8712372790573133,0.8712372790573133,0.0,DIP,2025
105,ZILUSDT,2025-04-08 15:45:00+00:00,17,0.10000000000001136,0.10000000000001136,0.0,DIP,2025
106,GPSUSDT,2025-04-25 03:15:00+00:00,96,10.226540284360187,10.226540284360187,0.0,NO_DIP_CASH,2025
107,PNUTUSDT,2025-07-12 05:30:00+00:00,60,-1.0333333333333414,-1.0333333333333414,0.0,DIP,2025
108,SKLUSDT,2025-07-12 05:30:00+00:00,14,-0.10229604298972444,-0.10229604298972444,0.0,NO_DIP_CASH,2025
109,PEPEUSDT,2025-11-15 21:15:00+00:00,60,-5.389620758483038,-5.389620758483038,0.0,DIP,2025
110,APTUSDT,2025-11-22 09:45:00+00:00,26,0.39957173447537925,0.39957173447537925,0.0,DIP,2025
111,DOGEUSDT,2025-11-22 09:45:00+00:00,0,3.733072577140395,3.733072577140395,0.0,DIP,2025
112,PEPEUSDT,2025-11-22 09:45:00+00:00,60,3.2739454094292686,3.2739454094292686,0.0,NO_DIP_CASH,2025
113,STRAXUSDT,2025-11-22 09:45:00+00:00,80,22.188059701492513,22.188059701492513,0.0,DIP,2025
114,MITOUSDT,2025-11-23 18:15:00+00:00,58,10.642218761231593,10.642218761231593,0.0,NO_DIP_CASH,2025
115,ADAUSDT,2026-02-02 04:00:00+00:00,59,5.9990789939780464,5.9990789939780464,0.0,DIP,2026
116,ALLOUSDT,2026-02-02 04:00:00+00:00,39,-2.639024390243905,-2.639024390243905,0.0,DIP,2026
117,ARBUSDT,2026-02-02 04:00:00+00:00,14,2.807518796992481,2.807518796992481,0.0,DIP,2026
118,BANANAS31USDT,2026-02-02 04:00:00+00:00,16,4.112056737588654,4.112056737588654,0.0,DIP,2026
119,BNBUSDT,2026-02-02 04:00:00+00:00,84,3.9184058477331973,3.9184058477331973,0.0,DIP,2026
120,CFXUSDT,2026-02-02 04:00:00+00:00,2,3.5037037037036978,3.5037037037036978,0.0,DIP,2026
121,DOGEUSDT,2026-02-02 04:00:00+00:00,0,4.942017629774731,4.942017629774731,0.0,DIP,2026
122,DOTUSDT,2026-02-02 04:00:00+00:00,39,3.6435603506405956,3.6435603506405956,0.0,DIP,2026
123,DYDXUSDT,2026-02-02 04:00:00+00:00,1,2.8864197530864333,2.8864197530864333,0.0,DIP,2026
124,EIGENUSDT,2026-02-02 04:00:00+00:00,81,1.4064257028112428,1.4064257028112428,0.0,DIP,2026
125,ENAUSDT,2026-02-02 04:00:00+00:00,60,3.591821561338282,3.591821561338282,0.0,DIP,2026
126,FILUSDT,2026-02-02 04:00:00+00:00,78,5.247470817120625,5.247470817120625,0.0,DIP,2026
127,FLOKIUSDT,2026-02-02 04:00:00+00:00,1,5.947418680990735,5.947418680990735,0.0,DIP,2026
128,GALAUSDT,2026-02-02 04:00:00+00:00,47,3.2408602150537646,3.2408602150537646,0.0,DIP,2026
129,GMTUSDT,2026-02-02 04:00:00+00:00,67,3.9728763040238535,3.9728763040238535,0.0,DIP,2026
130,IOTXUSDT,2026-02-02 04:00:00+00:00,29,4.752076677316297,4.752076677316297,0.0,DIP,2026
131,LINKUSDT,2026-02-02 04:00:00+00:00,44,5.982212581344881,5.982212581344881,0.0,DIP,2026
132,MUBARAKUSDT,2026-02-02 04:00:00+00:00,27,4.646938775510212,4.646938775510212,0.0,DIP,2026
133,OPUSDT,2026-02-02 04:00:00+00:00,31,1.6141592920353889,1.6141592920353889,0.0,DIP,2026
134,ORDIUSDT,2026-02-02 04:00:00+00:00,13,1.7350606756313616,1.7350606756313616,0.0,DIP,2026
135,PENDLEUSDT,2026-02-02 04:00:00+00:00,53,0.840312093628093,0.840312093628093,0.0,DIP,2026
136,PENGUUSDT,2026-02-02 04:00:00+00:00,39,4.509851551956823,4.509851551956823,0.0,DIP,2026
137,RUNEUSDT,2026-02-02 04:00:00+00:00,22,3.3320088300220707,3.3320088300220707,0.0,DIP,2026
138,STRKUSDT,2026-02-02 04:00:00+00:00,17,5.15055350553506,5.15055350553506,0.0,DIP,2026
139,STXUSDT,2026-02-02 04:00:00+00:00,12,20.116205533596833,20.116205533596833,0.0,DIP,2026
140,SUIUSDT,2026-02-02 04:00:00+00:00,33,4.768830216354969,4.768830216354969,0.0,DIP,2026
141,TAOUSDT,2026-02-02 04:00:00+00:00,56,5.563073639274263,5.563073639274263,0.0,DIP,2026
142,THETAUSDT,2026-02-02 04:00:00+00:00,26,4.539336492891,4.539336492891,0.0,DIP,2026
143,ZENUSDT,2026-02-02 04:00:00+00:00,14,-0.6022988505747116,-0.6022988505747116,0.0,DIP,2026
144,ZILUSDT,2026-02-02 04:00:00+00:00,17,67.2185463659148,67.2185463659148,0.0,DIP,2026
145,ANIMEUSDT,2026-02-02 04:30:00+00:00,96,2.6960817717206043,2.6960817717206043,0.0,DIP,2026
146,STRAXUSDT,2026-02-03 10:00:00+00:00,80,-2.946268656716433,-2.946268656716433,0.0,DIP,2026
147,INJUSDT,2026-06-05 03:30:00+00:00,52,-4.407547169811321,-4.407547169811321,0.0,DIP,2026
148,WALUSDT,2026-06-05 03:30:00+00:00,46,-4.721276595744683,-4.721276595744683,0.0,DIP,2026
149,0GUSDT,2026-06-06 11:00:00+00:00,88,4.919453924914685,4.919453924914685,0.0,NO_DIP_CASH,2026
150,1INCHUSDT,2026-06-06 11:00:00+00:00,9,3.0496307237813935,3.0496307237813935,0.0,NO_DIP_CASH,2026
151,1MBABYDOGEUSDT,2026-06-06 11:00:00+00:00,15,5.07803958529689,5.07803958529689,0.0,NO_DIP_CASH,2026
152,2ZUSDT,2026-06-06 11:00:00+00:00,50,1.1706620005832449,1.1706620005832449,0.0,NO_DIP_CASH,2026
153,ACTUSDT,2026-06-06 11:00:00+00:00,48,3.1719704952581473,3.1719704952581473,0.0,NO_DIP_CASH,2026
154,AEVOUSDT,2026-06-06 11:00:00+00:00,19,3.138632750397452,3.138632750397452,0.0,NO_DIP_CASH,2026
155,ALTUSDT,2026-06-06 11:00:00+00:00,43,0.6912655971479389,0.6912655971479389,0.0,NO_DIP_CASH,2026
156,API3USDT,2026-06-06 11:00:00+00:00,50,3.82090872537193,3.82090872537193,0.0,NO_DIP_CASH,2026
157,APTUSDT,2026-06-06 11:00:00+00:00,26,4.141085271317824,4.141085271317824,0.0,NO_DIP_CASH,2026
158,ARKMUSDT,2026-06-06 11:00:00+00:00,76,4.045709123757901,4.045709123757901,0.0,NO_DIP_CASH,2026
159,ATOMUSDT,2026-06-06 11:00:00+00:00,34,4.266501240694787,4.266501240694787,0.0,NO_DIP_CASH,2026
160,AUSDT,2026-06-06 11:00:00+00:00,43,2.925,2.925,0.0,NO_DIP_CASH,2026
161,AVNTUSDT,2026-06-06 11:00:00+00:00,88,0.978781925343797,0.978781925343797,0.0,NO_DIP_CASH,2026
162,BARDUSDT,2026-06-06 11:00:00+00:00,95,2.502702702702697,2.502702702702697,0.0,NO_DIP_CASH,2026
163,BERAUSDT,2026-06-06 11:00:00+00:00,2,2.3210084033613576,2.3210084033613576,0.0,NO_DIP_CASH,2026
164,BLURUSDT,2026-06-06 11:00:00+00:00,35,4.631804281345553,4.631804281345553,0.0,NO_DIP_CASH,2026
165,BROCCOLI714USDT,2026-06-06 11:00:00+00:00,2,5.355555555555558,5.355555555555558,0.0,NO_DIP_CASH,2026
166,CELOUSDT,2026-06-06 11:00:00+00:00,42,2.825667176610569,2.825667176610569,0.0,NO_DIP_CASH,2026
167,CTSIUSDT,2026-06-06 11:00:00+00:00,61,21.75344591510726,21.75344591510726,0.0,NO_DIP_CASH,2026
168,CYBERUSDT,2026-06-06 11:00:00+00:00,4,3.2383954154727723,3.2383954154727723,0.0,NO_DIP_CASH,2026
169,DOGEUSDT,2026-06-06 11:00:00+00:00,0,4.221600198166953,4.221600198166953,0.0,NO_DIP_CASH,2026
170,EIGENUSDT,2026-06-06 11:00:00+00:00,81,5.487500000000001,5.487500000000001,0.0,NO_DIP_CASH,2026
171,ENSOUSDT,2026-06-06 11:00:00+00:00,32,3.0608695652173834,3.0608695652173834,0.0,NO_DIP_CASH,2026
172,ENSUSDT,2026-06-06 11:00:00+00:00,70,4.497986577181212,4.497986577181212,0.0,NO_DIP_CASH,2026
173,ERAUSDT,2026-06-06 11:00:00+00:00,74,3.2055727554179514,3.2055727554179514,0.0,NO_DIP_CASH,2026
174,ETCUSDT,2026-06-06 11:00:00+00:00,49,4.413095238095255,4.413095238095255,0.0,NO_DIP_CASH,2026
175,FILUSDT,2026-06-06 11:00:00+00:00,78,5.788857938718661,5.788857938718661,0.0,NO_DIP_CASH,2026
176,FLOWUSDT,2026-06-06 11:00:00+00:00,44,3.65814497272019,3.65814497272019,0.0,NO_DIP_CASH,2026
177,FOGOUSDT,2026-06-06 11:00:00+00:00,49,2.208563782337203,2.208563782337203,0.0,NO_DIP_CASH,2026
178,IMXUSDT,2026-06-06 11:00:00+00:00,46,2.5178257394084858,2.5178257394084858,0.0,NO_DIP_CASH,2026
179,IOUSDT,2026-06-06 11:00:00+00:00,46,0.7665427509293556,0.7665427509293556,0.0,DIP,2026
180,KATUSDT,2026-06-06 11:00:00+00:00,53,2.9936127744511154,2.9936127744511154,0.0,NO_DIP_CASH,2026
181,KSMUSDT,2026-06-06 11:00:00+00:00,20,3.1898305084745893,3.1898305084745893,0.0,NO_DIP_CASH,2026
182,LAYERUSDT,2026-06-06 11:00:00+00:00,86,2.1961661341852956,2.1961661341852956,0.0,NO_DIP_CASH,2026
183,LDOUSDT,2026-06-06 11:00:00+00:00,39,4.533959311424107,4.533959311424107,0.0,NO_DIP_CASH,2026
184,LINEAUSDT,2026-06-06 11:00:00+00:00,74,3.1044196612969976,3.1044196612969976,0.0,NO_DIP_CASH,2026
185,LINKUSDT,2026-06-06 11:00:00+00:00,44,5.91347712597885,5.91347712597885,0.0,NO_DIP_CASH,2026
186,LISTAUSDT,2026-06-06 11:00:00+00:00,57,3.1203125,3.1203125,0.0,NO_DIP_CASH,2026
187,LUNAUSDT,2026-06-06 11:00:00+00:00,40,4.503476482617597,4.503476482617597,0.0,NO_DIP_CASH,2026
188,MANAUSDT,2026-06-06 11:00:00+00:00,84,1.4641452344931862,1.4641452344931862,0.0,NO_DIP_CASH,2026
189,MASKUSDT,2026-06-06 11:00:00+00:00,70,2.970028818443815,2.970028818443815,0.0,NO_DIP_CASH,2026
190,METISUSDT,2026-06-06 11:00:00+00:00,77,5.149794238683114,5.149794238683114,0.0,NO_DIP_CASH,2026
191,MUBARAKUSDT,2026-06-06 11:00:00+00:00,27,3.5601626016260157,3.5601626016260157,0.0,NO_DIP_CASH,2026
192,NEIROUSDT,2026-06-06 11:00:00+00:00,19,2.9710442024343253,2.9710442024343253,0.0,NO_DIP_CASH,2026
193,OPUSDT,2026-06-06 11:00:00+00:00,31,0.5352941176470563,0.5352941176470563,0.0,NO_DIP_CASH,2026
194,ORDIUSDT,2026-06-06 11:00:00+00:00,13,1.0253233492171445,1.0253233492171445,0.0,NO_DIP_CASH,2026
195,PLUMEUSDT,2026-06-06 11:00:00+00:00,19,3.069754768392352,3.069754768392352,0.0,NO_DIP_CASH,2026
196,PNUTUSDT,2026-06-06 11:00:00+00:00,60,4.060651629072676,4.060651629072676,0.0,NO_DIP_CASH,2026
197,RAYUSDT,2026-06-06 11:00:00+00:00,16,4.527272727272713,4.527272727272713,0.0,NO_DIP_CASH,2026
198,RENDERUSDT,2026-06-06 11:00:00+00:00,71,2.5244582043343566,2.5244582043343566,0.0,NO_DIP_CASH,2026
199,RLCUSDT,2026-06-06 11:00:00+00:00,81,3.7577039274924395,3.7577039274924395,0.0,NO_DIP_CASH,2026
200,ROSEUSDT,2026-06-06 11:00:00+00:00,81,4.681889763779523,4.681889763779523,0.0,NO_DIP_CASH,2026
201,RSRUSDT,2026-06-06 11:00:00+00:00,71,5.800000000000005,5.800000000000005,0.0,NO_DIP_CASH,2026
202,SAGAUSDT,2026-06-06 11:00:00+00:00,41,2.3430067314884173,2.3430067314884173,0.0,NO_DIP_CASH,2026
203,SUIUSDT,2026-06-06 11:00:00+00:00,33,7.27703788748566,7.27703788748566,0.0,NO_DIP_CASH,2026
204,SUPERUSDT,2026-06-06 11:00:00+00:00,76,2.6761061946902753,2.6761061946902753,0.0,NO_DIP_CASH,2026
205,TAOUSDT,2026-06-06 11:00:00+00:00,56,8.715537017726806,8.715537017726806,0.0,NO_DIP_CASH,2026
206,TIAUSDT,2026-06-06 11:00:00+00:00,33,6.908843537414966,6.908843537414966,0.0,NO_DIP_CASH,2026
207,TRBUSDT,2026-06-06 11:00:00+00:00,2,3.4747458952306465,3.4747458952306465,0.0,NO_DIP_CASH,2026
208,TRUMPUSDT,2026-06-06 11:00:00+00:00,72,4.543589743589727,4.543589743589727,0.0,NO_DIP_CASH,2026
209,VIRTUALUSDT,2026-06-06 11:00:00+00:00,65,4.2198895027624195,4.2198895027624195,0.0,NO_DIP_CASH,2026
210,WIFUSDT,2026-06-06 11:00:00+00:00,1,5.966219839142095,5.966219839142095,0.0,NO_DIP_CASH,2026
211,XTZUSDT,2026-06-06 11:00:00+00:00,87,2.6918692372170927,2.6918692372170927,0.0,NO_DIP_CASH,2026
212,XVGUSDT,2026-06-06 11:00:00+00:00,79,4.00065252854811,4.00065252854811,0.0,NO_DIP_CASH,2026
213,YGGUSDT,2026-06-06 11:00:00+00:00,23,3.047794707297502,3.047794707297502,0.0,NO_DIP_CASH,2026
214,ZAMAUSDT,2026-06-06 11:00:00+00:00,38,7.429812787001078,7.429812787001078,0.0,NO_DIP_CASH,2026
215,ARKUSDT,2026-06-06 18:30:00+00:00,29,1.4101694915254372,1.4101694915254372,0.0,NO_DIP_CASH,2026
216,LINKUSDT,2026-06-06 18:30:00+00:00,44,5.329765155652644,5.329765155652644,0.0,NO_DIP_CASH,2026
217,NEOUSDT,2026-06-06 18:30:00+00:00,70,1.5477562588568585,1.5477562588568585,0.0,NO_DIP_CASH,2026
218,PLUMEUSDT,2026-06-06 18:30:00+00:00,19,1.6132366273798884,1.6132366273798884,0.0,NO_DIP_CASH,2026
219,SCRUSDT,2026-06-06 18:30:00+00:00,30,2.2225697638761144,2.2225697638761144,0.0,DIP,2026
220,SIGNUSDT,2026-06-06 18:30:00+00:00,68,-0.0850574712643491,-0.0850574712643491,0.0,NO_DIP_CASH,2026
221,SUSDT,2026-06-06 18:30:00+00:00,12,0.6547008547008517,0.6547008547008517,0.0,NO_DIP_CASH,2026
222,YBUSDT,2026-06-06 18:30:00+00:00,5,8.902402022756007,8.902402022756007,0.0,DIP,2026
223,PORTALUSDT,2026-06-06 18:45:00+00:00,63,-15.88627450980392,-15.88627450980392,0.0,DIP,2026
224,1000SATSUSDT,2026-08-22 06:00:00+00:00,51,-8.256872037914697,-8.256872037914697,0.0,NO_DIP_CASH,2026
