event_id,symbol,decision_time,hash_mod,baseline,dip_entered,dip_return,dip_entry_bar,fallback_return,fallback_mode,fallback_entry_bar,dip_delta_vs_same_event_base,fallback_delta,year,month
0,TUSDT,2023-01-16 09:15:00+00:00,74,7.139449541284404,False,,,13.164055299539168,FALLBACK,8,,6.024605758254764,2023,2023-01
1,NEARUSDT,2023-01-16 22:15:00+00:00,92,-0.381818181818183,True,0.02914757103573712,3.0,0.02914757103573712,DIP,3,0.4109657528539201,0.4109657528539201,2023,2023-01
2,HBARUSDT,2023-01-21 11:30:00+00:00,10,-1.4569832402234637,False,,,-1.729902642559111,FALLBACK,8,,-0.2729194023356474,2023,2023-01
3,SKLUSDT,2023-02-18 03:30:00+00:00,14,6.399350883519639,False,,,0.02000338466745538,FALLBACK,8,,-6.379347498852184,2023,2023-02
4,FILUSDT,2023-03-16 05:30:00+00:00,78,4.024854162983904,False,,,2.1483030510798917,FALLBACK,8,,-1.8765511119040124,2023,2023-03
5,RLCUSDT,2023-03-16 05:30:00+00:00,81,3.3976015989340524,False,,,3.2255599472990726,FALLBACK,8,,-0.17204165163497986,2023,2023-03
6,NEOUSDT,2023-03-19 05:45:00+00:00,70,6.039600665557399,True,6.107821698906646,3.0,6.107821698906646,DIP,3,0.06822103334924723,0.06822103334924723,2023,2023-03
7,ALICEUSDT,2023-08-18 15:15:00+00:00,27,1.5663043478260976,True,2.805464480874309,2.0,2.805464480874309,DIP,2,1.2391601330482114,1.2391601330482114,2023,2023-08
8,CTKUSDT,2023-08-18 15:15:00+00:00,19,0.4097560975609761,False,,,0.40851926977687486,FALLBACK,8,,-0.0012368277841012243,2023,2023-08
9,CVCUSDT,2023-08-18 15:15:00+00:00,75,0.9299435028248484,True,2.791452991453003,6.0,2.791452991453003,DIP,6,1.8615094886281545,1.8615094886281545,2023,2023-08
10,GALAUSDT,2023-08-18 15:15:00+00:00,47,2.104147465437811,True,4.296124031007742,7.0,4.296124031007742,DIP,7,2.191976565569931,2.191976565569931,2023,2023-08
11,TRBUSDT,2023-08-18 15:15:00+00:00,2,1.0072434607645957,True,2.8425963488843964,2.0,2.8425963488843964,DIP,2,1.8353528881198007,1.8353528881198007,2023,2023-08
12,ZRXUSDT,2023-08-18 15:15:00+00:00,64,2.758236658932711,True,4.1148688046647175,2.0,4.1148688046647175,DIP,2,1.3566321457320063,1.3566321457320063,2023,2023-08
13,APEUSDT,2023-08-19 06:15:00+00:00,7,2.5528809218950066,True,3.532303732303732,2.0,3.532303732303732,DIP,2,0.9794228104087255,0.9794228104087255,2023,2023-08
14,IQUSDT,2024-03-05 03:15:00+00:00,70,-4.251029543419871,True,-3.090369199503229,3.0,-3.090369199503229,DIP,3,1.1606603439166419,1.1606603439166419,2024,2024-03
15,FLOKIUSDT,2024-03-06 03:15:00+00:00,1,11.344887013101191,False,,,-2.429399716401448,FALLBACK,8,,-13.77428672950264,2024,2024-03
16,ETCUSDT,2024-04-03 13:45:00+00:00,49,6.330343007915551,False,,,6.291803278688524,FALLBACK,8,,-0.03853972922702731,2024,2024-04
17,AMPUSDT,2024-08-06 09:30:00+00:00,43,6.5515546342908015,True,7.549627421758576,2.0,7.549627421758576,DIP,2,0.9980727874677742,0.9980727874677742,2024,2024-08
18,APEUSDT,2024-08-06 09:30:00+00:00,7,5.661456483126126,True,6.2285714285714056,4.0,6.2285714285714056,DIP,4,0.5671149454452795,0.5671149454452795,2024,2024-08
19,APTUSDT,2024-08-06 09:30:00+00:00,26,3.107392996108937,False,,,0.18684719535784228,FALLBACK,8,,-2.920545800751095,2024,2024-08
20,ARPAUSDT,2024-08-06 09:30:00+00:00,53,5.310585305105864,True,4.268749999999999,7.0,4.268749999999999,DIP,7,-1.0418353051058649,-1.0418353051058649,2024,2024-08
21,CKBUSDT,2024-08-06 09:30:00+00:00,34,5.316778523489929,False,,,0.5980845969672635,FALLBACK,8,,-4.718693926522666,2024,2024-08
22,CYBERUSDT,2024-08-06 09:30:00+00:00,4,4.667417362876858,True,6.015722120658129,4.0,6.015722120658129,DIP,4,1.3483047577812712,1.3483047577812712,2024,2024-08
23,DOTUSDT,2024-08-06 09:30:00+00:00,39,5.55241601472618,False,,,4.11192660550459,FALLBACK,8,,-1.4404894092215903,2024,2024-08
24,GMTUSDT,2024-08-06 09:30:00+00:00,67,6.1508064516129,True,6.595131845841795,4.0,6.595131845841795,DIP,4,0.44432539422889494,0.44432539422889494,2024,2024-08
25,GMXUSDT,2024-08-06 09:30:00+00:00,20,1.9915197713196835,True,3.3645472061657022,4.0,3.3645472061657022,DIP,4,1.3730274348460187,1.3730274348460187,2024,2024-08
26,HOTUSDT,2024-08-06 09:30:00+00:00,93,5.075229357798161,True,5.334204458109149,4.0,5.334204458109149,DIP,4,0.25897510031098747,0.25897510031098747,2024,2024-08
27,IOTAUSDT,2024-08-06 09:30:00+00:00,49,3.1546325878594184,True,4.1513295729250554,4.0,4.1513295729250554,DIP,4,0.9966969850656371,0.9966969850656371,2024,2024-08
28,KAVAUSDT,2024-08-06 09:30:00+00:00,83,5.08992878942014,True,4.167110201296476,7.0,4.167110201296476,DIP,7,-0.9228185881236648,-0.9228185881236648,2024,2024-08
29,MOVRUSDT,2024-08-06 09:30:00+00:00,3,5.317057569296391,False,,,2.5317331918843555,FALLBACK,8,,-2.785324377412035,2024,2024-08
30,MTLUSDT,2024-08-06 09:30:00+00:00,37,4.652071005917158,False,,,4.404486422668241,FALLBACK,8,,-0.24758458324891652,2024,2024-08
31,OSMOUSDT,2024-08-06 09:30:00+00:00,32,4.698074745186864,True,5.463062037564037,3.0,5.463062037564037,DIP,3,0.7649872923771728,0.7649872923771728,2024,2024-08
32,RONINUSDT,2024-08-06 09:30:00+00:00,8,-0.545781466113404,True,3.527598566308243,3.0,3.527598566308243,DIP,3,4.073380032421647,4.073380032421647,2024,2024-08
33,ROSEUSDT,2024-08-06 09:30:00+00:00,81,3.4110178031575344,False,,,1.511122294916967,FALLBACK,8,,-1.8998955082405675,2024,2024-08
34,RVNUSDT,2024-08-06 09:30:00+00:00,72,4.715824915824918,True,5.634464043419274,4.0,5.634464043419274,DIP,4,0.9186391275943562,0.9186391275943562,2024,2024-08
35,SNXUSDT,2024-08-06 09:30:00+00:00,93,3.613229571984444,False,,,1.2774494556765161,FALLBACK,8,,-2.3357801163079275,2024,2024-08
36,XECUSDT,2024-08-06 09:30:00+00:00,65,3.451877133105796,True,3.9537933401991188,4.0,3.9537933401991188,DIP,4,0.501916207093323,0.501916207093323,2024,2024-08
37,ZILUSDT,2024-08-06 09:30:00+00:00,17,3.216149068322971,True,4.260093896713624,4.0,4.260093896713624,DIP,4,1.0439448283906527,1.0439448283906527,2024,2024-08
38,ARKMUSDT,2024-08-25 17:15:00+00:00,76,0.6547008547008739,True,-1.4499999999999955,3.0,-1.4499999999999955,DIP,3,-2.1047008547008694,-2.1047008547008694,2024,2024-08
39,IOUSDT,2024-08-25 17:15:00+00:00,46,-4.568719965050239,False,,,-7.584882710686358,FALLBACK,8,,-3.0161627456361195,2024,2024-08
40,SANDUSDT,2024-12-06 13:45:00+00:00,38,0.8833147196783522,False,,,-0.1116412635299378,FALLBACK,8,,-0.9949559832082899,2024,2024-12
41,TKOUSDT,2025-02-03 02:45:00+00:00,3,7.302467917077982,True,12.411991729841466,1.0,12.411991729841466,DIP,1,5.109523812763484,5.109523812763484,2025,2025-02
42,ORDIUSDT,2025-02-03 03:15:00+00:00,13,11.2012184508268,True,14.010526315789473,4.0,14.010526315789473,DIP,4,2.8093078649626726,2.8093078649626726,2025,2025-02
43,ARKUSDT,2025-02-25 15:45:00+00:00,29,-2.232710280373829,True,-1.7529411764705902,2.0,-1.7529411764705902,DIP,2,0.4797691039032388,0.4797691039032388,2025,2025-02
44,ASTRUSDT,2025-02-25 15:45:00+00:00,39,5.105039787798416,True,6.217112299465244,2.0,6.217112299465244,DIP,2,1.1120725116668275,1.1120725116668275,2025,2025-02
45,AVAXUSDT,2025-02-25 15:45:00+00:00,86,5.850500238208678,False,,,2.0566995768688257,FALLBACK,8,,-3.7938006613398523,2025,2025-02
46,BANANAUSDT,2025-02-25 15:45:00+00:00,61,-0.6250797024442198,False,,,-6.208359456635326,FALLBACK,8,,-5.583279754191106,2025,2025-02
47,BANDUSDT,2025-02-25 15:45:00+00:00,1,10.68435374149659,False,,,5.109734513274322,FALLBACK,8,,-5.574619228222268,2025,2025-02
48,BATUSDT,2025-02-25 15:45:00+00:00,56,1.084403669724754,False,,,-1.9597087378640852,FALLBACK,8,,-3.0441124075888393,2025,2025-02
49,BLURUSDT,2025-02-25 15:45:00+00:00,35,4.411837048424294,True,5.303875968992244,2.0,5.303875968992244,DIP,2,0.8920389205679502,0.8920389205679502,2025,2025-02
50,BOMEUSDT,2025-02-25 15:45:00+00:00,83,1.2867841409691665,True,2.1372287145241975,2.0,2.1372287145241975,DIP,2,0.850444573555031,0.850444573555031,2025,2025-02
51,C98USDT,2025-02-25 15:45:00+00:00,28,3.7555006180469697,False,,,0.1667481662591898,FALLBACK,8,,-3.58875245178778,2025,2025-02
52,CAKEUSDT,2025-02-25 15:45:00+00:00,82,2.267411545623843,True,2.9603773584905513,2.0,2.9603773584905513,DIP,2,0.6929658128667082,0.6929658128667082,2025,2025-02
53,CHRUSDT,2025-02-25 15:45:00+00:00,78,-0.2,True,0.6354218880534781,2.0,0.6354218880534781,DIP,2,0.8354218880534781,0.8354218880534781,2025,2025-02
54,DUSKUSDT,2025-02-25 15:45:00+00:00,2,6.6760611205433085,True,7.2486301369863115,2.0,7.2486301369863115,DIP,2,0.5725690164430031,0.5725690164430031,2025,2025-02
55,FLOKIUSDT,2025-02-25 15:45:00+00:00,1,2.796438658970901,True,3.4293818902514595,2.0,3.4293818902514595,DIP,2,0.6329432312805583,0.6329432312805583,2025,2025-02
56,GALAUSDT,2025-02-25 15:45:00+00:00,47,2.905590062111796,True,3.341666666666665,2.0,3.341666666666665,DIP,2,0.4360766045548692,0.4360766045548692,2025,2025-02
57,INJUSDT,2025-02-25 15:45:00+00:00,52,1.9423106350420665,True,2.272952086553315,2.0,2.272952086553315,DIP,2,0.33064145151124835,0.33064145151124835,2025,2025-02
58,IOTAUSDT,2025-02-25 15:45:00+00:00,49,6.666288074341753,True,7.0584856396866735,2.0,7.0584856396866735,DIP,2,0.39219756534492056,0.39219756534492056,2025,2025-02
59,IOUSDT,2025-02-25 15:45:00+00:00,46,3.63304940374789,True,4.17768240343348,2.0,4.17768240343348,DIP,2,0.5446329996855903,0.5446329996855903,2025,2025-02
60,MAGICUSDT,2025-02-25 15:45:00+00:00,41,2.78507462686568,True,3.3592393954168687,2.0,3.3592393954168687,DIP,2,0.5741647685511886,0.5741647685511886,2025,2025-02
61,NEARUSDT,2025-02-25 15:45:00+00:00,92,5.472052251632875,True,5.974124176205331,2.0,5.974124176205331,DIP,2,0.5020719245724559,0.5020719245724559,2025,2025-02
62,NEIROUSDT,2025-02-25 15:45:00+00:00,19,5.717854607023876,True,8.900298690785236,2.0,8.900298690785236,DIP,2,3.182444083761361,3.182444083761361,2025,2025-02
63,NEOUSDT,2025-02-25 15:45:00+00:00,70,2.6969957081544926,True,3.0502708559046576,2.0,3.0502708559046576,DIP,2,0.353275147750165,0.353275147750165,2025,2025-02
64,ONEUSDT,2025-02-25 15:45:00+00:00,3,5.622416302765654,False,,,1.0875536480686734,FALLBACK,8,,-4.534862654696981,2025,2025-02
65,ONTUSDT,2025-02-25 15:45:00+00:00,32,2.1679417122040023,True,2.36880733944953,2.0,2.36880733944953,DIP,2,0.2008656272455278,0.2008656272455278,2025,2025-02
66,PENGUUSDT,2025-02-25 15:45:00+00:00,39,4.660937108494134,True,6.668096991240313,2.0,6.668096991240313,DIP,2,2.007159882746179,2.007159882746179,2025,2025-02
67,PHAUSDT,2025-02-25 15:45:00+00:00,30,3.521910112359561,True,4.622695035461,2.0,4.622695035461,DIP,2,1.1007849231014388,1.1007849231014388,2025,2025-02
68,PIXELUSDT,2025-02-25 15:45:00+00:00,76,3.998473282442738,True,4.6262548262548275,2.0,4.6262548262548275,DIP,2,0.6277815438120897,0.6277815438120897,2025,2025-02
69,QUICKUSDT,2025-02-25 15:45:00+00:00,5,5.143511450381677,True,5.73509820666096,2.0,5.73509820666096,DIP,2,0.5915867562792831,0.5915867562792831,2025,2025-02
70,RAREUSDT,2025-02-25 15:45:00+00:00,90,3.3234899328858925,True,3.854054054054057,2.0,3.854054054054057,DIP,2,0.5305641211681644,0.5305641211681644,2025,2025-02
71,ROSEUSDT,2025-02-25 15:45:00+00:00,81,6.114363143631429,True,6.730422919508872,2.0,6.730422919508872,DIP,2,0.6160597758774422,0.6160597758774422,2025,2025-02
72,SHIBUSDT,2025-02-25 15:45:00+00:00,63,3.5708484408992103,False,,,1.1005780346820873,FALLBACK,8,,-2.4702704062171232,2025,2025-02
73,SOLUSDT,2025-02-25 15:45:00+00:00,46,0.0735978112175185,False,,,-6.290552284833195,FALLBACK,8,,-6.364150096050714,2025,2025-02
74,STXUSDT,2025-02-25 15:45:00+00:00,12,6.609078771695609,True,7.648443843031139,2.0,7.648443843031139,DIP,2,1.0393650713355296,1.0393650713355296,2025,2025-02
75,THETAUSDT,2025-02-25 15:45:00+00:00,26,5.938790035587194,True,6.24583706356312,2.0,6.24583706356312,DIP,2,0.3070470279759263,0.3070470279759263,2025,2025-02
76,UMAUSDT,2025-02-25 15:45:00+00:00,1,3.11262939958592,False,,,-2.0417462482946735,FALLBACK,8,,-5.1543756478805935,2025,2025-02
77,UNIUSDT,2025-02-25 15:45:00+00:00,65,3.8061436068091536,False,,,-0.3398245837040846,FALLBACK,8,,-4.145968190513238,2025,2025-02
78,WLDUSDT,2025-02-25 15:45:00+00:00,42,3.444859813084112,False,,,-0.5710575139146521,FALLBACK,8,,-4.015917326998764,2025,2025-02
79,WOOUSDT,2025-02-25 15:45:00+00:00,79,4.730232558139536,True,5.147091932457792,2.0,5.147091932457792,DIP,2,0.41685937431825604,0.41685937431825604,2025,2025-02
80,YGGUSDT,2025-02-25 15:45:00+00:00,23,3.3892776010904235,False,,,0.11446540880504247,FALLBACK,8,,-3.2748121922853812,2025,2025-02
81,FIDAUSDT,2025-03-04 14:15:00+00:00,58,5.5420494699646605,False,,,4.151687388987546,FALLBACK,8,,-1.3903620809771144,2025,2025-03
82,PHAUSDT,2025-03-04 14:15:00+00:00,30,4.519999999999991,True,3.822526146419958,4.0,3.822526146419958,DIP,4,-0.6974738535800329,-0.6974738535800329,2025,2025-03
83,WAXPUSDT,2025-03-04 14:15:00+00:00,90,5.046793626117374,True,5.177619612495055,8.0,5.177619612495055,DIP,8,0.13082598637768061,0.13082598637768061,2025,2025-03
84,XECUSDT,2025-03-04 14:15:00+00:00,65,10.996540124939935,True,12.818039980497332,4.0,12.818039980497332,DIP,4,1.8214998555573967,1.8214998555573967,2025,2025-03
85,AIXBTUSDT,2025-03-06 14:15:00+00:00,27,-12.229081295439524,True,-9.541397849462362,1.0,-9.541397849462362,DIP,1,2.6876834459771626,2.6876834459771626,2025,2025-03
86,AIXBTUSDT,2025-03-07 18:15:00+00:00,27,-9.0150289017341,False,,,-10.482404055032589,FALLBACK,8,,-1.467375153298489,2025,2025-03
87,COTIUSDT,2025-03-11 15:15:00+00:00,7,3.3405449502365903,False,,,6.104700162074561,FALLBACK,8,,2.764155211837971,2025,2025-03
88,GMTUSDT,2025-03-11 15:15:00+00:00,67,2.9319910514541414,False,,,4.656512141280356,FALLBACK,8,,1.7245210898262142,2025,2025-03
89,HBARUSDT,2025-03-11 15:15:00+00:00,10,0.1904644471845353,True,4.3138707486547245,8.0,4.3138707486547245,DIP,8,4.123406301470189,4.123406301470189,2025,2025-03
90,MOVRUSDT,2025-03-11 15:15:00+00:00,3,2.68568257491677,False,,,4.926327352618087,FALLBACK,8,,2.240644777701317,2025,2025-03
91,PHAUSDT,2025-03-11 15:15:00+00:00,30,4.175569735642659,False,,,5.210279531109108,FALLBACK,8,,1.0347097954664486,2025,2025-03
92,RSRUSDT,2025-03-11 15:15:00+00:00,71,7.403872529245681,False,,,8.269891411648556,FALLBACK,8,,0.8660188824028756,2025,2025-03
93,SAGAUSDT,2025-03-11 15:15:00+00:00,41,0.4764705882352784,False,,,3.3338785046729047,FALLBACK,8,,2.8574079164376265,2025,2025-03
94,SKLUSDT,2025-03-11 15:15:00+00:00,14,2.278017585931247,False,,,5.448369132856001,FALLBACK,8,,3.1703515469247545,2025,2025-03
95,1INCHUSDT,2025-04-08 15:45:00+00:00,9,-1.3801242236024966,True,1.257541191381484,3.0,1.257541191381484,DIP,3,2.6376654149839807,2.6376654149839807,2025,2025-04
96,ACHUSDT,2025-04-08 15:45:00+00:00,30,-2.461967385586528,True,-0.7310674455655806,1.0,-0.7310674455655806,DIP,1,1.7308999400209475,1.7308999400209475,2025,2025-04
97,AEVOUSDT,2025-04-08 15:45:00+00:00,19,-0.5588516746411474,True,0.6413461538461676,1.0,0.6413461538461676,DIP,1,1.200197828487315,1.200197828487315,2025,2025-04
98,CELOUSDT,2025-04-08 15:45:00+00:00,42,0.389318600368327,True,1.736685288640594,3.0,1.736685288640594,DIP,3,1.3473666882722668,1.3473666882722668,2025,2025-04
99,IOSTUSDT,2025-04-08 15:45:00+00:00,88,2.192947103274556,True,4.434068392457657,3.0,4.434068392457657,DIP,3,2.241121289183101,2.241121289183101,2025,2025-04
100,LDOUSDT,2025-04-08 15:45:00+00:00,39,2.125581395348841,True,3.856162246489858,1.0,3.856162246489858,DIP,1,1.730580851141017,1.730580851141017,2025,2025-04
101,MANAUSDT,2025-04-08 15:45:00+00:00,84,0.6941176470588231,True,3.5445991358617146,3.0,3.5445991358617146,DIP,3,2.8504814888028918,2.8504814888028918,2025,2025-04
102,RADUSDT,2025-04-08 15:45:00+00:00,42,-1.251051051051055,True,2.5272727272727336,6.0,2.5272727272727336,DIP,6,3.778323778323789,3.778323778323789,2025,2025-04
103,SLPUSDT,2025-04-08 15:45:00+00:00,54,-1.2393466963622977,True,0.322778192681117,1.0,0.322778192681117,DIP,1,1.5621248890434147,1.5621248890434147,2025,2025-04
104,XVGUSDT,2025-04-08 15:45:00+00:00,79,0.8712372790573133,True,2.307414397411689,1.0,2.307414397411689,DIP,1,1.4361771183543757,1.4361771183543757,2025,2025-04
105,ZILUSDT,2025-04-08 15:45:00+00:00,17,0.1000000000000113,True,1.931979695431463,3.0,1.931979695431463,DIP,3,1.8319796954314516,1.8319796954314516,2025,2025-04
106,GPSUSDT,2025-04-25 03:15:00+00:00,96,10.226540284360189,False,,,5.381395348837215,FALLBACK,8,,-4.845144935522974,2025,2025-04
107,PNUTUSDT,2025-07-12 05:30:00+00:00,60,-1.0333333333333414,True,0.27566776436152035,2.0,0.27566776436152035,DIP,2,1.3090010976948618,1.3090010976948618,2025,2025-07
108,SKLUSDT,2025-07-12 05:30:00+00:00,14,-0.1022960429897244,False,,,0.1866602223296267,FALLBACK,8,,0.2889562653193511,2025,2025-07
109,PEPEUSDT,2025-11-15 21:15:00+00:00,60,-5.389620758483038,True,-4.030645161290325,1.0,-4.030645161290325,DIP,1,1.358975597192713,1.358975597192713,2025,2025-11
110,APTUSDT,2025-11-22 09:45:00+00:00,26,0.3995717344753792,True,1.2236410698878377,2.0,1.2236410698878377,DIP,2,0.8240693354124585,0.8240693354124585,2025,2025-11
111,DOGEUSDT,2025-11-22 09:45:00+00:00,0,3.733072577140395,True,4.578631540431766,2.0,4.578631540431766,DIP,2,0.8455589632913707,0.8455589632913707,2025,2025-11
112,PEPEUSDT,2025-11-22 09:45:00+00:00,60,3.2739454094292686,False,,,1.7607843137254833,FALLBACK,8,,-1.5131610957037853,2025,2025-11
113,STRAXUSDT,2025-11-22 09:45:00+00:00,80,22.18805970149252,True,25.886956521739137,2.0,25.886956521739137,DIP,2,3.698896820246617,3.698896820246617,2025,2025-11
114,MITOUSDT,2025-11-23 18:15:00+00:00,58,10.642218761231591,False,,,-3.0342245989304795,FALLBACK,8,,-13.676443360162072,2025,2025-11
115,ADAUSDT,2026-02-02 04:00:00+00:00,59,5.9990789939780464,True,7.111827956989236,5.0,7.111827956989236,DIP,5,1.1127489630111898,1.1127489630111898,2026,2026-02
116,ALLOUSDT,2026-02-02 04:00:00+00:00,39,-2.639024390243905,True,-1.281916537867067,5.0,-1.281916537867067,DIP,5,1.3571078523768378,1.3571078523768378,2026,2026-02
117,ARBUSDT,2026-02-02 04:00:00+00:00,14,2.807518796992481,True,3.6842345773038687,4.0,3.6842345773038687,DIP,4,0.8767157803113879,0.8767157803113879,2026,2026-02
118,BANANAS31USDT,2026-02-02 04:00:00+00:00,16,4.112056737588654,True,4.768589377498578,5.0,4.768589377498578,DIP,5,0.6565326399099236,0.6565326399099236,2026,2026-02
119,BNBUSDT,2026-02-02 04:00:00+00:00,84,3.918405847733197,True,4.873199799563932,5.0,4.873199799563932,DIP,5,0.9547939518307351,0.9547939518307351,2026,2026-02
120,CFXUSDT,2026-02-02 04:00:00+00:00,2,3.5037037037036978,True,4.285981308411224,5.0,4.285981308411224,DIP,5,0.7822776047075264,0.7822776047075264,2026,2026-02
121,DOGEUSDT,2026-02-02 04:00:00+00:00,0,4.942017629774731,True,6.116937723125737,5.0,6.116937723125737,DIP,5,1.1749200933510062,1.1749200933510062,2026,2026-02
122,DOTUSDT,2026-02-02 04:00:00+00:00,39,3.643560350640596,True,4.861559507523938,5.0,4.861559507523938,DIP,5,1.2179991568833421,1.2179991568833421,2026,2026-02
123,DYDXUSDT,2026-02-02 04:00:00+00:00,1,2.8864197530864333,True,4.327712724434041,5.0,4.327712724434041,DIP,5,1.4412929713476075,1.4412929713476075,2026,2026-02
124,EIGENUSDT,2026-02-02 04:00:00+00:00,81,1.4064257028112428,True,2.2390243902439044,5.0,2.2390243902439044,DIP,5,0.8325986874326616,0.8325986874326616,2026,2026-02
125,ENAUSDT,2026-02-02 04:00:00+00:00,60,3.591821561338282,True,4.444194756554287,5.0,4.444194756554287,DIP,5,0.8523731952160052,0.8523731952160052,2026,2026-02
126,FILUSDT,2026-02-02 04:00:00+00:00,78,5.247470817120625,True,6.47320902845927,5.0,6.47320902845927,DIP,5,1.225738211338645,1.225738211338645,2026,2026-02
127,FLOKIUSDT,2026-02-02 04:00:00+00:00,1,5.947418680990735,True,6.998795180722905,5.0,6.998795180722905,DIP,5,1.0513764997321706,1.0513764997321706,2026,2026-02
128,GALAUSDT,2026-02-02 04:00:00+00:00,47,3.2408602150537646,True,3.930434782608705,5.0,3.930434782608705,DIP,5,0.6895745675549403,0.6895745675549403,2026,2026-02
129,GMTUSDT,2026-02-02 04:00:00+00:00,67,3.9728763040238535,True,4.604804804804807,4.0,4.604804804804807,DIP,4,0.6319285007809539,0.6319285007809539,2026,2026-02
130,IOTXUSDT,2026-02-02 04:00:00+00:00,29,4.752076677316297,True,6.4450567260939895,5.0,6.4450567260939895,DIP,5,1.6929800487776925,1.6929800487776925,2026,2026-02
131,LINKUSDT,2026-02-02 04:00:00+00:00,44,5.982212581344881,True,6.473960612691454,5.0,6.473960612691454,DIP,5,0.49174803134657274,0.49174803134657274,2026,2026-02
132,MUBARAKUSDT,2026-02-02 04:00:00+00:00,27,4.646938775510212,True,5.451894669235702,5.0,5.451894669235702,DIP,5,0.8049558937254897,0.8049558937254897,2026,2026-02
133,OPUSDT,2026-02-02 04:00:00+00:00,31,1.6141592920353889,True,2.5802690582959587,5.0,2.5802690582959587,DIP,5,0.9661097662605698,0.9661097662605698,2026,2026-02
134,ORDIUSDT,2026-02-02 04:00:00+00:00,13,1.7350606756313616,True,2.848376408217357,5.0,2.848376408217357,DIP,5,1.1133157325859953,1.1133157325859953,2026,2026-02
135,PENDLEUSDT,2026-02-02 04:00:00+00:00,53,0.840312093628093,True,1.1770491803278829,5.0,1.1770491803278829,DIP,5,0.33673708669978986,0.33673708669978986,2026,2026-02
136,PENGUUSDT,2026-02-02 04:00:00+00:00,39,4.509851551956823,True,5.1924914675767875,5.0,5.1924914675767875,DIP,5,0.6826399156199647,0.6826399156199647,2026,2026-02
137,RUNEUSDT,2026-02-02 04:00:00+00:00,22,3.3320088300220707,True,3.5694013303769534,5.0,3.5694013303769534,DIP,5,0.23739250035488269,0.23739250035488269,2026,2026-02
138,STRKUSDT,2026-02-02 04:00:00+00:00,17,5.15055350553506,True,5.376208178438668,5.0,5.376208178438668,DIP,5,0.22565467290360797,0.22565467290360797,2026,2026-02
139,STXUSDT,2026-02-02 04:00:00+00:00,12,20.11620553359684,True,19.76785857774206,5.0,19.76785857774206,DIP,5,-0.3483469558547796,-0.3483469558547796,2026,2026-02
140,SUIUSDT,2026-02-02 04:00:00+00:00,33,4.768830216354969,True,5.856102545049224,5.0,5.856102545049224,DIP,5,1.0872723286942554,1.0872723286942554,2026,2026-02
141,TAOUSDT,2026-02-02 04:00:00+00:00,56,5.563073639274263,True,7.175271149674622,5.0,7.175271149674622,DIP,5,1.6121975104003594,1.6121975104003594,2026,2026-02
142,THETAUSDT,2026-02-02 04:00:00+00:00,26,4.539336492891,True,6.530769230769229,5.0,6.530769230769229,DIP,5,1.9914327378782293,1.9914327378782293,2026,2026-02
143,ZENUSDT,2026-02-02 04:00:00+00:00,14,-0.6022988505747116,True,0.01758050478677403,5.0,0.01758050478677403,DIP,5,0.6198793553614856,0.6198793553614856,2026,2026-02
144,ZILUSDT,2026-02-02 04:00:00+00:00,17,67.2185463659148,True,72.02222222222221,5.0,72.02222222222221,DIP,5,4.803675856307407,4.803675856307407,2026,2026-02
145,ANIMEUSDT,2026-02-02 04:30:00+00:00,96,2.6960817717206043,True,2.882191780821919,1.0,2.882191780821919,DIP,1,0.1861100091013146,0.1861100091013146,2026,2026-02
146,STRAXUSDT,2026-02-03 10:00:00+00:00,80,-2.946268656716433,True,-2.308433734939752,2.0,-2.308433734939752,DIP,2,0.637834921776681,0.637834921776681,2026,2026-02
147,INJUSDT,2026-06-05 03:30:00+00:00,52,-4.407547169811321,True,-3.8242884250474396,1.0,-3.8242884250474396,DIP,1,0.5832587447638811,0.5832587447638811,2026,2026-06
148,WALUSDT,2026-06-05 03:30:00+00:00,46,-4.721276595744683,True,-3.9433155080214055,1.0,-3.9433155080214055,DIP,1,0.7779610877232779,0.7779610877232779,2026,2026-06
149,0GUSDT,2026-06-06 11:00:00+00:00,88,4.919453924914685,False,,,1.483501683501687,FALLBACK,8,,-3.4359522414129984,2026,2026-06
150,1INCHUSDT,2026-06-06 11:00:00+00:00,9,3.049630723781393,False,,,1.2598540145985384,FALLBACK,8,,-1.7897767091828547,2026,2026-06
151,1MBABYDOGEUSDT,2026-06-06 11:00:00+00:00,15,5.07803958529689,False,,,2.3371287128712837,FALLBACK,8,,-2.740910872425606,2026,2026-06
152,2ZUSDT,2026-06-06 11:00:00+00:00,50,1.1706620005832449,False,,,-1.735591274397241,FALLBACK,8,,-2.906253274980486,2026,2026-06
153,ACTUSDT,2026-06-06 11:00:00+00:00,48,3.171970495258148,False,,,0.3165289256198413,FALLBACK,8,,-2.8554415696383066,2026,2026-06
154,AEVOUSDT,2026-06-06 11:00:00+00:00,19,3.138632750397452,False,,,0.7414225941422494,FALLBACK,8,,-2.397210156255203,2026,2026-06
155,ALTUSDT,2026-06-06 11:00:00+00:00,43,0.6912655971479389,False,,,-1.9605633802816989,FALLBACK,8,,-2.6518289774296377,2026,2026-06
156,API3USDT,2026-06-06 11:00:00+00:00,50,3.82090872537193,False,,,0.9062821019359959,FALLBACK,8,,-2.914626623435934,2026,2026-06
157,APTUSDT,2026-06-06 11:00:00+00:00,26,4.141085271317824,False,,,0.25385779122542046,FALLBACK,8,,-3.8872274800924034,2026,2026-06
158,ARKMUSDT,2026-06-06 11:00:00+00:00,76,4.045709123757901,False,,,1.0422360248447229,FALLBACK,8,,-3.0034730989131786,2026,2026-06
159,ATOMUSDT,2026-06-06 11:00:00+00:00,34,4.266501240694787,False,,,1.9354484441732824,FALLBACK,8,,-2.3310527965215044,2026,2026-06
160,AUSDT,2026-06-06 11:00:00+00:00,43,2.925,False,,,0.12206119162641044,FALLBACK,8,,-2.8029388083735896,2026,2026-06
161,AVNTUSDT,2026-06-06 11:00:00+00:00,88,0.978781925343797,False,,,-1.3605415860735046,FALLBACK,8,,-2.3393235114173017,2026,2026-06
162,BARDUSDT,2026-06-06 11:00:00+00:00,95,2.502702702702697,False,,,0.31948051948051964,FALLBACK,8,,-2.1832221832221776,2026,2026-06
163,BERAUSDT,2026-06-06 11:00:00+00:00,2,2.3210084033613576,False,,,0.2184100418409997,FALLBACK,8,,-2.102598361520358,2026,2026-06
164,BLURUSDT,2026-06-06 11:00:00+00:00,35,4.631804281345553,False,,,2.698550724637694,FALLBACK,8,,-1.933253556707859,2026,2026-06
165,BROCCOLI714USDT,2026-06-06 11:00:00+00:00,2,5.355555555555558,False,,,2.522323049001818,FALLBACK,8,,-2.83323250655374,2026,2026-06
166,CELOUSDT,2026-06-06 11:00:00+00:00,42,2.825667176610569,False,,,0.8805335134222549,FALLBACK,8,,-1.945133663188314,2026,2026-06
167,CTSIUSDT,2026-06-06 11:00:00+00:00,61,21.75344591510726,False,,,19.90845006778128,FALLBACK,8,,-1.844995847325979,2026,2026-06
168,CYBERUSDT,2026-06-06 11:00:00+00:00,4,3.2383954154727723,False,,,0.6474576271186419,FALLBACK,8,,-2.5909377883541307,2026,2026-06
169,DOGEUSDT,2026-06-06 11:00:00+00:00,0,4.221600198166953,False,,,2.0807659470667206,FALLBACK,8,,-2.140834251100232,2026,2026-06
170,EIGENUSDT,2026-06-06 11:00:00+00:00,81,5.487500000000001,False,,,3.5943696450428497,FALLBACK,8,,-1.893130354957151,2026,2026-06
171,ENSOUSDT,2026-06-06 11:00:00+00:00,32,3.0608695652173834,False,,,-0.3776198934280493,FALLBACK,8,,-3.438489458645433,2026,2026-06
172,ENSUSDT,2026-06-06 11:00:00+00:00,70,4.497986577181212,False,,,1.782378854625555,FALLBACK,8,,-2.7156077225556574,2026,2026-06
173,ERAUSDT,2026-06-06 11:00:00+00:00,74,3.2055727554179514,False,,,0.4103763987792554,FALLBACK,8,,-2.795196356638696,2026,2026-06
174,ETCUSDT,2026-06-06 11:00:00+00:00,49,4.413095238095255,False,,,1.852785923753664,FALLBACK,8,,-2.560309314341591,2026,2026-06
175,FILUSDT,2026-06-06 11:00:00+00:00,78,5.788857938718661,False,,,3.3519125683060036,FALLBACK,8,,-2.4369453704126576,2026,2026-06
176,FLOWUSDT,2026-06-06 11:00:00+00:00,44,3.65814497272019,False,,,2.075356729656752,FALLBACK,8,,-1.5827882430634377,2026,2026-06
177,FOGOUSDT,2026-06-06 11:00:00+00:00,49,2.208563782337203,False,,,0.5957559681697646,FALLBACK,8,,-1.6128078141674382,2026,2026-06
178,IMXUSDT,2026-06-06 11:00:00+00:00,46,2.5178257394084858,False,,,0.35248618784531355,FALLBACK,8,,-2.1653395515631724,2026,2026-06
179,IOUSDT,2026-06-06 11:00:00+00:00,46,0.7665427509293556,True,0.7737827715355696,5.0,0.7737827715355696,DIP,5,0.007240020606213982,0.007240020606213982,2026,2026-06
180,KATUSDT,2026-06-06 11:00:00+00:00,53,2.9936127744511154,False,,,1.3841584158415856,FALLBACK,8,,-1.6094543586095298,2026,2026-06
181,KSMUSDT,2026-06-06 11:00:00+00:00,20,3.1898305084745893,False,,,2.02841225626742,FALLBACK,8,,-1.1614182522071692,2026,2026-06
182,LAYERUSDT,2026-06-06 11:00:00+00:00,86,2.196166134185296,False,,,-0.3582278481012667,FALLBACK,8,,-2.554393982286563,2026,2026-06
183,LDOUSDT,2026-06-06 11:00:00+00:00,39,4.533959311424107,False,,,1.6069973087273983,FALLBACK,8,,-2.926962002696709,2026,2026-06
184,LINEAUSDT,2026-06-06 11:00:00+00:00,74,3.1044196612969976,False,,,1.1860578883000408,FALLBACK,8,,-1.9183617729969569,2026,2026-06
185,LINKUSDT,2026-06-06 11:00:00+00:00,44,5.91347712597885,False,,,4.091903601408076,FALLBACK,8,,-1.8215735245707743,2026,2026-06
186,LISTAUSDT,2026-06-06 11:00:00+00:00,57,3.1203125,False,,,1.1513513513513598,FALLBACK,8,,-1.96896114864864,2026,2026-06
187,LUNAUSDT,2026-06-06 11:00:00+00:00,40,4.503476482617597,False,,,2.634008097165985,FALLBACK,8,,-1.8694683854516114,2026,2026-06
188,MANAUSDT,2026-06-06 11:00:00+00:00,84,1.4641452344931862,False,,,0.2497751124437954,FALLBACK,8,,-1.2143701220493908,2026,2026-06
189,MASKUSDT,2026-06-06 11:00:00+00:00,70,2.970028818443815,False,,,0.6522727272727293,FALLBACK,8,,-2.317756091171086,2026,2026-06
190,METISUSDT,2026-06-06 11:00:00+00:00,77,5.149794238683114,False,,,2.6455284552845404,FALLBACK,8,,-2.5042657833985738,2026,2026-06
191,MUBARAKUSDT,2026-06-06 11:00:00+00:00,27,3.560162601626016,False,,,1.1986013986013957,FALLBACK,8,,-2.3615612030246202,2026,2026-06
192,NEIROUSDT,2026-06-06 11:00:00+00:00,19,2.9710442024343253,False,,,-0.6383904806638305,FALLBACK,8,,-3.609434683098156,2026,2026-06
193,OPUSDT,2026-06-06 11:00:00+00:00,31,0.5352941176470563,False,,,-2.4750775594622465,FALLBACK,8,,-3.010371677109303,2026,2026-06
194,ORDIUSDT,2026-06-06 11:00:00+00:00,13,1.0253233492171443,False,,,-0.8706908115358789,FALLBACK,8,,-1.8960141607530232,2026,2026-06
195,PLUMEUSDT,2026-06-06 11:00:00+00:00,19,3.069754768392352,False,,,0.6000000000000008,FALLBACK,8,,-2.4697547683923515,2026,2026-06
196,PNUTUSDT,2026-06-06 11:00:00+00:00,60,4.060651629072676,False,,,1.7704433497536922,FALLBACK,8,,-2.2902082793189837,2026,2026-06
197,RAYUSDT,2026-06-06 11:00:00+00:00,16,4.527272727272713,False,,,2.304472271914104,FALLBACK,8,,-2.222800455358609,2026,2026-06
198,RENDERUSDT,2026-06-06 11:00:00+00:00,71,2.5244582043343566,False,,,-0.13920972644376733,FALLBACK,8,,-2.663667930778124,2026,2026-06
199,RLCUSDT,2026-06-06 11:00:00+00:00,81,3.75770392749244,False,,,-1.8440726853187093,FALLBACK,8,,-5.6017766128111495,2026,2026-06
200,ROSEUSDT,2026-06-06 11:00:00+00:00,81,4.681889763779523,False,,,1.9671826625387026,FALLBACK,8,,-2.714707101240821,2026,2026-06
201,RSRUSDT,2026-06-06 11:00:00+00:00,71,5.800000000000005,False,,,3.6051750380517333,FALLBACK,8,,-2.194824961948272,2026,2026-06
202,SAGAUSDT,2026-06-06 11:00:00+00:00,41,2.3430067314884173,False,,,-0.12630803242446015,FALLBACK,8,,-2.4693147639128776,2026,2026-06
203,SUIUSDT,2026-06-06 11:00:00+00:00,33,7.27703788748566,False,,,3.2569277948145903,FALLBACK,8,,-4.02011009267107,2026,2026-06
204,SUPERUSDT,2026-06-06 11:00:00+00:00,76,2.676106194690276,False,,,1.006140350877183,FALLBACK,8,,-1.6699658438130933,2026,2026-06
205,TAOUSDT,2026-06-06 11:00:00+00:00,56,8.715537017726806,False,,,4.67062404870624,FALLBACK,8,,-4.044912969020566,2026,2026-06
206,TIAUSDT,2026-06-06 11:00:00+00:00,33,6.908843537414966,False,,,4.612834224598927,FALLBACK,8,,-2.2960093128160386,2026,2026-06
207,TRBUSDT,2026-06-06 11:00:00+00:00,2,3.4747458952306465,False,,,-0.04639016897081111,FALLBACK,8,,-3.5211360642014577,2026,2026-06
208,TRUMPUSDT,2026-06-06 11:00:00+00:00,72,4.543589743589727,False,,,1.6915510718789497,FALLBACK,8,,-2.852038671710777,2026,2026-06
209,VIRTUALUSDT,2026-06-06 11:00:00+00:00,65,4.21988950276242,False,,,2.4618049225159533,FALLBACK,8,,-1.758084580246467,2026,2026-06
210,WIFUSDT,2026-06-06 11:00:00+00:00,1,5.966219839142095,False,,,2.6814669286181925,FALLBACK,8,,-3.2847529105239026,2026,2026-06
211,XTZUSDT,2026-06-06 11:00:00+00:00,87,2.6918692372170927,False,,,-1.3138613861386148,FALLBACK,8,,-4.005730623355707,2026,2026-06
212,XVGUSDT,2026-06-06 11:00:00+00:00,79,4.00065252854811,False,,,3.508231458842692,FALLBACK,8,,-0.49242106970541766,2026,2026-06
213,YGGUSDT,2026-06-06 11:00:00+00:00,23,3.047794707297502,False,,,0.9829652996845353,FALLBACK,8,,-2.064829407612967,2026,2026-06
214,ZAMAUSDT,2026-06-06 11:00:00+00:00,38,7.429812787001078,False,,,4.036694677871155,FALLBACK,8,,-3.3931181091299223,2026,2026-06
215,ARKUSDT,2026-06-06 18:30:00+00:00,29,1.4101694915254372,False,,,0.13840947546530663,FALLBACK,8,,-1.2717600160601306,2026,2026-06
216,LINKUSDT,2026-06-06 18:30:00+00:00,44,5.329765155652644,False,,,4.385778626996051,FALLBACK,8,,-0.9439865286565929,2026,2026-06
217,NEOUSDT,2026-06-06 18:30:00+00:00,70,1.5477562588568583,False,,,-0.011676082862521586,FALLBACK,8,,-1.5594323417193798,2026,2026-06
218,PLUMEUSDT,2026-06-06 18:30:00+00:00,19,1.6132366273798884,False,,,-2.4065313327449323,FALLBACK,8,,-4.01976796012482,2026,2026-06
219,SCRUSDT,2026-06-06 18:30:00+00:00,30,2.2225697638761144,True,2.3046382189239267,7.0,2.3046382189239267,DIP,7,0.08206845504781235,0.08206845504781235,2026,2026-06
220,SIGNUSDT,2026-06-06 18:30:00+00:00,68,-0.0850574712643491,False,,,-1.470207852193983,FALLBACK,8,,-1.385150380929634,2026,2026-06
221,SUSDT,2026-06-06 18:30:00+00:00,12,0.6547008547008517,False,,,-1.1569377990430671,FALLBACK,8,,-1.8116386537439189,2026,2026-06
222,YBUSDT,2026-06-06 18:30:00+00:00,5,8.902402022756007,True,2.7187817258883307,4.0,2.7187817258883307,DIP,4,-6.183620296867677,-6.183620296867677,2026,2026-06
223,PORTALUSDT,2026-06-06 18:45:00+00:00,63,-15.88627450980392,True,-16.073015873015873,2.0,-16.073015873015873,DIP,2,-0.18674136321195256,-0.18674136321195256,2026,2026-06
224,1000SATSUSDT,2026-08-22 06:00:00+00:00,51,-8.256872037914697,False,,,-8.16252927400467,FALLBACK,8,,0.09434276391002605,2026,2026-08
