policy,stable_dev,score,disc_mean,disc_win,disc_pf,cal_mean,cal_win,cal_pf
trail_atr1p0_act2p0,False,-0.31295132097399336,0.03227816100112338,79.65313028764805,1.0238844306843649,-0.2863358696913,76.9916142557652,0.8225636581153776
bar_sl0p75_tp3p0_72h,False,-0.3893095552034671,-0.18157164525216002,20.60067681895093,0.7592825228521963,-0.3272743361228056,16.666666666666664,0.5864318727955897
bar_sl0p75_tp4p0_72h,False,-0.39069517462228576,-0.17340801808083012,16.58206429780034,0.7811804447832379,-0.3305391658591962,13.20754716981132,0.5989599415794027
trail_atr1p0_act1p5,False,-0.39308190769924345,-0.08406263177175058,82.69881556683588,0.9246603634656372,-0.3532476144179272,80.76519916142557,0.7344380447912248
bar_sl0p75_tp8p0_72h,False,-0.3963053825893182,-0.16578160334263717,10.363790186125211,0.8053164549802565,-0.33836527273485356,7.70440251572327,0.6137326009702357
bar_sl0p75_tp2p0_72h,False,-0.39888437793108533,-0.21153340527067693,26.86125211505922,0.6955557090743784,-0.3313589496817124,22.48427672955975,0.5498304783375138
bar_sl0p75_tp1p5_72h,False,-0.4043602298362331,-0.22760152284263957,32.10659898477157,0.6471224790949338,-0.33207547169811324,27.463312368972748,0.5181016124125344
bar_sl1p5_tp2p0_72h,False,-0.4046077982666223,-0.1934201646573397,43.02030456852792,0.7998545018479056,-0.3538348358029165,38.41719077568134,0.6615135835752949
bar_sl1p5_tp3p0_72h,False,-0.4051144341707521,-0.16328900985056194,34.34856175972927,0.8532490809649425,-0.3597852502996984,29.874213836477985,0.6978054408596418
bar_sl1p5_tp4p0_72h,False,-0.40785882757150216,-0.12788890368488845,29.018612521150594,0.8937185515721323,-0.36514651609478915,24.47589098532495,0.7152512568219135
bar_sl0p75_tp1p0_72h,False,-0.4085169262318244,-0.22083333333333333,41.66666666666667,0.6015037593984964,-0.3281446540880503,35.53459119496855,0.4641848523748394
bar_sl0p75_tp5p0_72h,False,-0.4229461267507563,-0.17046707919139578,13.917089678511,0.791550924500991,-0.35944708043251505,10.534591194968554,0.5766730245450582
bar_sl1p5_tp1p5_72h,False,-0.42397262853686457,-0.21963626239343553,49.323181049069376,0.7447703195454768,-0.36581970163483096,44.44444444444444,0.6123138206531091
trail_atr2p5_act2p0,False,-0.4271707168107925,-0.20584459260531193,70.34686971235195,0.8556672944195806,-0.39234882864854476,66.98113207547169,0.7678540789183486
bar_sl1p0_tp2p0_72h,False,-0.42782961112266527,-0.19511732805711057,33.50253807106599,0.7553202518160075,-0.36463987211357823,27.830188679245282,0.5787350732727532
bar_sl1p0_tp3p0_72h,False,-0.43035432148780906,-0.15992223086970142,26.14213197969543,0.8194528792185184,-0.37166217126283496,20.80712788259958,0.6087189985001727
bar_sl0p75_tp6p0_72h,False,-0.4313277231056811,-0.15741906926383264,12.39424703891709,0.8108522810034816,-0.3674614853551443,9.067085953878406,0.5742250816630878
bar_sl2p0_tp1p5_72h,False,-0.44093301133994595,-0.20101908995965867,57.021996615905245,0.7866064320936349,-0.38616396904425776,51.78197064989518,0.6348730513620787
bar_sl2p0_tp2p0_72h,False,-0.4414048035880328,-0.17436132237677915,50.54991539763113,0.8388454158603794,-0.3924109142255847,45.125786163522015,0.6733740709170128
bar_sl1p0_tp1p5_72h,False,-0.44142186339648926,-0.21044632243907593,39.59390862944163,0.7096783927136,-0.37190775681341715,33.123689727463315,0.5365726227795194
bar_sl1p0_tp1p0_72h,False,-0.4428330568905947,-0.21607445008460235,49.19627749576988,0.6455731334998612,-0.36457023060796645,41.77148846960168,0.47824782478247835
trail_atr3p0_act2p0,False,-0.4514861095407331,-0.17538213128139932,64.89001692047377,0.8809550133499154,-0.41568261858701866,62.36897274633124,0.7613100603085704
bar_sl1p0_tp4p0_72h,False,-0.45176505726458804,-0.14107755462899757,21.446700507614214,0.8502535772750474,-0.3930087620055148,16.352201257861633,0.608291364939512
bar_sl1p5_tp1p0_72h,False,-0.4522087953671714,-0.22418098123092856,59.01015228426396,0.6780221856216028,-0.3810188630604075,52.725366876310275,0.5254004512882408
fixed_6h,False,-0.4604468844438532,-0.21652498497129807,44.33164128595601,0.7863542198919135,-0.40931398831351434,38.102725366876314,0.6591140257977413
bar_sl2p0_tp1p0_72h,False,-0.46580931157826594,-0.20429942454734148,66.49746192893402,0.7225244896891547,-0.39782166942416014,60.0104821802935,0.5467490523059614
bar_sl1p0_tp8p0_72h,False,-0.4661060997968297,-0.135668352600174,13.663282571912013,0.868922354333002,-0.40928011256702745,9.853249475890985,0.6211600851346516
bar_sl2p0_tp3p0_72h,False,-0.47170024557098567,-0.14276341177128513,41.28595600676819,0.8885472775651175,-0.4263475906125131,35.63941299790356,0.6976489669435163
bar_sl1p5_tp8p0_72h,False,-0.4720174639658596,-0.12801118020829308,19.37394247038917,0.9062421314699535,-0.42740981625393065,15.199161425576522,0.7026156819204737
bar_sl1p5_tp5p0_72h,False,-0.4763178199659929,-0.10406153364960669,25.296108291032148,0.9177158786533491,-0.4288852060046421,20.07337526205451,0.6837825735909946
trail_atr1p5_act2p0,False,-0.47907294413790824,-0.1370168513113074,77.79187817258884,0.8992614117215711,-0.43864106044169127,74.84276729559748,0.7304541086918868
trail_atr2p5_act1p5,False,-0.48727148643047946,-0.26259345893776825,65.05922165820644,0.7885904765350458,-0.4421060402742685,61.16352201257862,0.6988970256252599
bar_sl1p0_tp5p0_72h,False,-0.48793717972451334,-0.12960408196003204,18.316412859560067,0.8676408953581429,-0.42642202057803946,13.259958071278827,0.5898989390235075
fixed_12h,False,-0.4887031392452873,-0.01721663710644935,47.25042301184433,0.9872004230533878,-0.4466029880330169,41.9811320754717,0.7193323252515306
bar_sl2p0_tp4p0_72h,False,-0.49000353220026865,-0.08462936229310394,35.659898477157356,0.9396350672846469,-0.4465596634149064,29.612159329140464,0.7103742080975849
be_act2p0_stop0p0_tp4p0,False,-0.5010778553658434,-0.09955024117241998,36.80203045685279,0.9306669625313313,-0.4603798880104354,34.276729559748425,0.7286802176306132
trail_atr3p0_act1p5,False,-0.5024884813749033,-0.22570566488747615,59.64467005076142,0.82749631676644,-0.45807690343472207,54.979035639413,0.7039228137321248
bar_sl1p5_tp6p0_72h,False,-0.5027799557090074,-0.11705443255005368,22.377326565143825,0.910936489084858,-0.4540056772810968,17.61006289308176,0.6748381438139295
bar_sl1p0_tp6p0_72h,False,-0.5034215425545376,-0.12520965383077776,16.159052453468696,0.8754223990061836,-0.4410579403834433,11.477987421383649,0.5842426521927043
fixed_3h,False,-0.5042637895367987,-0.2510000908298268,41.159052453468696,0.6694440015080414,-0.431426177869243,35.482180293501045,0.5144159222162951
be_act2p0_stop0p0_tp3p0,False,-0.509139045266214,-0.1047535910189121,47.88494077834179,0.9258990775304117,-0.467323534272432,44.49685534591195,0.7212299267081201
bar_sl2p5_tp1p5_72h,False,-0.5106444508398321,-0.2053895954579875,62.22504230118443,0.7974270247827243,-0.453069923835485,56.079664570230605,0.6161698199710193
trail_atr2p0_act2p0,False,-0.5123733395932533,-0.18694517220584334,74.23857868020305,0.8652224304865203,-0.46975767923616546,71.12159329140462,0.7158955976194146
bar_sl2p5_tp1p0_72h,False,-0.5250336787365989,-0.21318267327830595,71.02368866328257,0.7271688472794672,-0.45450749842922394,64.0461215932914,0.5298254646175006
bar_sl2p5_tp2p0_72h,False,-0.5290576268350191,-0.17703067565864106,55.87986463620981,0.8500033415724048,-0.4765032195033068,49.266247379454924,0.6496372844552516
be_act2p0_stop0p5_tp3p0,False,-0.531706899971977,-0.17028283115301332,80.16074450084602,0.8737813105382982,-0.4864050807842092,77.41090146750524,0.6979878720815481
progress_3h_mfe1p0_exit48h,False,-0.5317391101193014,0.2798623333362562,32.69881556683587,1.1803437413987325,-0.49154225401197343,28.459119496855344,0.7320209592844797
be_act2p0_stop0p25_tp3p0,False,-0.5363415549444415,-0.12325041580348779,80.16074450084602,0.9086431329982574,-0.49064485974214134,77.41090146750524,0.6953553653179994
be_act2p0_stop0p5_tp4p0,False,-0.5370482860442916,-0.14104298123196984,80.16074450084602,0.8954547553130955,-0.4912913768321649,77.41090146750524,0.6949539385858219
be_act2p0_stop0p25_tp4p0,False,-0.5428590159316053,-0.10074410593658877,80.16074450084602,0.9253254779932519,-0.4966070282566678,77.41090146750524,0.6916534155004163
trail_atr1p5_act1p5,False,-0.5519434934447279,-0.24822079093230714,78.13028764805414,0.7816286002520294,-0.4970058010668889,75.26205450733752,0.6337487174810734
be_act2p0_stop0p0_tp5p0,False,-0.5530980216646849,-0.06917444212538326,30.752961082910325,0.9522251224042063,-0.5085089964729373,27.358490566037734,0.7027398320550163
trail_atr1p0_act1p0,False,-0.5574939310292601,-0.18946716222871196,81.21827411167513,0.7699658589677997,-0.4885687826171123,77.72536687631028,0.5404990105856806
be_act2p0_stop0p5_tp6p0,False,-0.5606925219385059,-0.10171301660595872,80.16074450084602,0.9246072926420612,-0.5129211064271962,77.41090146750524,0.6815238965912684
bar_sl3p0_tp1p5_72h,False,-0.5655357626713369,-0.21548247426310607,66.11675126903553,0.7994745805111483,-0.5062669888250028,59.74842767295597,0.604874841024439
be_act2p0_stop0p25_tp6p0,False,-0.5663111827230324,-0.0736275689590141,80.16074450084602,0.9454250601817447,-0.5180610531778227,77.41090146750524,0.6783324696986022
be_act2p0_stop0p5_tp5p0,False,-0.5688780041091189,-0.10232079016967108,80.16074450084602,0.9241567928342898,-0.5204091794927602,77.41090146750524,0.6768745025576088
be_act1p5_stop0p0_tp2p0,False,-0.570979546610688,-0.2509236293001207,51.734348561759724,0.7865060171474213,-0.5153360090136512,49.0041928721174,0.6290430826864213
bar_sl2p0_tp5p0_72h,False,-0.5741895753785873,-0.038678201761789065,31.76818950930626,0.9739507120418051,-0.5262476928317369,24.737945492662476,0.6803874496876641
be_act2p0_stop0p25_tp5p0,False,-0.5762977868155424,-0.05844537906102528,80.16074450084602,0.9566785500321742,-0.5271967912520009,77.41090146750524,0.67266002957639
bar_sl3p0_tp1p0_72h,False,-0.5780163771234852,-0.23448607986318298,74.06937394247038,0.7164758946427972,-0.505346072852704,67.24318658280922,0.5155313048614593
trail_atr2p0_act1p5,False,-0.5789294897747324,-0.25952032037795103,71.95431472081218,0.7807315706245859,-0.5230432422681509,68.39622641509435,0.6274250166227906
bar_sl3p0_tp2p0_72h,False,-0.5798112597361951,-0.17815479642269236,60.19458544839256,0.8582023889134689,-0.5265262530513929,53.301886792452834,0.6447666221013187
be_act2p0_stop0p0_tp6p0,False,-0.5822852156910038,-0.09900535101768362,26.057529610829107,0.9320632197830377,-0.5355485811981906,23.270440251572328,0.6884224367145787
bar_sl4p0_tp1p5_72h,False,-0.5847174460527313,-0.23508168723028164,71.31979695431471,0.7976622516707976,-0.5277902860964847,66.50943396226415,0.6204856002916893
bar_sl2p5_tp3p0_72h,False,-0.5872365229365456,-0.130862420849604,46.827411167512686,0.907687657200933,-0.5375809321823791,39.46540880503145,0.6689627283055569
bar_sl2p5_tp4p0_72h,False,-0.5895618991886683,-0.07279791045682803,40.86294416243655,0.953676006013905,-0.5437114221726693,33.59538784067086,0.6943301532266736
progress_3h_mfe0p5_exit48h,False,-0.5897029402295652,0.332340682711689,36.632825719120135,1.176716395031573,-0.5538239362238753,32.075471698113205,0.7608066399620675
bar_sl2p0_tp8p0_72h,False,-0.5985496375179402,-0.03550190598437189,25.16920473773266,0.978187365503723,-0.551808021729119,18.867924528301888,0.6883892280745257
trail_atr3p0_act1p0,False,-0.60103422201004,-0.285587699810381,49.407783417935704,0.7542716203039337,-0.5434639723646747,44.54926624737946,0.6161983356975645
progress_12h_mfe0p5_exit48h,False,-0.6029052087895794,0.34644736234410495,44.16243654822335,1.1535949678660171,-0.5715607962668786,39.20335429769392,0.7910372498486611
be_act1p5_stop0p0_tp3p0,False,-0.6030693845847431,-0.21989611390947555,35.87140439932318,0.8178228207712185,-0.5455558760103418,32.18029350104822,0.6165766095039913
be_act1p5_stop0p25_tp2p0,False,-0.6063272689617993,-0.2735758038215392,84.22165820642978,0.7536118531425018,-0.5445550865817854,82.44234800838575,0.5881854507999076
bar_sl2p0_tp6p0_72h,False,-0.6072424875326152,-0.04241550485237542,28.637901861252114,0.9726576172152501,-0.5581606654374539,21.855345911949687,0.6727878526989245
bar_sl4p0_tp2p0_72h,False,-0.6102858876632201,-0.17967644036689112,66.0321489001692,0.8681011739332934,-0.5591141981865266,60.27253668763103,0.6588554034887104
be_act1p5_stop0p0_tp4p0,False,-0.6124976208746603,-0.23848135879430457,26.903553299492383,0.8053183257509565,-0.5546631114317662,24.31865828092243,0.6144366037140387
bar_sl4p0_tp1p0_72h,False,-0.6213781908511008,-0.2538168148581896,78.55329949238579,0.7123051651156176,-0.5486057743507211,72.79874213836479,0.5148505566641356
be_act1p5_stop0p5_tp2p0,False,-0.6284044757243477,-0.3201428558980394,84.22165820642978,0.7116725825437392,-0.5643830835324238,82.44234800838575,0.5731907187205082
be_act1p5_stop0p25_tp3p0,False,-0.630835420315467,-0.23902221189215184,84.22165820642978,0.7847315478078445,-0.5665663652518148,82.44234800838575,0.5715396329089854
be_act1p5_stop0p5_tp3p0,False,-0.6315320380168811,-0.29627594725678263,84.22165820642978,0.7331676245364607,-0.5671920120470801,82.44234800838575,0.5710664935346605
be_act1p5_stop0p5_tp4p0,False,-0.6371844490149967,-0.2887762216843928,84.22165820642978,0.739922035781566,-0.5722685595125193,82.44234800838575,0.5672274033168176
progress_3h_mfe1p0_exit24h,False,-0.6373774307015816,-0.09331384256745363,33.544839255499156,0.9275369188297675,-0.5827340882787475,27.30607966457023,0.6357110505144395
be_act1p5_stop0p25_tp4p0,False,-0.6375398560428467,-0.24077446397876695,84.22165820642978,0.7831534325709797,-0.5725877579301561,82.44234800838575,0.5669860125820627
progress_6h_mfe1p0_exit48h,False,-0.6423745257830155,0.286456868881663,36.33671742808799,1.1526766354861002,-0.6024716489692084,30.712788259958074,0.7339808212412862
be_act0p75_stop0p5_tp3p0,False,-0.6478949239423236,-0.27135848735797596,91.53976311336717,0.5681001398332106,-0.5550644119165944,89.46540880503144,0.3811299198284718
trail_atr2p5_act1p0,False,-0.6498011763643752,-0.3110089806578696,53.68020304568528,0.7084332075576804,-0.5830647802690357,48.480083857442345,0.5550906926977371
be_act0p75_stop0p5_tp2p0,False,-0.6546243110044606,-0.2826050084107568,91.53976311336717,0.5501999410321645,-0.56082961107802,89.46540880503144,0.3747020004903961
be_act1p5_stop0p5_tp5p0,False,-0.6553532956967761,-0.2560054437292552,84.22165820642978,0.7694360905285712,-0.5885863772726025,82.44234800838575,0.5548872105055093
trail_atr1p0_act0p5,False,-0.6555072702138977,-0.3052630596787934,53.51099830795262,0.48256346365052216,-0.5575050626145996,48.42767295597484,0.3466519493380134
be_act1p5_stop0p5_tp6p0,False,-0.6561883826049751,-0.2523108691684756,84.22165820642978,0.7727635024076245,-0.5893363861323002,82.44234800838575,0.5543200235155002
be_act0p75_stop0p5_tp4p0,False,-0.6580965170890665,-0.27189817556799734,91.53976311336717,0.5672411607582928,-0.5638043187924712,89.46540880503144,0.37138534468936474
be_act1p5_stop0p0_tp5p0,False,-0.6632741740159992,-0.20895192476111002,22.54653130287648,0.8306291981390719,-0.6010556831212756,19.07756813417191,0.5852100607018421
bar_sl3p0_tp3p0_72h,False,-0.6651332989420472,-0.11256885044604721,51.438240270727576,0.9260017308915949,-0.614009816313687,43.291404612159326,0.6591767824775989
be_act0p75_stop0p5_tp5p0,False,-0.6653532855824054,-0.26391718825893096,91.53976311336717,0.5799438675589517,-0.5700213360699959,89.46540880503144,0.36445366991727063
be_act0p75_stop0p5_tp6p0,False,-0.6681062166532795,-0.2575537221741944,91.53976311336717,0.5900720936517959,-0.5723798266360337,89.46540880503144,0.36182406655169425
trail_atr3p0_act0p5,False,-0.6681702667589763,-0.35487755590508646,38.62098138747885,0.6661344640379243,-0.6007501923801943,34.74842767295597,0.5505328374747872
progress_6h_mfe1p0_exit24h,False,-0.6707504256081649,-0.09402223899507675,37.60575296108291,0.9375977858704295,-0.6216698126856607,30.50314465408805,0.6727959138499722
bar_sl3p0_tp4p0_72h,False,-0.6734742204710755,-0.047259370195502984,45.431472081218274,0.9722240309386645,-0.6262350653811297,37.21174004192872,0.6850722994003615
be_act1p5_stop0p25_tp5p0,False,-0.6752099163230688,-0.19564965444048313,84.22165820642978,0.8237937890795838,-0.6064200197919096,82.44234800838575,0.5414006897922718
be_act1p5_stop0p25_tp6p0,False,-0.6785013223490572,-0.20431657387844032,84.22165820642978,0.8159881783879508,-0.6093760997592957,82.44234800838575,0.5391651827349234
bar_sl2p5_tp5p0_72h,False,-0.6795575451073129,-0.027266790032179154,36.632825719120135,0.9837591629512248,-0.6301183731421806,28.511530398322847,0.6704055202324507
progress_12h_mfe1p0_exit48h,False,-0.681000886463651,0.3137678320553806,40.39763113367174,1.148010947206596,-0.6435072392833225,35.744234800838576,0.7500423521311441
progress_6h_mfe0p5_exit48h,False,-0.6819755833042709,0.3639964256471597,41.20135363790186,1.1724780114825821,-0.6453241655833729,35.42976939203354,0.7556572151940133
trail_atr1p5_act1p0,False,-0.6841685614438036,-0.3287872993469036,68.10490693739425,0.6274856181968118,-0.6039248622370988,64.57023060796647,0.46504200528863554
trail_atr2p0_act1p0,False,-0.6855457347313819,-0.33514357788005367,60.32148900169205,0.6540428609688215,-0.61003314878174,54.40251572327044,0.49658276033572024
bar_sl2p5_tp8p0_72h,False,-0.686031436695317,-0.021408263327094244,29.483925549915398,0.988524466504393,-0.6396684396182508,22.431865828092242,0.6909133528195592
progress_12h_mfe1p0_exit24h,False,-0.6868354152792583,-0.08076736693864273,41.75126903553299,0.9516859001155452,-0.6410234869861254,36.21593291404612,0.6945871447124474
fixed_48h,False,-0.6883130594677422,0.4733090234997079,48.73096446700508,1.2000850254562467,-0.6558633454998547,44.54926624737946,0.783668573547416
be_act1p0_stop0p5_tp3p0,False,-0.6922850114298745,-0.3323763506062854,89.00169204737732,0.5831773880614592,-0.604781418646757,86.79245283018868,0.4166427147792166
progress_12h_mfe0p25_exit48h,False,-0.694485548798464,0.42057846168906604,46.53130287648054,1.1816423678524,-0.6604729916100853,41.299790356394126,0.7732496187441417
be_act1p5_stop0p0_tp6p0,False,-0.6947612214936377,-0.22803744475006235,19.120135363790187,0.8161800522768788,-0.629835932848261,16.037735849056602,0.5671647423641549
progress_3h_mfe0p25_exit48h,False,-0.69497942499372,0.362144345201751,42.2165820642978,1.1675143262004075,-0.6583209929730601,36.84486373165618,0.7556104531956005
progress_3h_mfe0p5_exit24h,False,-0.6951756869663508,-0.06955397346883624,36.25211505922166,0.9537698825307079,-0.6441152823507008,30.660377358490564,0.6595973025623334
be_act1p0_stop0p5_tp2p0,False,-0.6976060515801525,-0.34640983208665843,89.00169204737732,0.5655784451927196,-0.609429888796522,86.79245283018868,0.41215891477579647
bar_sl2p5_tp6p0_72h,False,-0.704399764524089,-0.03607422826604868,33.24873096446701,0.9795872208676624,-0.6549243585131594,25.57651991614256,0.6701639599271364
be_act1p0_stop0p5_tp4p0,False,-0.7049527070088353,-0.326651967205839,89.00169204737732,0.5903561552522035,-0.6158479400602503,86.79245283018868,0.40596822034276675
progress_12h_mfe0p5_exit24h,False,-0.7052347268366475,-0.083862961906234,43.73942470389171,0.9518121765229824,-0.6597641372235195,38.41719077568134,0.6968627359124802
be_act1p0_stop0p0_tp2p0,False,-0.7088990687773785,-0.3108976310453064,33.33333333333333,0.6578811182022541,-0.6272042155275979,29.350104821802937,0.4553676450014622
bar_sl4p0_tp4p0_72h,False,-0.7132497074120767,-0.03401204411919354,51.60744500846024,0.9821831245371755,-0.6691622106199281,44.18238993710692,0.7060833547190088
be_act1p0_stop0p0_tp3p0,False,-0.7137802808630326,-0.29607446883828004,22.84263959390863,0.6815454712744952,-0.6327432889992097,19.549266247379453,0.459753387574514
be_act1p0_stop0p25_tp2p0,False,-0.7180265720996161,-0.331604417535051,89.00169204737732,0.5841454447791131,-0.6272692918824826,86.79245283018868,0.39495146521911034
be_act1p0_stop0p25_tp3p0,False,-0.7181322657021186,-0.314031678339869,89.00169204737732,0.6061828582018478,-0.6273616260018237,86.79245283018868,0.3948624019980335
be_act1p0_stop0p5_tp5p0,False,-0.7260312512933693,-0.3129603199982955,89.00169204737732,0.6075264146295004,-0.6342621938790336,86.79245283018868,0.3882062839044282
trail_atr2p5_act0p5,False,-0.7293314304433993,-0.3819487662750038,39.59390862944163,0.5955800053924477,-0.6495783541539286,34.48637316561845,0.468312824736862
progress_12h_mfe0p25_exit24h,False,-0.7296727812303909,-0.07693185242373982,45.09306260575296,0.9562944468215385,-0.6836785358079548,39.675052410901465,0.6933716971837594
be_act1p0_stop0p0_tp4p0,False,-0.7312537386759113,-0.31131239123238624,16.962774957698816,0.6693381474642646,-0.6488669758267737,14.465408805031446,0.45075491433908293
be_act1p0_stop0p5_tp6p0,False,-0.7319391001208051,-0.30239361530142833,89.00169204737732,0.6207777829753449,-0.6394233011340172,86.79245283018868,0.3832280067547478
be_act1p0_stop0p25_tp4p0,False,-0.7366810359819034,-0.3224379394774216,89.00169204737732,0.595640833423007,-0.6435658647456194,86.79245283018868,0.3792321917581066
progress_3h_mfe1p0_exit72h,False,-0.7399835727080473,0.5666646548551548,33.756345177664976,1.315579633512894,-0.6941229178368575,27.20125786163522,0.694262300858735
be_act0p75_stop0p25_tp3p0,False,-0.7418735055732005,-0.32809841746042595,91.53976311336717,0.47779167697391817,-0.6355777239028789,89.46540880503144,0.29136145553118903
progress_3h_mfe0p25_exit24h,False,-0.7421423835862508,-0.05416320720389267,41.11675126903553,0.9670152086941753,-0.6923702032222364,34.90566037735849,0.6681854642399038
bar_sl4p0_tp3p0_72h,False,-0.7450273795333391,-0.11333685487944146,57.52961082910322,0.932764828128871,-0.6944485918486756,49.895178197064986,0.6628080821022431
trail_atr1p5_act0p5,False,-0.7458257662571195,-0.41409233395998574,41.75126903553299,0.41892203304191805,-0.6470201174359681,39.57023060796646,0.341295674525657
bar_sl3p0_tp5p0_72h,False,-0.7502673254790789,0.010114214303704176,41.159052453468696,1.0055351895357523,-0.701146648119345,32.18029350104822,0.6725288176017742
be_act0p75_stop0p25_tp2p0,False,-0.751202883091163,-0.34193241957826953,91.53976311336717,0.4557731890378411,-0.6435703863766734,89.46540880503144,0.2824500219034023
trail_atr2p0_act0p5,False,-0.7521761582012858,-0.4054527499100898,41.370558375634516,0.5078049591049583,-0.6618402432922477,35.9538784067086,0.39776056727307896
be_act0p75_stop0p25_tp4p0,False,-0.7535672978065889,-0.33061071811253956,91.53976311336717,0.47379304656103044,-0.645596027287022,89.46540880503144,0.28019152986955437
be_act0p75_stop0p0_tp2p0,False,-0.7544070880687677,-0.32939855203914853,24.153976311336717,0.5683199897843212,-0.6588239408437518,20.964360587002094,0.3627790184998949
be_act0p75_stop0p0_tp3p0,False,-0.7620842419844632,-0.3097481370617448,16.83587140439932,0.6017115785604552,-0.6666855760638777,13.784067085953877,0.3640088938627633
be_act0p75_stop0p25_tp5p0,False,-0.7622141908520189,-0.3107853991621872,91.53976311336717,0.505347440034353,-0.6530039917976292,89.46540880503144,0.27193200630406905
be_act1p0_stop0p25_tp5p0,False,-0.7645005604575983,-0.31388458961027055,89.00169204737732,0.606367317500309,-0.667869050862185,86.79245283018868,0.35578993603057746
be_act0p75_stop0p25_tp6p0,False,-0.7653261526756112,-0.3112251558845432,91.53976311336717,0.5046475140112454,-0.6556700711195795,89.46540880503144,0.26895945629312196
be_act0p75_stop0p0_tp4p0,False,-0.7653360123958555,-0.31814032232066575,12.563451776649744,0.5953663706670479,-0.670071964848351,10.377358490566039,0.364906349683303
progress_6h_mfe0p25_exit48h,False,-0.7657696486338528,0.4154430767437352,44.923857868020306,1.184479086714884,-0.7280363374541323,39.15094339622642,0.7484445921351972
be_act1p0_stop0p25_tp6p0,False,-0.7709838623360415,-0.3146756173486101,89.00169204737732,0.6053753147678371,-0.673532874927163,86.79245283018868,0.3503267506074758
be_act1p0_stop0p0_tp5p0,False,-0.7742169216555098,-0.3014857725185796,14.001692047377325,0.6817772369242332,-0.6874338260687891,11.058700209643606,0.4214460294218619
fixed_24h,False,-0.7746145112652569,-0.07070236067366908,46.31979695431472,0.9603676480809726,-0.727106220588744,41.24737945492662,0.6832780621565804
be_act0p75_stop0p0_tp5p0,False,-0.7757997010137228,-0.2956233482769099,10.702199661590525,0.625776846872182,-0.6795763654176585,8.228511530398324,0.35851109602623865
progress_6h_mfe0p5_exit24h,False,-0.786727296347045,-0.0878200497849266,40.65143824027073,0.9469807684953007,-0.7350643766961928,34.22431865828092,0.6555805356609858
bar_sl3p0_tp8p0_72h,False,-0.7879988569612373,-0.007899105986654172,33.24873096446701,0.9961824946910574,-0.7405443324297203,25.57651991614256,0.6836365031232197
bar_sl4p0_tp5p0_72h,False,-0.7934847154448113,0.0283589835148528,47.20812182741117,1.013676924869148,-0.7481034056069259,38.941299790356396,0.6974579344140973
bar_sl3p0_tp6p0_72h,False,-0.793860529464045,-0.008202838740945925,37.521150592216586,0.9957676037899655,-0.7439608820240612,28.87840670859539,0.6673356837334419
progress_6h_mfe0p25_exit24h,False,-0.7939049066399043,-0.053979079604924214,43.612521150592215,0.9683501101627312,-0.7440195203880594,37.42138364779874,0.6674307583210342
bar_sl4p0_tp8p0_72h,False,-0.7998426102805597,0.002984681565076124,38.917089678511,1.0012525385231592,-0.7581170735852949,32.18029350104822,0.7218297553649015
be_act0p75_stop0p0_tp6p0,False,-0.8001428531034422,-0.29243973038453563,9.30626057529611,0.6311106399313445,-0.7011490350031915,6.708595387840671,0.3400412126649948
be_act1p0_stop0p0_tp6p0,False,-0.8029343374397871,-0.29833616675894026,12.140439932318104,0.686334136228768,-0.7131993677717225,9.067085953878406,0.4017668688795693
progress_3h_mfe0p5_exit72h,False,-0.8150654241360603,0.7052382637166381,37.39424703891709,1.3172831341971656,-0.7743261493110729,31.07966457023061,0.7284048345000838
bar_sl4p0_tp6p0_72h,False,-0.8290489812734602,0.008722175021980869,43.48561759729272,1.0039407675951757,-0.7837469726358853,35.53459119496855,0.6979866090828344
progress_6h_mfe1p0_exit72h,False,-0.8417085811992272,0.6300969594287189,37.39424703891709,1.2893506817597544,-0.7978335251441393,30.083857442348013,0.7074996262994143
progress_12h_mfe0p5_exit72h,False,-0.8729916541526596,0.7095044756331336,45.0507614213198,1.2627710950855036,-0.8354375336622595,38.15513626834382,0.7496391967306659
fixed_72h,False,-0.8823930545825414,0.8585736782104655,50.08460236886633,1.3000966518058905,-0.8475174280217103,43.9727463312369,0.7674958229277931
progress_12h_mfe1p0_exit72h,False,-0.8866587674921169,0.6751436274514869,41.07445008460237,1.2721409858304982,-0.8456890937832975,34.59119496855346,0.7268688419412039
progress_6h_mfe0p5_exit72h,False,-0.9538467379470684,0.7586778959876276,42.17428087986463,1.3028451548228346,-0.9111700538721695,34.538784067085956,0.7154887728340076
progress_12h_mfe0p25_exit72h,False,-0.980413892722876,0.7642414351550427,47.54653130287648,1.2733867796960148,-0.9404887971821227,40.25157232704403,0.7338326963949781
progress_3h_mfe0p25_exit72h,False,-0.9972413432755953,0.7241410196593651,43.23181049069374,1.2817643245164223,-0.9539264659573502,35.42976939203354,0.7112341512116992
progress_6h_mfe0p25_exit72h,False,-1.062977757319884,0.7830224256416045,46.06598984771574,1.2898832365380082,-1.0192900356544206,38.20754716981132,0.7087485222302439
fixed_120h,False,-1.53305801215293,0.9037723751834539,49.57698815566836,1.2394402819874655,-1.486857065902859,41.19496855345912,0.691993691666194
fixed_168h,False,-2.323756766709535,1.336851774136177,50.888324873096444,1.2927090794291303,-2.268027255269888,37.316561844863735,0.6284699237356878
