feature,rise_mean,control_mean,rise_median,control_median,std_effect,n_rise,n_control
btc4_atr_pct,1.4717851357594856,0.9864202825405259,1.3950861315763634,0.9529880233320712,1.0197137199975455,75762,21308
btc1_atr_pct,0.7208690118680706,0.4364135655541827,0.6680712338019368,0.4252769349743637,0.9575329842309358,75762,21308
h4_bb_width,0.13510137295526198,0.049226400749129616,0.10850239734293796,0.0406132634050812,0.9148671534788336,75594,21308
h1_bb_width,0.066364513860224,0.022753837451585105,0.0524064789066765,0.0191344314426993,0.9074959534570435,75714,21308
h1_atr_pct,1.688022566393686,0.670199758373304,1.4629326779558378,0.6374569852919851,0.8674463435731694,75719,21308
h4_atr_pct,3.4609178286057927,1.500160311483129,3.0535161105285242,1.445900468143671,0.8535407823677773,75642,21308
pre_dd_from_high_12h,-3.7121941446830755,-1.106624603607783,-2.749039314218149,-0.8814347832498792,-0.8500620053918712,75721,21308
pre_dd_from_high_24h,-4.799175229043003,-1.6429002204218883,-3.679391161731094,-1.2830113192274561,-0.8391977069684589,75712,21308
pre_dd_from_high_8h,-3.1319923863790486,-0.8927116051553492,-2.26482849364133,-0.7084367069188635,-0.8383735392646204,75726,21308
pre_dd_from_high_48h,-6.562297883033174,-2.5524605964981535,-5.221518987341778,-1.9973620715954152,-0.8234200167365892,75663,21308
pre_dd_from_high_4h,-2.3741908897619495,-0.6311780174253256,-1.6627078384798266,-0.5040322580645129,-0.8183643296294508,75739,21308
m15_bb_width,0.03623910393750088,0.012257129772098295,0.0270802808312011,0.0102392050780879,0.7948093529882709,75737,21308
pre_dd_from_high_2h,-1.790099797378668,-0.45275116900415774,-1.2232415902140636,-0.3539329459574802,-0.7729960013829499,75751,21308
m15_atr_pct,0.8342932103132955,0.3220079577228818,0.6974537334913211,0.2911913380138653,0.7333303418861039,75740,21308
pre_dd_from_high_1h,-1.3286542611716206,-0.33320120413185134,-0.88175090779819,-0.2634798178971886,-0.7137375064316243,75762,21308
btc4_bb_width,0.06482065115040592,0.0370788789034725,0.0547697624074377,0.0326640704079984,0.6928266486955298,75762,21308
btc1_bb_width,0.030190965451558076,0.016765645704587107,0.02371915870716405,0.0128006510897895,0.6193956666237448,75762,21308
pre_bounce_from_low_48h,6.074434806718053,1.762735498805807,4.164398475775721,1.617663811936254,0.5958248683520951,75663,21308
pre_bounce_from_low_1h,0.9965188254090548,0.3715537077007646,0.6628003314001596,0.2898550724637738,0.568574542136317,75762,21308
pre_bounce_from_low_24h,4.041627493967541,1.3973022554364432,2.6447734254413158,1.2380350706166943,0.5405265648815492,75712,21308
btc4_adx,29.78453872739717,23.27816413712164,26.82881337415457,21.98238970328738,0.5392437695426081,75762,21308
pre_bounce_from_low_12h,2.810140312585745,1.0651192952846318,1.779801324503305,0.9090909090909038,0.4831978240075753,75721,21308
h4_mfi,51.34888717043607,43.14750547370045,51.916640375904834,42.870824383555465,0.45777241351176845,75635,21308
h4_chop14,49.77446717766125,54.24026228949723,50.09628819743915,54.90720817211509,-0.44904565215681913,75642,21308
h1_chop14,49.23875509124052,53.7790178755343,49.57933165601279,54.07674701209352,-0.4383274335315354,75719,21308
pre_bounce_from_low_8h,2.300130149135703,0.9040362646659806,1.4482054950055059,0.754181271170673,0.43306134998435303,75726,21308
h4_tsi,-0.21159415635531134,-8.619234341233636,0.14709694623550051,-8.364326759836494,0.42868395648354635,75730,21308
h4_cmo,-1.1239305343676276,-15.013231289214966,-0.8695652173912078,-15.107913669064656,0.4269286798017119,75633,21308
h4_rsi,49.453382550367024,44.838151040360174,49.483677670430566,45.203211557003556,0.4050236158869893,75633,21308
h4_adx,27.91763544297872,23.63370396814552,25.61348771842458,21.61025632115928,0.37937053012935723,75534,21308
h4_di_spread,0.8562311946753284,-4.425346635917098,1.1226230208571906,-4.045312411076253,0.36963575786371544,75642,21308
pre_bounce_from_low_4h,1.67210529381776,0.6715172627784637,1.0752688172043,0.5442423703879262,0.36381228201042276,75739,21308
btc4_kdj_d,53.50245829570397,47.219176134099946,53.50627893397629,46.46015740593566,0.36348565265472005,75762,21308
btc4_cmf,0.0425051373602123,-0.0022192502524086936,0.0432479047529619,-0.0029731535999657,0.3623094952429579,75762,21308
h4_bb_pctb,0.48935121925725567,0.36978848217125054,0.4858695201304172,0.331427644640945,0.3616452475086316,75594,21308
h1_stoch_raw,39.86009999920752,52.888869290814064,32.31342711322758,54.298618380587975,-0.3600616012188489,75695,21308
h4_donch_pos,0.4731238253848158,0.38291060867670235,0.4666666666666666,0.3428571428571428,0.3343800411923769,75594,21308
pre_ret_1h,-0.5156167708526652,0.00239730254168676,-0.340985976024466,0.0,-0.3283251932817715,75762,21308
h1_tsi_d1,-0.7852377027768884,0.1162693609194201,-0.7490617334472613,0.17251131139388304,-0.326272414262037,75742,21308
m15_tsi_d3,-2.0334944828553545,0.18773062884511196,-1.7834738462432107,0.3099311356229544,-0.32078177840102473,75752,21308
h1_motion_neg,2.9403526834032894,2.2079500657030224,3.0,1.0,0.320337013369173,75762,21308
h1_rsi_d3,-2.2855732412196583,0.31101611104133053,-2.214906152577072,0.3889624698285097,-0.31845919929297056,75717,21308
h1_motion_net,-1.1759061270821785,0.16092547400037543,-2.0,0.0,-0.31718517308711436,75762,21308
h1_er10,0.33501374528633165,0.26493689270884985,0.3016426082628188,0.2248062015503882,0.31584709758587654,75721,21305
pre_bounce_from_low_2h,1.2771985602098235,0.49401507020344704,0.8316831683168324,0.3941036043402346,0.3134000009551163,75751,21308
h1_rsi_d1,-1.5253433379717338,0.12806189396357823,-1.3524927882647901,0.0,-0.30971300136357893,75718,21308
m15_stoch_k,41.72002455666387,51.61796438535778,36.070920164855714,52.61570108815936,-0.30917128219916545,75724,21307
btc4_donch_pos,0.5375010774461326,0.4556095957288616,0.5503993521747613,0.4218693730561452,0.3091708906767328,75762,21308
m15_bb_pctb,0.38367141801576116,0.49376084071285187,0.3363262472155738,0.495921324561278,-0.3085476874129963,75736,21308
h4_kdj_d,48.83118510390515,43.15537184447444,48.65707271209872,41.83139493409194,0.3069706724126721,75675,21308
m15_stoch_raw,40.563612213596244,51.4236642142746,34.01849556559491,52.29477042266888,-0.304695539160687,75729,21307
m15_tsi_d1,-0.7421516283589076,0.04745571427638878,-0.6665288842205577,0.0806393175947499,-0.3040461805471493,75762,21308
m15_wpr,-58.28200021470791,-49.40233557492398,-63.63636363636272,-50.0,-0.3032327785209002,75740,21308
pre_ret_2h,-0.6423669986649876,-0.0074819977606194995,-0.4466154919748777,0.0,-0.3027297815472831,75751,21308
btc4_vwap_dist,2.057117976966578,0.4842628504003449,1.4771127985115262,0.3420755359136329,0.30261345655989313,75762,21308
m15_er10,0.3452870305655503,0.2768101373985664,0.3133300541072307,0.2340425531914852,0.2982506669350154,75737,21302
m15_donch_pos,0.41735939864823446,0.5037380815812852,0.3644859813084113,0.5,-0.2970516485554595,75737,21308
btc4_cmo,4.595739658684615,-5.749893781318524,3.815167243367884,-5.821230843296239,0.2969079102953528,75762,21308
m15_vwap_dist_d3,-0.31381428531568395,0.009840035895157187,-0.2222744628082695,0.005959266071170401,-0.293712079996495,75731,21308
m15_kdj_k,44.05363693325725,50.67065744682568,40.330581147810854,50.898793714057035,-0.2915561049396623,75742,21308
btc1_adx,27.739518964549692,24.204502191512006,25.419150252266192,22.02728609134919,0.29134804249949653,75762,21308
h1_bb_pctb_d3,-0.08025174782867962,0.0116070837380182,-0.06889388599912374,0.023723215778493602,-0.2905782354327123,75712,21308
h1_donch_pos_d3,-0.05734408547224067,0.009283216083733645,-0.051801225188323155,0.0076923076923140505,-0.2903021803586939,75712,21308
h1_vwap_dist_d1,-0.37693441219165374,0.0115300270129225,-0.244082932862405,0.011892260520302,-0.28776346576784784,75710,21308
h1_ppo_hist_d1,-0.030534545026581122,0.0015530840860762916,-0.0212746282885813,0.0014266310148919,-0.28754861489121364,75752,21308
m15_kdj_j,40.79294202872442,50.84364202642136,34.32940090212114,51.151296380999234,-0.2870161165165808,75742,21308
h1_vwap_dist_d3,-0.561425081735375,0.023734486397655467,-0.4082543833829994,0.039116421078677605,-0.28479553487222997,75701,21308
h1_motion_pos,1.764446556321111,2.3688755397033976,1.0,2.0,-0.2827163119440675,75762,21308
m15_di_spread_d3,-2.5147522378747458,0.14106578912259563,-2.2176546985304637,0.20213210674362164,-0.276814541838484,75737,21308
h1_bb_pctb_d1,-0.05316938980900049,0.00461534819062862,-0.03871129424755865,0.00987835814969155,-0.27017592492054027,75714,21308
m15_roc4,-0.3900820534421832,-0.007105624477882231,-0.2513984046131734,0.0,-0.2696965557611436,75752,21308
m15_rsi_d3,-2.0656639811542714,0.08720487773183051,-2.0806469387142883,0.0,-0.2687596036722266,75737,21308
m15_chop14,47.98234153023103,50.98407722431916,48.290200636173566,50.93769021430658,-0.2686285873095443,75740,21308
btc4_kdj_k,52.99690451616968,47.68656088789059,53.25006544614644,46.51467556905673,0.2684952542368482,75762,21308
btc1_tsi_d1,-0.650766153049717,0.1194683653457988,-0.463675426896045,0.1314667215548866,-0.26841100770613796,75762,21308
h1_di_spread_d1,-1.4441296570219893,0.13629195905223662,-0.6549749293157348,0.15168299531632273,-0.2674351696502445,75719,21308
h1_wpr_d3,-6.132112810411577,0.8077552855120461,-5.4873054873052,0.7483793282088236,-0.26733350474984197,75717,21308
h1_kdj_j_d1,-4.192924747156578,0.3905815077063295,-3.6780880555612185,0.651173311599841,-0.26699772730944227,75722,21308
m15_stoch_d,43.473731633884405,51.53029380183202,39.637053631985324,52.3770470493663,-0.26646424185001666,75724,21306
h1_kdj_spread,-1.852390575114233,0.34677856522499273,-2.2847931194028845,0.3814782752385266,-0.265380708133218,75724,21308
h1_stoch_k,44.09531670230797,52.487920693382044,40.21824074231331,53.920565987960984,-0.2646026651490992,75692,21308
btc1_rsi_d3,-1.9098807233760255,0.29085361150960376,-1.454084395143333,0.4350862221905345,-0.2628501660937261,75762,21308
m15_adx_d1,0.3065389121711698,-0.009599026451782787,0.2136439060659647,-0.0946114341915702,0.2618650978144871,75731,21308
pre_ret_4h,-0.7263403925155961,-0.04153775375441723,-0.5446623093681935,0.0,-0.2590429328541778,75739,21308
h1_cmo_d3,-5.140949862779716,0.8347774789447404,-5.344651242655711,0.34943736561561195,-0.2583581541572545,75717,21308
h1_tsi,-1.4123794243522179,-6.351002648201526,-1.115809971396391,-5.1572175262154545,0.25769718684328563,75752,21308
m15_ppo_hist,-0.05285937181077722,0.0027043103637946963,-0.03600139364561675,0.0029574753437252,-0.25580318761546605,75762,21308
h1_di_spread_d3,-2.0889619362042344,0.30066104531539556,-1.9165117871485684,0.43778758198788026,-0.25490816469571964,75717,21308
m15_cmo,-9.212481011016616,-0.8387076228685262,-10.691823899371261,0.0,-0.25357410960731985,75736,21306
btc1_stoch_raw,43.11081932846141,52.052986253203066,37.47075713309407,52.82885128463657,-0.25232345945516654,75762,21308
h1_stoch_k_d1,-2.7898640121204368,0.3326535241662465,-1.5053049888942804,0.0,-0.25139484683475377,75690,21308
m15_kdj_d,45.68398438552367,50.58416515702785,43.77924164500163,50.55006740026013,-0.2497490054499582,75742,21308
btc1_rsi_d1,-1.2557065963710539,0.10790256400583192,-0.8869788073715767,0.0466599536182172,-0.24968556413223345,75762,21308
h1_tsi_acc,-0.5064644631870627,0.027956573644313264,-0.3482172467119476,0.00199426550468805,-0.24882375574135634,75740,21308
btc1_motion_neg,2.7402787677199654,2.1768349915524685,2.0,1.0,0.24729412385650582,75762,21308
h1_donch_pos_d1,-0.035359140902553134,0.00367628085288311,-0.02717050076392255,0.0,-0.24619862907913093,75714,21308
btc1_bb_pctb_d3,-0.0697723770614221,0.010216858153525086,-0.0520907696154375,0.0207556949337672,-0.24602840382804655,75762,21308
h1_close_loc,0.4319365324013693,0.5063339101849784,0.3826086956521747,0.5,-0.2431068466468844,75755,21265
m15_adx,26.963146103594692,24.151823705215797,24.54197206557341,21.424955220622,0.24261594473628248,75731,21308
m15_rsi,46.17921120386049,49.16498561155416,45.93280021715913,49.486050956667086,-0.24233500467388538,75739,21308
btc1_motion_net,-0.8673741453499115,0.14191852825229961,-1.0,0.0,-0.24067937917125748,75762,21308
h1_cmo_d1,-3.2129804062554252,0.32391624079206377,-2.6965763906025613,0.0,-0.24045776929512744,75718,21308
btc4_wpr,-47.083075507336126,-53.379057947470685,-45.34902696748414,-57.36144578313268,0.24040110139103418,75762,21308
btc1_donch_pos_d3,-0.04682658424311472,0.00682291561349203,-0.0353117723156522,0.0090986454780493,-0.23978333979131922,75762,21308
m15_adx_d3,0.7333385926135169,-0.049618181851028814,0.38364338673564186,-0.31500650607380803,0.2379069534646689,75726,21308
h1_atr_pct_d1,0.032384331948774055,-0.0018550312320697036,-0.0006009887938096,-0.0068225752189461,0.23749948129114518,75719,21308
h1_roc4_d1,-0.41047175656575524,0.010676709739283708,-0.27467505626310174,0.0,-0.23638404783727107,75734,21308
btc1_ppo_hist_d1,-0.01107508539830905,0.0008222061188327031,-0.0064994604242237,0.0002553306114617,-0.2352663839774332,75762,21308
m15_cmo_d3,-4.975132519143783,0.4152085722712507,-4.884569351331653,0.0,-0.23389622687379655,75734,21305
btc1_di_spread_d1,-1.2384897647222495,0.1444468206486815,-0.4066613820949349,0.0890954118476106,-0.23350143316716074,75762,21308
h1_stoch_spread,-2.2339368576201926,0.3045390396439736,-1.5890221921608467,0.22928233136682505,-0.23240383059655048,75684,21308
m15_roc12_d3,-0.3450060783043346,0.010131225236650967,-0.2405023046279319,0.0,-0.23160813545369605,75739,21308
h1_wpr_d1,-3.8659523641359104,0.31964626350087844,-2.9702970297031897,0.0,-0.23145370328205095,75719,21308
m15_roc12,-0.5604774740771626,-0.03379912702119081,-0.4115226337448652,0.0,-0.230430870882774,75740,21308
btc1_vwap_dist_d1,-0.14117070800453924,0.005863525523906385,-0.0732677376700907,0.0055851238426551,-0.2294553317880852,75762,21308
h1_rvol20,1.278776899553491,0.9984499953749103,0.9094965067467172,0.7472822334266785,0.22945285549420322,75714,21308
btc1_vwap_dist_d3,-0.2081783943514685,0.012468497473489215,-0.125283338276394,0.0254712995991113,-0.22930616134468187,75762,21308
h1_tsi_d3,-1.20638973875243,0.2642294319039721,-1.364544512936267,0.47521493190073544,-0.2284438652659302,75737,21308
h1_roc12_d1,-0.38626166549048785,0.015872762780356032,-0.2672367717797996,0.0,-0.2268873616678051,75719,21308
h1_kdj_spread_d1,-1.0889016655186752,0.07239740836461102,-0.8579005623434615,0.18618508219476834,-0.22675389739849375,75722,21308
btc1_wpr_d3,-5.167874417698683,0.6152088214164975,-4.110912241825368,1.1248944937822856,-0.2266195596670799,75762,21308
h4_cmf,-0.01666267496449949,-0.05079048341923344,-0.01238152269335485,-0.0469577696026971,0.22645912275572075,75594,21308
btc4_stoch_d,49.70422282354437,42.694248417645504,48.539412710141534,36.86061410755618,0.22623059154293246,75762,21308
h4_wpr,-52.881749916096595,-59.01284529510237,-53.79912826899128,-62.5,0.22587969261385404,75642,21308
h1_kdj_j_d3,-6.642670195260342,0.9348708613371366,-5.8969290461731845,1.6856725863826476,-0.2258050413865537,75721,21308
btc1_atr_pct_d1,0.010970947348152503,-0.001080665657523761,-0.0032788302057302,-0.0058664400828462,0.2256518703064532,75762,21308
m15_ppo_hist_d3,-0.03222336655334631,0.0006929498964177751,-0.02042969305391085,0.00016869014912215,-0.22489824375397252,75762,21308
h4_kdj_k,48.25563524466354,43.51613487221811,47.76183243240641,41.49599592300599,0.22472651108272643,75675,21308
h1_kdj_j,42.301390894073236,49.70936803729322,37.114481242463924,49.16226754016891,-0.22365492352531335,75724,21308
btc1_di_spread_d3,-1.8170678734522034,0.30895302767926386,-1.285761815734002,0.6308471418380588,-0.22365076395036726,75762,21308
btc1_er10,0.3169027180891315,0.268303564420689,0.2783415723928178,0.2209289909236506,0.223417366717544,75762,21308
btc1_bb_pctb_d1,-0.0456222484317514,0.0034016155287872685,-0.0311870493349901,0.0066063570599508,-0.22328954091803901,75762,21308
btc1_kdj_j_d1,-3.456131185513564,0.1871617974925451,-2.729577503091548,0.5870625007670185,-0.21902108882674734,75762,21308
btc1_macd_hist_d1,-5.599501418210356,0.3616665568213821,-2.519614290203492,0.0751429452799726,-0.2183490799287098,75762,21308
h1_adx,27.061924952477703,24.575154576417336,24.72237615278222,21.987008672011292,0.2179381092162529,75701,21308
btc1_rvol20,1.2035620933602593,1.0092810935780236,0.9067388220183066,0.7998419465774383,0.2177280097266478,75762,21308
btc4_roc12,0.51315430080086,-0.22841860959229784,0.2669531529771785,-0.1607017400260701,0.21731824005135306,75762,21308
m15_bb_pctb_d3,-0.0621223542582659,0.0031698790642117145,-0.051571228732535,0.00599661374490305,-0.2165900550570372,75733,21308
h4_stoch_d,49.56476187771791,43.06128118283521,49.518162109967534,39.77322133642207,0.2129151617527345,75496,21308
h1_roc12_d3,-0.5703129422045309,0.03992310989093102,-0.4272986007182122,0.01618009016859925,-0.21248130572523613,75718,21308
h1_wpr,-57.49845310008711,-51.422189963232206,-61.53846153846175,-52.17391304347858,-0.21209300924703095,75719,21308
m15_bb_width_d1,0.0009167952599449632,-1.0912173716793205e-05,0.00024577953310275,0.0,0.21202037502763493,75734,21308
m15_bb_width_d3,0.002609523149139425,-5.785607012938609e-05,0.000693003087145,-2.6689199444485546e-05,0.2102486442738854,75734,21308
btc4_adx_d3,0.02540002434149216,-0.621709277658569,-0.4081929846660408,-1.0244818270166505,0.20989750194226608,75762,21308
btc1_motion_pos,1.8729046223700536,2.318753519804768,1.0,2.0,-0.2081637640962645,75762,21308
btc1_stoch_k_d1,-2.3056519040979833,0.2765839254022349,-1.2077252450960732,0.0162618446736075,-0.20785246016256445,75762,21308
btc1_donch_pos_d1,-0.029670977113950055,0.0019899296707012754,-0.0197998966408299,0.0020972617445838,-0.2076175233332967,75762,21308
h1_ppo_hist_acc,-0.020241887531817767,0.00036719282311136804,-0.01263806877999625,0.00036643435929555,-0.2075494811275903,75742,21308
btc1_roc4_d1,-0.16079031694829266,0.005391261950774647,-0.0915178019824769,-0.0004892555094171,-0.20588842106288122,75762,21308
h4_roc12,0.3015717512051072,-1.244456427540611,-0.0784313725490148,-0.8503401360544172,0.20530190430294457,75659,21308
btc1_kdj_spread,-1.4001943172233913,0.23911321115965964,-1.4658264296154044,0.4222618930830677,-0.20395434472083315,75762,21308
h1_roc4,-0.5672346320405217,-0.05371581170163188,-0.4529514903565235,0.0,-0.20304552935151568,75737,21308
btc4_rsi,52.39180236677928,49.783875306493776,51.97885939347159,48.93831368975712,0.20303304638037034,75762,21308
btc4_tsi,5.639719479494718,1.083542313804611,4.061033187934411,-0.2483793608581989,0.2027098246024589,75762,21308
btc1_atr_pct_d3,0.015546485476089295,-0.002691923399180056,-0.00626090619455665,-0.0128749190083133,0.2024569108889466,75762,21308
btc1_vwap_dist,0.34804843327902574,-0.16374277924365527,0.175373271144541,-0.2445405249359211,0.20132559404037667,75762,21308
btc1_cmo_d3,-4.073786047256601,0.7821075709206238,-3.730425740593404,0.2870526111721201,-0.20069142849482074,75762,21308
btc1_tsi_acc,-0.4342533843636712,0.021413989314361868,-0.2663084958983424,0.0056760283437506,-0.199849497460262,75762,21308
h1_ppo_hist_d3,-0.045859191959080496,0.0036236133825760498,-0.0338248055526238,0.0035902533803659,-0.1992745948729487,75740,21308
m15_kdj_spread,-1.6303474522664152,0.0864922897978359,-2.0527535601457014,0.16984477064586476,-0.19804267389173189,75742,21308
btc1_wpr_d1,-3.2822599846833476,0.16216641250218036,-2.306842675145967,0.0616570327552423,-0.1972618097916251,75762,21308
h1_cmf_d3,-0.018313831544823057,0.0012101522375876157,-0.0163964065816094,0.0021413286007236,-0.1960223842425117,75523,20701
m15_mfi_d3,-2.5072012009455946,0.1582779705593896,-2.257069662800461,0.1158544427208099,-0.19539065482363344,75693,21304
m15_vwap_dist,-0.7098679360630028,-0.18242592319380097,-0.5525733547810219,-0.110004963317839,-0.19445699127561641,75734,21308
h1_kdj_spread_d3,-1.7251717318549225,0.17203172527473695,-1.4508920139166293,0.4437069449732673,-0.1941965813956033,75721,21308
h1_stoch_d,46.331062351861874,52.18338165373806,44.03578462311204,53.481084557116205,-0.19383559897241895,75684,21308
h1_roc4_d3,-0.546170792996873,0.023541206254882076,-0.4201680672268892,0.0,-0.19380401231280278,75726,21308
h1_atr_pct_d3,0.04283356349668246,-0.004716258493047726,-0.0012315343499672,-0.013499746024593948,0.19339515079748715,75717,21308
h4_rvol20,1.054079132996156,0.8786344024539834,0.8043544802395806,0.716539963320863,0.19287944794718137,75594,21308
m15_ppo_hist_d1,-0.010741379393250218,-9.829141068324497e-06,-0.0068732342021627,-1.1518184014590316e-05,-0.19194777908620334,75762,21308
btc4_adx_d1,0.01616089811917897,-0.19837049303665355,-0.1089060522226823,-0.3660458205667609,0.1916174777374874,75762,21308
h4_tsi_d3,-0.1512392881287731,-1.2945903651403325,-0.2513238125223274,-0.8319549443790857,0.18967308777371764,75716,21308
m15_donch_pos_d3,-0.041674096758731044,0.003133964397480497,-0.0331205203015292,0.0,-0.18959056653363401,75734,21308
btc1_kdj_spread_d1,-0.9186780089672896,0.02253506397090507,-0.736277618799031,-0.0025289851959655,-0.18954584899539978,75762,21308
btc1_stoch_spread,-1.801098257443482,0.26380208855342296,-1.166688437451005,0.2674033463774004,-0.1885541382563454,75762,21308
btc4_rvol20,1.045557160145534,0.9174102715587845,0.8410265029849062,0.7015600977922543,0.18835041627672597,75762,21308
h1_cmf_d1,-0.011629723124568444,0.0004674476771593086,-0.009401622772173851,0.0005479239723852,-0.1882605394620577,75532,20741
btc1_tsi_d3,-0.9649278753216831,0.28583598052463133,-0.817291539909812,0.4772871426542115,-0.18788237650532122,75762,21308
h1_turn4,0.14418837939864312,0.21240848507602778,0.0,0.0,-0.18703721148076932,75762,21308
btc1_roc12_d1,-0.14414797731953577,0.009451463893003815,-0.0820784190687318,0.0063432178970757,-0.18667050045847644,75762,21308
btc1_cmo_d1,-2.6065972209035966,0.2624522654250261,-1.915146117091027,0.1374083691193988,-0.18666032390607942,75762,21308
btc4_bb_pctb,0.5215934777608142,0.4589178448781556,0.5420697508207821,0.4235652396488476,0.18553070752802298,75762,21308
btc4_atr_pct_d3,0.0066313395567070355,-0.020709843175694288,-0.0215795566699408,-0.0338594040553414,0.18536631658678618,75762,21308
pre_ret_8h,-0.754386181127357,-0.11830984396855694,-0.6026095156265621,-0.03675151209983625,-0.18464012836838242,75726,21308
btc4_stoch_k,49.34288489526019,43.38879337323441,47.24854948254595,36.49944133460121,0.18435377643685028,75762,21308
h1_mfi_d3,-1.9484329791974886,0.3668502204116267,-2.1264984814888024,0.2816019124287443,-0.18390612812916443,75691,21308
h1_mfi_d1,-1.150713411179283,0.15136253316686984,-0.8306626097034027,0.03280158271425645,-0.1819515644526116,75691,21308
btc1_roc12_d3,-0.2063235938317067,0.024578431191468235,-0.1391791711064067,0.0132587275672335,-0.1813589098667016,75762,21308
h1_stoch_k_d3,-4.2751119647510825,0.7528299294844599,-3.222895257001454,0.9230206776250327,-0.17848586775631084,75679,21308
h4_motion_neg,2.5384310722678425,2.136803078655904,2.0,1.0,0.1777932878283832,75746,21308
btc1_kdj_j_d3,-5.2721266646360805,0.5750762827476922,-4.547020850318802,0.9213533535373984,-0.17767526000583161,75762,21308
h4_motion_net,-0.47180049111504235,0.27853388398723483,-1.0,0.0,-0.1768569171406335,75746,21308
m15_chop14_d3,-1.54309606364181,-0.0021162285885219906,-0.5579941759707623,0.0,-0.17669616394273577,75737,21308
m15_motion_pos,1.9460283519442465,2.3174394593579875,1.0,2.0,-0.17490774711453455,75762,21308
m15_di_spread,-4.741306755840528,-1.9079764490986166,-4.669837425153641,-1.4256856022385875,-0.17462235449216232,75740,21308
h4_vwap_dist,-1.2093323815208643,-2.925754487031647,-1.4384440132896525,-2.641297784855945,0.17350397810320115,75560,21308
btc1_tsi,1.7843773088644912,-1.7438922502088672,1.4324406923753439,-2.8585542565975604,0.17186554129772896,75762,21308
btc1_ppo_hist_acc,-0.007618683188836956,0.0001579595960511881,-0.0042621807934174,0.0002603805486576,-0.17185189414901583,75762,21308
h1_ppo_hist,-0.05734388148199072,0.007246411210715471,-0.05075558788385305,0.010309485329861,-0.17133951856834623,75762,21308
h1_rvol20_d3,0.24253716774123024,-0.01316968528774686,0.10416418247579805,-0.00232000719047045,0.17130475314663945,75712,21308
m15_wpr_d3,-4.251887140373723,0.3511065673215664,-3.409090909091006,0.0,-0.17109708552912015,75737,21308
btc1_mfi_d1,-0.954105434090902,0.12864680783843382,-0.6953955718256708,0.0350368535268899,-0.16976054636663024,75729,21303
m15_cmf,-0.02630517201855957,0.004763686854151273,-0.0270418936993693,0.00819869485008855,-0.16942445206591325,71878,15720
btc1_bb_width_d1,0.0006484330441096036,-1.924507718101561e-05,6.718399827165692e-05,-1.2627398961943209e-05,0.16854945772130853,75762,21308
h4_kdj_j_d1,-1.7542831280016224,0.867498157709231,-1.6899847410363336,1.3902988353553385,-0.16764865936636478,75672,21308
h1_stoch_spread_d1,-1.364615123846814,0.08171021433809321,-1.0178098974512153,0.0,-0.16707945129318116,75679,21308
btc1_rvol20_d3,0.16462248027541188,-0.013420447255497493,0.0677236936921423,-0.0127428069559585,0.16699977899032534,75762,21308
h1_chop14_d1,-0.833811443727181,0.007778131862506815,-1.4210854715202004e-14,0.0,-0.16666159722427532,75719,21308
btc1_stoch_k,46.60636167969099,51.777108595326126,43.96020882747479,52.872967279916196,-0.16552543982555548,75762,21308
m15_mfi,44.63124250957468,48.034955379984865,43.43810688063059,47.96381400147271,-0.16551875577923414,75714,21305
m15_stoch_spread,-1.7537070772205285,0.08778091475172256,-1.1132381524984254,0.0,-0.16534170019063013,75724,21306
btc1_cmf_d3,-0.012646642285111354,0.0015288984810915114,-0.0106286134097586,0.0009899791412484,-0.1637876475161112,75701,21305
btc1_ppo_hist_d3,-0.015930341080019384,0.0018817837848550088,-0.0096723930395418,0.00096199880917,-0.1633304212128273,75762,21308
m15_motion_net,-0.6811726195190201,-0.012577435704899569,-1.0,0.0,-0.16102163353205542,75762,21308
m15_atr_pct_d3,0.023563481375138366,-0.0020448041322757736,-0.0020128054788451,-0.005812796223548701,0.16061999506284208,75737,21308
m15_stoch_k_d3,-4.419067771442208,0.28568828179529926,-3.254551094405574,0.0,-0.16027819322578665,75722,21306
btc1_roc4,-0.16527385534547206,0.012910715716567319,-0.1045798342811821,0.011710485568761,-0.1599066594434631,75762,21308
h1_atr_pct_acc,0.024402726650352514,-0.0002959908252493377,0.009174117668094,2.529300755477193e-05,0.1588456997483447,75718,21308
btc1_roc4_d3,-0.19502371049350162,0.011242462358872994,-0.1269348961707994,0.01322313339386365,-0.15862859401515497,75762,21308
h1_donch_pos,0.4308980605447808,0.4761580319371159,0.3982300884955755,0.4642857142857163,-0.15859294129813437,75714,21308
h4_motion_pos,2.0666305811528,2.415336962643139,1.0,2.0,-0.15816665833628765,75746,21308
btc1_kdj_spread_d3,-1.4219684437370792,0.08610841183219718,-1.155867452045868,0.1307439450597627,-0.15766177922564023,75762,21308
h4_stoch_k_d1,-1.0164212571082134,0.9143190878910233,-0.10987470337256065,0.4437943866094542,-0.15743656806849915,75506,21308
h4_stoch_k,48.8232194129573,43.840552795117425,48.40343725696942,40.548131034625314,0.15614831468960355,75511,21308
btc4_kdj_j_d1,-1.4788041523075484,0.8844176487326684,-1.2217973734266536,1.779851641230863,-0.15582689753855386,75762,21308
h4_body_frac,0.4359299634109923,0.3964825930023741,0.4326726844583967,0.380952380952383,0.1552765683031347,75746,21308
m15_rvol20,1.1961073279081103,0.9981452412750856,0.8169708893785113,0.6488459755730505,0.1551268263275107,75737,21308
h4_kdj_spread_d1,-0.48883226320208534,0.22903888127913086,-0.4290539313991175,0.43413199988269113,-0.15461801812675852,75672,21308
m15_roc4_d3,-0.2615655108178044,0.002924291623322736,-0.1839824881958218,0.0,-0.15388672811773077,75751,21308
m15_er10_d3,0.03683927061772676,-0.0010969105037689651,0.0314285714285706,0.0,0.15216741712780663,75731,21300
btc1_mfi_d3,-1.502009988019428,0.26645497387198264,-1.5361911112616298,0.1727065927360342,-0.15210402830916786,75700,21303
m15_sweep_reclaim,0.08599297801008421,0.04552280833489769,0.0,0.0,0.15200572804807302,75762,21308
btc1_bb_pctb,0.4503358295161977,0.5048970404298403,0.4466009513775693,0.5023001782369113,-0.15078493324128367,75762,21308
m15_stoch_k_d1,-1.794355874254064,0.05178749517753248,-0.2449587354249729,0.0,-0.14839901978158812,75724,21307
btc4_atr_pct_d1,0.004666153048861686,-0.00663878391437315,-0.0145426086621942,-0.0190488040918681,0.1482470150881517,75762,21308
btc1_stoch_spread_d1,-1.232507898335314,0.053839846018225494,-1.074229225263105,0.0999732835888806,-0.14792230329484105,75762,21308
btc1_cmf_d1,-0.007886856687188368,0.00045225069316881793,-0.0070837574782595,0.0007218960885865,-0.14768631312202796,75704,21305
h1_vwap_dist_acc,-0.25919022656935564,0.003791847771653119,-0.18392892428220547,6.434965989510211e-05,-0.14746514095306723,75704,21308
m15_cmf_d3,-0.015158036786901585,0.0013370805030381275,-0.011943014590239349,0.0009895852215696,-0.14728416365977198,71568,15428
h4_wpr_d1,-1.5123523291083423,0.8621056049965217,-1.1070110701107438,1.1135057471265384,-0.1471724599999167,75633,21308
btc1_macd_hist_d3,-8.154148026006578,0.8161875842651373,-3.927774526121018,0.2686852519579483,-0.14585593104735176,75762,21308
h4_lower_wick,0.2794010338930448,0.3096959748750212,0.2407407407407396,0.2795698924731162,-0.14504022706881992,75746,21308
m15_kdj_j_d3,-4.870006652871814,0.26355703486152643,-3.888341442537399,0.41920186036605145,-0.14485280839100276,75742,21308
h1_bb_pctb,0.4102999723680938,0.4633839806675893,0.3866691957122895,0.44440318333680817,-0.14481846564626422,75714,21308
h1_body_frac,0.4825763192876884,0.44341567408820914,0.499999999999998,0.4374999999999913,0.14473870989086132,75755,21265
btc4_kdj_j_d3,-2.0329529742473986,2.45502095629925,-2.136654365301496,4.35515900010742,-0.14340266835301455,75762,21308
btc1_atr_pct_acc,0.00790740146727688,-0.0001573242203925921,0.0019083194523401,-0.0001232579415592,0.14264450877899634,75762,21308
btc4_body_frac,0.4157996981929373,0.3810499424846036,0.4152350174280923,0.3482798266560636,0.14263108077111858,75762,21308
btc4_motion_net,-0.27327684063250707,0.3157499530692698,0.0,0.0,-0.1423214500098921,75762,21308
h4_wpr_d3,-2.2228004661876186,1.183777813243521,-2.3674540093103644,1.782784556598827,-0.14087662152719216,75617,21308
h1_kdj_k,46.00617204430171,49.01581090684323,43.749955614258084,48.76072869380772,-0.1404546420918016,75724,21308
btc4_ppo_hist,-0.004712899378295047,-0.0509697440227879,-0.0127383424685632,-0.0451499457939287,0.1403818838575289,75762,21308
btc4_kdj_spread_d3,-0.57801226047909,0.6922231834845951,-0.5726265157483681,1.24287908212861,-0.1403538061173773,75762,21308
btc4_er10,0.33704905634169335,0.3052137847310302,0.2998134789973545,0.2725265091725203,0.1402768960503718,75762,21308
h1_di_spread_acc,-1.0003250563637447,0.023722891421748597,-0.6949868289205998,-0.0028758695616133,-0.14017764763567794,75718,21308
h4_stoch_spread,-0.7427004474521274,0.7792716122822237,-0.556474660113004,0.749209844002884,-0.1398512680877574,75496,21308
m15_di_spread_d1,-0.6552672069315916,0.05583611442898527,-0.1753550453630117,0.00864691332349205,-0.13937409884091714,75739,21308
h1_chop14_d3,-1.1421315655013207,-0.001780452365809051,-0.2866525283550274,1.7408297026122455e-13,-0.13886797487062835,75717,21308
h4_kdj_spread_d3,-0.7751732459944078,0.5205642212680641,-0.7305196045071618,1.2306345329646575,-0.13884809536344273,75664,21308
btc4_kdj_spread_d1,-0.40867575418013463,0.21690842394578105,-0.4089483263192548,0.4986781080817764,-0.13840351376603244,75762,21308
btc4_motion_neg,2.400029038304163,2.097334334522245,2.0,1.0,0.13788637865410075,75762,21308
btc1_reclaim_prev_high,0.17902114516512235,0.23301107565233714,0.0,0.0,-0.1376041032788974,75762,21308
h1_stoch_spread_d3,-2.142100284549848,0.146428183674672,-1.646737744064696,-0.06816215635739015,-0.13744413504988426,75677,21308
btc1_ppo_hist,-0.01806818238452539,0.005440281586623983,-0.0191946500783939,0.0068991411006322,-0.1373073516765258,75762,21308
btc1_higher_low,0.46964177292046144,0.538107752956636,0.0,1.0,-0.13721573038047652,75762,21308
pre_ret_48h,-0.16116966066080293,-1.1993533572520196,-0.1967729240456517,-0.794331477404836,0.13700106637397277,75663,21308
btc1_stoch_k_d3,-3.2194320172880087,0.668232238152028,-2.1676047664090774,0.7908066741473427,-0.13687937463467917,75762,21308
h4_kdj_j_d3,-2.6135054925599444,1.8058394246346365,-2.679036341552049,3.448277565550768,-0.1365823131949934,75664,21308
btc1_rvol20_d1,0.10988459531706642,-0.005322304052367839,0.01946958690685515,-0.0138668039955769,0.13402730551608635,75762,21308
h1_structure,0.4592011826509332,0.525999624554158,0.0,1.0,-0.13398396556108322,75762,21308
btc1_turn4,0.16017264591747843,0.21039046367561479,0.0,0.0,-0.1335189242691968,75762,21308
btc1_higher_high,0.4072490166574272,0.47296789938051437,0.0,0.0,-0.13328174240933852,75762,21308
btc1_close_loc,0.4662294447502805,0.5054872398839336,0.4392971246006555,0.5072668550666245,-0.13291404994495506,75762,21308
m15_motion_neg,2.6272009714632665,2.330016895062887,2.0,2.0,0.13238993962671788,75762,21308
btc4_motion_pos,2.126752197671656,2.413084287591515,1.0,2.0,-0.13160831976237827,75762,21308
btc1_kdj_j,47.38653444561022,51.44832029015471,45.499807330183614,51.832945873619565,-0.13090237448227632,75762,21308
h1_rvol20_d1,0.16848483820204496,-0.005106096691754595,0.0498342927259234,-0.013685914313465799,0.13086506026102787,75714,21308
h1_roc4_acc,-0.3171660586183066,0.002795498448456838,-0.1987289057766572,0.0001959859686151,-0.1297316305199137,75731,21308
pre_ret_12h,-0.7390015564409247,-0.20980552322231935,-0.619962802231866,-0.08678692181908751,-0.12970033002048634,75721,21308
h1_adx_acc,0.09280686984713514,-0.005846514315284417,0.0660968029183806,0.0155513268332825,0.12946212444207672,75693,21308
h4_stoch_spread_d1,-0.6915763840509812,0.36900872281187924,-0.4948291484822267,0.49132346190915177,-0.1293662245552196,75486,21308
btc1_cmf,0.017584993074722503,0.0010839354900922158,0.0171218328210283,-0.0037960486664726,0.12936318244406214,75710,21305
h4_tsi_acc,-0.16714278348774675,0.06624468024163409,-0.1210382976856311,0.0772703647597623,-0.12885387007713728,75718,21308
h1_er10_d3,0.03031846101230194,-0.0012021880608299863,0.0242735042735043,0.0,0.1286666087838121,75717,21302
h4_roc4_d1,-0.3552431880892257,0.03961410432962911,-0.2610157182955985,0.0036791887564113,-0.12666866712062333,75712,21308
btc4_kdj_spread,-0.5055537795342891,0.46738475379064987,-0.298000540535547,1.0172272233416244,-0.1253851374669297,75762,21308
btc1_wpr,-52.46760619339624,-49.153850732400606,-53.89198539304248,-49.4985099496912,-0.12495071107557977,75762,21308
h1_er10_d1,0.021060487530604834,-0.00041109013545017915,0.0157070249947793,0.0,0.12420902291370818,75721,21304
btc4_tsi_d3,-0.18742733922769786,-1.0261911977927363,-0.3590217332912502,-1.148141354374193,0.12379962734142587,75762,21308
btc1_macd_hist,-10.235143193170417,1.7051250203830264,-6.508852327082309,1.9865208407715187,-0.12372853852263252,75762,21308
btc1_structure,0.5221747049972282,0.5833489769100807,1.0,1.0,-0.12281703305416566,75762,21308
btc1_roc4_acc,-0.13224203901845275,0.0012415444419141856,-0.0786724523397786,-0.0034780158016278,-0.1226766447648234,75762,21308
btc1_vwap_dist_acc,-0.09859008201119376,0.0005446329508375047,-0.0625501848615526,0.00417782226886375,-0.12128046777242633,75762,21308
btc4_wpr_d1,-1.3410524210274182,0.5506911772380221,-0.4492992922394485,0.452809045994158,-0.1207695737336661,75762,21308
btc1_stoch_spread_d3,-1.8559771287237876,0.16757753476730786,-1.4313277332652952,-0.2799602799945564,-0.12067369829913024,75762,21308
h4_er10,0.3229093054752006,0.2962917096889412,0.2886597938144327,0.2571428571428571,0.12066289595679242,75667,21308
btc1_bb_width_acc,0.00038496960752641343,1.8605113239659353e-06,-8.508412146154831e-06,-5.282545753949701e-05,0.12029058332364705,75762,21308
btc1_bb_width_d3,0.0010455964406372237,-5.6175844191775997e-05,0.0001382065231602,-5.5853392274035976e-05,0.12020750845120455,75762,21308
h1_bb_pctb_acc,-0.035811426455837195,0.00036351525302013573,-0.029241870704121452,-0.0004575688374007,-0.11989039775896711,75712,21308
btc1_obv_d1,-649.8286973516545,20.807113180823194,-573.3430099999532,198.4118749999907,-0.1195558531556266,75762,21308
btc4_stoch_k_d1,-0.6284605804482972,0.8127599275233127,0.0,0.1693316791140429,-0.11922288810530147,75762,21308
h1_di_spread,-2.071002516284148,-3.866457503786445,-1.8405927135236373,-3.0994226893525436,0.11801657399351341,75719,21308
h4_stoch_spread_d3,-1.0612046365380912,0.8603269950484485,-0.9993988505646634,1.0417965104515652,-0.1168265929903359,75470,21308
btc1_obv,733431.7908034241,706118.3425868666,787110.2524349988,714237.4342149999,0.11565404602710078,75762,21308
btc1_di_spread_acc,-0.8312352667578768,0.02030327325640151,-0.5532483513511757,-0.0319658701233862,-0.11558484689621444,75762,21308
h4_kdj_spread,-0.5755498592416041,0.36076302774367686,-0.8080853621009148,0.13858767343937825,-0.11499136258373013,75675,21308
btc4_wpr_d3,-1.7146926714534751,0.9893930116068645,-1.190335559082392,1.7636642811491328,-0.11494486932143419,75762,21308
h1_roc12_acc,-0.2741574045476448,0.0008379755614136528,-0.1879531737351891,0.0006700198331377,-0.11414687467037488,75719,21308
h1_bb_width_d3,0.0027674977338215073,-0.00019628944121397396,0.00091031349861415,-5.9244131673954255e-05,0.11365221238677158,75712,21308
h1_motion_rise,-0.2818803463934946,0.012014266941993618,0.0,0.0,-0.11296437119295938,75752,21308
h1_adx_d1,0.13750599657449478,0.002620323599984043,0.0468759299936465,-0.08656439475425155,0.11066324787412218,75695,21308
h4_ppo_hist_d1,-0.01731727419457391,0.003555797417872546,-0.01485035640707005,0.0060844406929693,-0.11017584879717303,75730,21308
m15_tsi,-4.1719017755721355,-2.0123678553209583,-4.634273809701385,-1.2896926871948802,-0.10997033005098017,75762,21308
btc4_kdj_j,51.9857969571011,48.6213303954719,53.526095264015794,48.30804125705144,0.10990229580002064,75762,21308
h1_hammer,0.11749953802697923,0.15369814154308242,0.0,0.0,-0.10939842718475501,75762,21308
h4_bb_pctb_d1,-0.01675329908685265,0.0034341945319789125,-0.013463479696241,0.0173870736547211,-0.10857642097687346,75582,21308
h1_higher_low,0.40421319394947336,0.4572461047493899,0.0,0.0,-0.1077062546319763,75762,21308
h4_ppo_hist,-0.012325355551296543,-0.08721317745104112,-0.0019467580801855,-0.0442649168943508,0.1074467325185874,75746,21308
btc4_ppo_hist_d1,-0.0063050863039405365,0.0027928593437519566,-0.0056247549756949,0.0048637432501737,-0.10699817857692491,75762,21308
h4_atr_pct_d1,0.010769428498606654,-0.01515450035617481,-0.0266879003235713,-0.0246928867037476,0.10668905736458965,75633,21308
h4_rsi_d1,-0.5062844278723762,0.000170811459985149,-0.4070473925671791,0.0,-0.10630589319206661,75621,21308
m15_mfi_d1,-0.7246105721274779,0.05349221221020551,-0.47815280849212627,0.0,-0.10569321642193492,75704,21305
h4_hammer,0.13352520265096507,0.17021775858832364,0.0,0.0,-0.10534985434916079,75746,21308
h4_atr_pct_d3,0.004125910397020801,-0.0463966320145322,-0.0425210801654936,-0.0555913588092791,0.10533979175218416,75617,21308
m15_vwap_dist_d1,-0.06833803485723434,0.000624363066687108,-0.0416694332779576,0.00042708201610225003,-0.10474210989941195,75731,21308
h1_cmo_acc,-2.1555618335897853,0.017061829726491003,-1.9124159422670388,0.0,-0.10421068210703108,75717,21308
btc1_stoch_d,48.40745993713447,51.51330650677269,46.92751009055926,52.614940654862586,-0.10411130441625756,75762,21308
btc4_tsi_acc,-0.13699130054990516,0.05566381268527963,-0.0402987674072079,0.1185094701669609,-0.10328650667471098,75762,21308
m15_chop14_d1,-0.5053714265781065,-0.036092287213249225,0.0,0.0,-0.10274204947363916,75739,21308
btc4_stoch_raw,48.127487641782125,44.480415326837985,46.93241725717685,37.139695098143,0.10163324291506465,75762,21308
m15_turn4,0.15555291570972254,0.19311995494649897,0.0,0.0,-0.10159558955186386,75762,21308
h4_reclaim_prev_high,0.19383201753227894,0.15444903322695702,0.0,0.0,0.101473821532474,75746,21308
h1_bull_engulf,0.0573242522636678,0.08189412427257368,0.0,0.0,-0.10142634557657948,75762,21308
m15_roc12_d1,-0.08382624482179052,0.0021709338389793815,-0.0518274865961676,0.0,-0.10109310022337863,75740,21308
btc4_stoch_spread_d1,-0.5271529455701951,0.2788125286822732,-0.2547522701117213,0.6237377223407776,-0.10071845480864106,75762,21308
h4_turn4,0.17434584004435877,0.21301858456917588,0.0,0.0,-0.10013536603674295,75746,21308
h1_lower_wick,0.262706935934188,0.2843597944210738,0.2222222222222039,0.25,-0.09953786678526304,75755,21265
h4_donch_pos_d1,-0.012203747186754469,0.0015159380662346348,-0.00934579439252305,0.0049751243781089,-0.09945381397740068,75582,21308
h4_ppo_hist_acc,-0.013908869950855674,0.0027936574726533693,-0.0086452517312727,0.0031252453205335,-0.09938865899420585,75721,21308
btc1_motion_rise,-0.26444655632111086,-0.0032851511169513796,0.0,0.0,-0.09921989597977546,75762,21308
h1_chop14_acc,-0.6252541030799481,0.010389708035402418,-0.1599153218531768,-0.0083797801855531,-0.09877486496177047,75718,21308
btc1_adx_acc,0.06690861000820011,-0.005683666645486805,0.0497769550813558,0.0168929056671025,0.09802734915161958,75762,21308
btc4_stoch_spread,-0.3613379282841748,0.6945449555889007,-0.216453802936499,0.6527950612772013,-0.09801983157348709,75762,21308
btc4_lower_wick,0.29687713340711935,0.3164024193259552,0.2650990597456503,0.2976157851465834,-0.09581401685185169,75762,21308
h1_donch_pos_acc,-0.021838983082745445,0.0005221572639110452,-0.0178571428571429,0.0,-0.09569444042680295,75712,21308
btc1_bb_pctb_acc,-0.030716747442692073,-0.0008138952726871645,-0.0238988728381947,0.0055476420476104,-0.09544876743809723,75762,21308
btc4_bb_width_d1,9.243660394762574e-05,-0.0005281572711354215,-3.2554377466034734e-05,-0.0001768856891914,0.09513472427924996,75762,21308
h1_bb_width_d1,0.0016809998053578129,-7.52778984867805e-05,0.00041356719030995,0.0,0.0946204595373285,75714,21308
btc1_roc12_acc,-0.10328963478666023,-8.427087122356427e-05,-0.064531572089288,0.0037662201421261995,-0.09440956232844062,75762,21308
h4_vwap_dist_d1,-0.2237855945341253,-0.014421811275796052,-0.1390160778408482,0.0307311803675833,-0.09436411514275456,75555,21308
btc1_bull_engulf,0.07526200469892558,0.10085413929040736,0.0,0.0,-0.0939342403297172,75762,21308
m15_obv,1166297009317.0352,-311345732664.85815,1723844.8898499776,-1370.1147480000575,0.09385294080478714,75762,21308
btc4_vwap_dist_d1,-0.09058753910125465,0.004193839620292123,-0.0428324740912255,0.0042089028553071,-0.09327300025770924,75762,21308
m15_kdj_spread_d3,-0.9169788878393615,0.03437167594314352,-0.5248140371232992,0.02519682611647405,-0.09289722530307802,75742,21308
h4_stoch_k_d3,-0.9757681929402912,1.6359310952374326,-0.9279779312315244,1.74373558210408,-0.09274442238563091,75486,21308
h4_close_loc,0.4713317162853951,0.4979817023706608,0.45383070744516535,0.5,-0.09262446504890276,75746,21308
m15_rsi_d1,-0.45967411754053256,-0.022687650844450537,-0.4240397294797091,0.0,-0.09160903163924507,75739,21308
btc4_ppo_hist_acc,-0.005159269013383467,0.0016606088577119428,-0.0031103823170978,0.0005277271237714,-0.09149076197656258,75762,21308
btc1_donch_pos,0.4815714373965652,0.5055647640012565,0.4691907863520686,0.49891804411471,-0.09066638719608511,75762,21308
m15_cmo_d1,-1.2054401806759394,0.04338877613355459,-0.9211685051947631,0.0,-0.09049036243176219,75736,21306
m15_atr_pct_d1,0.004446525725318248,-0.0007751334050304847,-0.0045815098751433,-0.0030153964931533,0.08995282382007105,75739,21308
btc4_macd_hist_d1,-3.5531007100348626,0.7090629992363002,-2.0832487676592653,1.4782277115880902,-0.08928142278503474,75762,21308
h4_kdj_j,47.104535526180335,44.23766092770547,45.47058050009004,41.198864682716646,0.08853986781287454,75675,21308
h1_roc12,-0.5745282861965935,-0.22468078416,-0.5371093750000111,-0.09727626459144485,-0.08794504433657653,75719,21308
btc4_rsi_d1,-0.42095441360455754,0.003997658849671188,-0.048137666208813046,0.0999801332585832,-0.08746831846048332,75762,21308
btc4_roc4_d1,-0.09413985992239231,0.02468514263008159,-0.0738346168521308,0.0141195831127038,-0.08688600874239688,75762,21308
h1_higher_high,0.37765634486945965,0.4193260747137225,0.0,0.0,-0.0856137924592207,75762,21308
btc4_bb_width_d3,-3.238469251804169e-05,-0.0015074476254506373,-0.0001585995402742,-0.0010258609726415,0.08548058033202666,75762,21308
h1_cmf_acc,-0.007704125528456514,1.8414826560290607e-05,-0.0064430143722352,-3.8464500326795825e-05,-0.08437829995276497,75525,20720
h4_tsi_d1,-0.17512408222177264,-0.3754707654917459,-0.1942319544351154,-0.239859668901973,0.08417874623298423,75721,21308
btc4_donch_pos_d1,-0.010017158449232805,0.001083279979674779,-0.0036990661208066,0.004182081389738,-0.08406689678192428,75762,21308
btc4_motion_rise,-0.16302367941712204,0.056880045053501034,0.0,0.0,-0.08376161696549857,75762,21308
btc1_adx_d1,0.09793742096027443,-0.004587261263099277,-0.0182187332335175,-0.17079609030161524,0.08349584941717668,75762,21308
btc1_obv_d3,-781.3943566548147,7.51226538454797,-491.42648000002373,62.01691999996547,-0.08342608218057922,75762,21308
m15_stoch_spread_d3,-1.3264879784159147,0.08537797081184888,-0.7817498292659475,-0.08925870919059076,-0.08323385763298503,75721,21306
h4_motion_rise,-0.1475108939654034,0.07128777923784495,0.0,0.0,-0.08293669346091476,75730,21308
btc1_cmo_acc,-1.8287127414475353,-0.06111546306978451,-1.5751934225882271,-0.5120077698293066,-0.0809343627114383,75762,21308
btc4_roc12_d1,-0.08696439562562547,0.02808620314846601,-0.0640010934230939,0.0305256004010878,-0.08058261382830466,75762,21308
btc1_donch_pos_acc,-0.018562945166193494,-0.0008272790307363837,-0.0153783844953481,0.00162560890066215,-0.0803460019028654,75762,21308
btc4_mfi_acc,-0.441562555894474,0.19112291410557053,-0.2571036438340144,0.0604902101780879,-0.08024974821690091,75762,21308
m15_close_loc,0.4749233777006769,0.5016433791341657,0.4615384615384484,0.5,-0.08015304660754045,75276,20105
btc4_di_spread,1.6370885488970048,0.42724219196508073,1.1539849031066751,0.3917394088581858,0.08013110801438787,75762,21308
h4_roc4_d3,-0.35823089820587234,0.06979377277109577,-0.29600231083052897,0.0009849189214872,-0.0794117762182366,75686,21308
btc4_turn4,0.17702806156120482,0.20771541205181152,0.0,0.0,-0.07927755681131696,75762,21308
m15_atr_pct_acc,-0.006480509851786152,-0.0003400313273723404,-0.0021860504078454,0.00010519878057675,-0.07900662788308363,75739,21308
h4_cmo_d1,-1.0303412949397945,0.10070190116338845,-0.6919006919007415,0.3920755108396037,-0.07843928950260637,75621,21308
h4_cmo_acc,-0.8168320866088257,0.8039561783660263,-0.6676942754897546,0.7184996880975554,-0.07794123351767122,75617,21308
h4_mfi_d3,-0.6026613931233527,-1.5475839779934164,-0.824046866543064,-1.1479417967791363,0.07790871326382538,75607,21308
btc4_obv_d3,2518.413092005098,-166.65243934232794,231.22043999983,-165.83099999988917,0.07746571850709306,75762,21308
h4_bb_pctb_acc,-0.015410881505629881,0.005172330738366691,-0.0113487266924115,-0.0015173374757501,-0.0761685756738377,75576,21308
btc4_hammer,0.1358992634830126,0.16233339590764032,0.0,0.0,-0.07583462959380233,75762,21308
btc4_bb_pctb_d1,-0.01285896693307969,0.0012668705283525978,-0.0083893401264795,0.0078288428452356,-0.07561970455627268,75762,21308
h1_mfi,47.86888743893333,46.45219651852069,47.511258544218165,46.57691654756039,0.0743146024853472,75702,21308
h1_mfi_acc,-0.7019874030605935,0.0027397278589342956,-0.4911815797871171,0.03755959485349785,-0.07430756762526261,75684,21308
btc1_chop14_d1,-0.3915199196999348,-0.03320367290203309,0.14259869715197482,0.0322488508417535,-0.0738588470534876,75762,21308
h4_obv,3495584791119.081,462244417333.15607,138379588.08449978,64982617.405000016,0.07225561962386234,75746,21308
m15_reclaim_prev_high,0.1711808030411024,0.19856391965458983,0.0,0.0,-0.07174618094444286,75762,21308
btc1_mfi_acc,-0.5684999054476625,0.01843138711621782,-0.3595301436789668,0.1151501545942181,-0.0712228167410007,75713,21303
btc4_cmo_d1,-0.9448684530277195,0.14970967992819711,-0.5357864893741842,0.1305140258815669,-0.0705787667527408,75762,21308
btc4_sweep_reclaim,0.07792824899025896,0.09724047306176084,0.0,0.0,-0.07035259276675244,75762,21308
h4_roc4_acc,-0.30058682911985996,0.01984326308126236,-0.22442249225767535,0.0,-0.07016946258265347,75700,21308
btc4_cmo_acc,-0.9516223047331362,0.5789868429092886,-0.5724536692573494,-0.0083130092568524,-0.06944936783829764,75762,21308
h1_sweep_reclaim,0.08766928011404133,0.06847193542331519,0.0,0.0,0.06944042485219241,75762,21308
btc4_chop14,48.61957796073904,49.25500989763241,49.383319835674605,49.3478235877246,-0.06901125252291312,75762,21308
h4_bb_pctb_d3,-0.021774840185124468,-0.002256259622444632,-0.0249825023550653,0.0276189803540265,-0.06886938388609005,75571,21308
m15_kdj_j_d1,-1.2492843998404117,-0.1137422808734703,-1.033128018441957,0.056442493878449754,-0.06853382098879406,75742,21308
btc4_macd_hist,-4.1184161568431366,-16.47499429851603,-3.401095384158793,-12.997056295122846,0.06851161142923576,75762,21308
h4_cmf_d3,-0.005202247033471958,0.0007943527728266406,-0.0044609169806547,0.0009477837139538,-0.06843892531239353,75571,21308
h4_roc12_d1,-0.19350804276086922,0.0360503461486009,-0.1394202903277963,0.0386033466738267,-0.068405159188082,75642,21308
h4_mfi_acc,-0.2736909307623146,0.3425914019959398,-0.22810499297678885,0.1614221890771432,-0.06811422014311085,75610,21308
h4_cmf_d1,-0.0035445521352742812,0.00022253552070581136,-0.0035320821944254503,-0.0003357218370636,-0.0678152817117673,75582,21308
btc4_stoch_k_d3,-0.3039229046343066,1.6018421965231189,-0.5093068718639415,1.4985786259058091,-0.06773661205025278,75762,21308
h4_donch_pos_acc,-0.010525460274586881,0.003125637052328017,-0.00568115133305905,1.8457457784393227e-15,-0.0673460101005956,75576,21308
m15_er10_d1,0.012038896133015141,0.0010032635740298932,0.003230584763911,0.0,0.06625108558271134,75736,21300
btc4_rvol20_d3,0.0676672809715286,0.012100314605198077,0.041758919228742,0.0111559152468401,0.06616768433636279,75762,21308
h1_obv,1417459018042.9446,212293484236.17593,46650989.81750004,23107561.159999937,0.06547096137567898,75762,21308
btc4_roc4,0.09850687404047741,-0.02422887793745258,0.0067253077084439,-0.0163300389700249,0.06459251761388736,75762,21308
m15_higher_high,0.3444206858319474,0.37521118828608974,0.0,0.0,-0.06452682188244015,75762,21308
btc4_donch_pos_d3,-0.01478480571878566,-0.001588971082749427,-0.0082587381724473,0.0054307720032319,-0.06446644840823804,75762,21308
btc1_er10_d1,0.011056906944256564,-3.954985553915248e-06,0.00883061049122395,-0.0029965179626275,0.06402976504966876,75762,21308
h1_reclaim_prev_high,0.16658747129167656,0.19053876478318002,0.0,0.0,-0.06351118116983208,75762,21308
btc1_cmf_acc,-0.005373291308884505,-0.00015151369156902298,-0.003917552179354,-0.0015905247219852,-0.06334965516761683,75701,21305
m15_roc4_d1,-0.06513257597905679,0.0007659811705854557,-0.04085638031213195,0.0,-0.06330743673408763,75752,21308
h4_donch_pos_d3,-0.01669655354745172,-0.0034551008150115557,-0.0185185185185184,0.00590336241645,-0.06288631291630255,75571,21308
h1_er10_acc,0.01633495770091938,0.00027423781386636746,0.0189355559678939,0.0057142857142856,0.06213516193901694,75718,21303
h4_macd_hist,-0.0028505079597803866,-0.05799529818403741,1.0919135373311186e-07,-1.0140079239784284e-05,0.06159548094228718,75746,21308
h4_stoch_raw,47.27472241577266,45.067249044920295,45.778661342716845,41.51575588129482,0.06155075680661369,75526,21308
m15_donch_pos_d1,-0.007960097484526394,0.001155800428457467,0.0,0.0,-0.060780249786680854,75734,21308
h4_vwap_dist_d3,-0.3134298812268133,-0.10047849409878182,-0.23590355747379324,-0.0052476494921016,-0.05975378543484173,75534,21308
btc4_mfi,51.03727142572575,50.014954362026714,50.47763090402351,50.07545507810028,0.05867098185950619,75762,21308
btc4_stoch_spread_d3,-0.4290380699368593,0.5175767257589552,-0.54140850094835,2.1575468844387258,-0.05858125358931534,75762,21308
h1_rvol20_acc,0.1193097157762971,0.0007216030018628023,0.1722390032032453,0.11871805663182315,0.05811777627716831,75712,21308
h4_roc4,-0.11935948502678033,-0.3580368773354917,-0.22459299612857525,-0.2024291497975783,0.058003243645406155,75716,21308
h1_bb_width_acc,0.0009850450386850972,-1.2105434852679646e-05,0.0002127809438515,-5.7034522968827175e-05,0.05793980940579165,75712,21308
h4_vwap_dist_acc,-0.16291167375938123,0.021069095273053864,-0.1214820917422261,0.0025788720921893,-0.057886356086744084,75544,21308
m15_bb_pctb_d1,-0.010527302788161904,0.0002619701393588093,-0.0051262525646864,0.0,-0.0577906741326228,75733,21308
btc1_body_frac,0.4571748993067418,0.4423940417728782,0.4555025568303915,0.4272583201267789,0.05737920360796588,75762,21308
m15_cmf_d1,-0.0030808481108937297,0.0007271760295077094,-0.0027044868375378,0.0008471719508622,-0.05701852958850922,71766,15615
btc1_rvol20_acc,0.07393174870760166,0.001644563692586089,0.1277726557993327,0.089244933399602,0.05689045083177823,75762,21308
btc1_chop14_d3,-0.5416702291624944,-0.0941132849655397,0.0201535803715628,-0.1131052459058494,-0.056401346573657266,75762,21308
btc4_roc4_d3,-0.08243416747202614,0.05317857573838138,-0.08895500411688625,0.0623757597689511,-0.0561673329876316,75762,21308
btc4_vwap_dist_d3,-0.10788218924931582,-0.01676413515980509,-0.1255165440130046,-0.01315028368849,-0.054054218230060284,75762,21308
btc4_roc12_d3,-0.10308099845278397,0.025306671124064112,-0.1061010825633257,0.067485152394231,-0.05321444410985683,75762,21308
m15_vwap_dist_acc,0.05776568372401913,-0.001737994854743024,0.0048548612752274,-0.00014734344419005,0.052594674293109184,75731,21308
btc1_er10_d3,0.012730056301870355,0.00017260843186994086,0.0087046701923628,-0.0005491196138613,0.05240758725938241,75762,21308
btc4_bb_pctb_d3,-0.016904586331156903,-0.0017024413058851847,-0.0195605731494331,0.0080481184610367,-0.052372738402686976,75762,21308
h1_adx_d3,0.19107907672053495,0.025429658455156656,-0.10376754618698131,-0.2709663004469931,0.05208242428601385,75692,21308
h4_roc12_d3,-0.2779455488746866,0.006002684422893369,-0.2129982987723586,0.04391318574216145,-0.05185978082289841,75621,21308
m15_adx_acc,0.05016110384037685,0.01635630980068326,0.0413154642493083,0.028759581371142248,0.05179180931285029,75726,21308
btc4_vwap_dist_acc,-0.06674463515150042,0.00916555171033243,-0.0383344283736217,0.0298395024450837,-0.05172911641018286,75762,21308
btc1_kdj_d,51.587117397280394,50.73098065667573,51.52043319025097,50.59802900927815,0.05165140984542703,75762,21308
m15_body_frac,0.4868169326974535,0.5022004145040492,0.5,0.5,-0.051503388296605654,75276,20105
btc4_er10_d3,0.00482842649583435,-0.00814094549290849,-0.0009062560308826,0.0046867915025279,0.05147763474469254,75762,21308
btc4_ppo_hist_d3,-0.0071285965350962426,0.0034748777932983124,-0.0114144691283744,0.0059039639447671,-0.051336076283566665,75762,21308
btc4_mfi_d1,-0.34032114152655746,-0.027251126090402426,-0.1954798595026545,-0.0513111253670075,-0.05090433242446776,75762,21308
btc4_close_loc,0.5001251204375744,0.5139684368894867,0.4987478019928567,0.5200118369460671,-0.050856624368940485,75762,21308
btc4_di_spread_d1,-0.281938913650661,-0.04168578192947701,-0.1029145594528806,0.0715044872100651,-0.050518244434920034,75762,21308
h4_rsi_d3,-0.6789931967259921,-0.30562179741092554,-0.776999303157254,0.0214067412637248,-0.04959987144587753,75612,21308
btc4_donch_pos_acc,-0.008213607030889558,0.0014675754099784924,-0.0037017987409515,0.0064441867167833,-0.04935118210136608,75762,21308
h4_ppo_hist_d3,-0.01914450072898396,0.0028961353603360143,-0.02159748744988755,0.0115717434428518,-0.049054676510727334,75718,21308
h4_bull_engulf,0.07415573099569614,0.08719729678993805,0.0,0.0,-0.04892367113076006,75746,21308
h1_cmo,-6.071304669686735,-4.474808532191648,-6.586826347305386,-3.571428571428669,-0.048671025866613656,75719,21308
btc1_chop14_acc,-0.30276846790208345,0.0032189097928931936,-0.0518524728008884,-0.03185856528524055,-0.04830697341411487,75762,21308
btc4_roc4_acc,-0.08778511054796727,0.0071052729708051595,-0.0702189614069315,-0.0466655281741057,-0.04747282995192908,75762,21308
m15_rvol20_d3,-0.024190788770579685,-0.10378409996179061,-0.0510267568188174,-0.061107906152243055,0.047138454893300145,75734,21308
btc4_tsi_d1,-0.16648477637418066,-0.2873692972725295,-0.1533682769701698,-0.3478996009824571,0.046546306834219155,75762,21308
h4_chop14_d3,0.11952552061775298,0.48170749250056394,0.4786595485664335,0.20737493411141372,-0.04634352902581763,75617,21308
m15_rvol20_d1,-0.06503352369755157,0.005134961059543354,-0.044325798930229296,-0.007163971787184651,-0.046261189193078,75734,21308
m15_rvol20_acc,-0.12729071499627817,-0.008792548924761577,0.08178005169866336,0.13159972157153194,-0.04621813278792387,75734,21308
h1_macd_hist_d1,-0.005030853857192559,0.0017985795256835967,-1.599067953945408e-05,2.2241911067655344e-08,-0.04587376478812147,75752,21308
btc4_bb_pctb_acc,-0.011421671598606967,0.0012327510753362332,-0.0054976577731549,0.007059438348226,-0.045492906218261575,75762,21308
m15_bb_pctb_acc,0.012055585961589503,-0.0009519698315304027,0.0055432681206785,-0.00033447679863,0.04544768745031939,75733,21308
btc4_di_spread_acc,-0.23439376557827574,0.05537737869151156,-0.0388749408511976,0.0343002653873298,-0.04540851998831448,75762,21308
h4_di_spread_acc,-0.21787036552350725,0.0621178045641486,-0.101230760479348,0.008996579583772,-0.044763756000814205,75621,21308
btc1_cmo,-1.5188843242384964,-0.06283139106601454,-2.774484230495421,0.72701843275437,-0.044209239003384006,75762,21308
btc4_rsi_d3,-0.5056932683894692,-0.15864191013341808,-0.4023801851182824,-0.1526535982383663,-0.04369415792847741,75762,21308
btc1_roc12,-0.07497999982418865,0.006140390351605031,-0.090372946005135,0.0120726740973076,-0.04365316969103906,75762,21308
h1_kdj_d,47.858562619415935,48.66903234161824,47.18540104634056,48.67193203950677,-0.04355862844796414,75724,21308
btc4_roc12_acc,-0.07214137074015882,0.016795693142276802,-0.0563519877181284,0.0391097010497332,-0.04354437089642905,75762,21308
m15_di_spread_acc,0.3742463256980566,0.050724630496428974,0.0601851776441613,-7.105427357601002e-15,0.04353842733536442,75739,21308
h4_er10_d1,0.006092126076070085,-0.001205488821397004,0.0013744946555625998,0.0,0.04341577526269493,75662,21308
btc1_er10_acc,0.011295364273307696,-0.00010853575740157251,0.01852505600970045,0.0129513567776383,0.04325229184981408,75762,21308
btc4_mfi_d3,-0.16061212506793976,-0.6456926568596228,-0.3064533143123071,-0.3793962765965304,0.042745207573472374,75762,21308
h4_higher_low,0.49242204208803103,0.4711845316313122,0.0,0.0,0.04249388967624127,75746,21308
h4_chop14_d1,-0.026055578876835767,0.15728394452719696,0.1358149058602649,0.0,-0.04110036110496396,75633,21308
m15_ppo_hist_acc,0.0019908111724176187,-0.00029323357754818647,0.00010569608034655001,-0.0001755895362377,0.04103571277008858,75762,21308
m15_wpr_d1,-0.7045493880862914,0.0034726319464198734,0.0,0.0,-0.04091205003350639,75739,21308
m15_lower_wick,0.2659982594854132,0.2560646217644583,0.2222222222222376,0.1999999999999716,0.04077578398083457,75276,20105
m15_macd_hist,-0.008167636234505534,0.002515038227797893,-2.2649808400742085e-05,7.572639345246183e-08,-0.040694447151526245,75762,21308
btc1_kdj_k,50.186923080057,50.97009386783539,49.66867511195897,50.95178725424683,-0.040448762109957404,75762,21308
btc1_adx_d3,0.13097136970851683,0.0026519470593016534,-0.188729906530245,-0.45634455974392374,0.03919301592728937,75762,21308
pre_ret_24h,-0.319067132083352,-0.5267460750360768,-0.2884476714517136,-0.29765138859233486,0.039096026615932866,75712,21308
btc4_higher_low,0.5542752303265489,0.5348695325699268,1.0,1.0,0.03901172524489654,75762,21308
h4_higher_high,0.4369999735959655,0.4178712220762155,0.0,0.0,0.038612315449554596,75746,21308
h1_macd_hist_d3,-0.0065398798340110306,0.0045013855398165735,-1.4670911558294346e-05,5.8510119833203944e-08,-0.038073150588959256,75740,21308
h4_atr_pct_acc,0.011467568081209488,0.000307288402255394,0.0080947215167039,0.0004090441511674,0.0373875116567278,75621,21308
m15_macd_hist_d3,-0.005854646175019212,0.0007412868044205565,-1.0548469920312652e-05,2.0953386569470324e-10,-0.03715801881201608,75762,21308
btc4_macd_hist_d3,-4.046887175755574,0.21186114911878678,-3.769174541963295,1.819132219924171,-0.03680859951914922,75762,21308
h4_roc12_acc,-0.1275881045960789,0.04118737348603713,-0.0896664182305606,0.019465236177008,-0.03606392289122355,75633,21308
h4_di_spread_d3,-0.45927475726455946,-0.7460929859090919,-0.6808813751192968,-0.2453073222696471,0.035459331064250504,75617,21308
h4_bb_width_acc,0.00037109169263923393,-4.375472261532932e-05,-0.00020449366970195002,-0.0001915983991753,0.03537871694257778,75576,21308
m15_roc12_acc,0.05032250464767408,0.0007869591517595458,0.0013284375979694,0.00010839100273434999,0.03515702101221919,75739,21308
btc4_structure,0.5527177212850769,0.5695044114886427,1.0,1.0,-0.03379200872634799,75762,21308
h1_vwap_dist,-1.0237612920925558,-1.196259067988963,-0.7961072326479302,-0.9401123001936018,0.033772256814617076,75712,21308
h4_structure,0.5261135901565759,0.5428946874413366,1.0,1.0,-0.033624864557691134,75746,21308
m15_bb_width_acc,-0.0001372538261208705,1.0233358556726971e-05,-4.3228191454844356e-05,-3.1684114165134517e-05,-0.03312770274003246,75734,21308
h4_bb_width_d1,4.7274851881747444e-05,-0.000400688475130707,-7.272662237733929e-05,-0.0001197322482019,0.032521951652921766,75582,21308
btc1_chop14,48.76592214012441,49.073749934625106,49.474289549896966,49.21815589032072,-0.0324485192844021,75762,21308
m15_stoch_spread_d1,-0.3212276403113344,-0.04224892711935129,-0.01084991178010415,-3.9745984281580604e-14,-0.03218332694428271,75722,21306
btc4_bull_engulf,0.08312874528127558,0.09207809273512296,0.0,0.0,-0.03207666751872922,75762,21308
m15_cmo_acc,0.6481941563292277,0.0033016899831654067,0.4064679613699358,0.0,0.03136039073314366,75734,21306
h4_cmf_acc,-0.0024160708768876512,8.670573108043431e-05,-0.0022298643825153,3.76503790361013e-05,-0.03131476640094172,75576,21308
btc1_mfi,49.27296450884063,48.73055368074573,48.90097558412656,48.39900688340354,0.03074021608212514,75744,21303
h4_sweep_reclaim,0.08828188947271143,0.09700581941055003,0.0,0.0,-0.030455940881300735,75746,21308
m15_macd_hist_d1,-0.0021442572903150724,0.00015127308484747751,-2.877197408296571e-06,-2.8473830514763343e-11,-0.02955409636453873,75762,21308
h1_macd_hist,-0.011119804121852959,0.0018233739899077151,-1.7136385215731444e-05,1.2443060998747314e-06,-0.029417873770040837,75762,21308
h4_rvol20_d3,0.061015161578842805,0.026464728710572642,0.0316760937240647,0.0237171292872889,0.029258397684198745,75571,21308
btc1_hammer,0.14183891660727013,0.15210249671484888,0.0,0.0,-0.029227578700094913,75762,21308
btc4_obv,1903634.2879789418,1884800.012347145,2127529.354930992,1875819.6488009945,0.028848761171735453,75762,21308
h1_cmf,-0.022860990374407874,-0.018288532110330786,-0.0220055977797111,-0.0151140026076062,-0.02842278684324546,75541,20764
m15_roc4_acc,0.04194117567076829,0.0002810492993103074,0.0005257713546091,4.675670240983365e-05,0.027750633998541628,75751,21308
btc1_sweep_reclaim,0.09651276365460257,0.08841749577623428,0.0,0.0,0.027644614044611965,75762,21308
m15_chop14_acc,0.08602268241084295,-0.09302562889633205,-0.0029158030231783,0.0,0.027434702265209204,75739,21308
btc4_atr_pct_acc,0.0028380094804955837,0.0003181500461044129,0.0001084744933672,-0.000524344793283,0.027206381146730588,75762,21308
btc4_chop14_d3,0.06646223400946515,0.27376654345677365,0.3124883045800857,-0.5253146457126832,-0.026947874019967684,75762,21308
h4_di_spread_d1,-0.3099046577377526,-0.18524879062255603,-0.1860657653881503,0.0980690092037264,-0.026626031364502034,75633,21308
h4_mfi_d1,-0.3728046544426021,-0.19500417151170543,-0.1659939335744695,0.010704542248817,-0.026315619520922772,75623,21308
m15_mfi_acc,0.27866899102018305,0.018192430249000028,0.1684405215673656,0.034275851294609055,0.025539125795699707,75692,21304
btc4_bb_width_acc,0.00010327849837932411,-1.5119367609030922e-05,-0.0002490970597826,-0.0001944907621645,0.02475787761657908,75762,21308
btc4_cmf_d1,-0.002801839242028013,-0.0015651425554286435,-0.0017067115144783,-0.003353777350807,-0.024423649815707448,75762,21308
m15_donch_pos_acc,0.00603702026031217,0.000582285214076237,7.271960811294775e-15,0.0,0.023260935464543903,75734,21308
btc4_er10_acc,-0.003866010737705818,0.00214091532255593,-0.0038964123312923,0.0094419027268327,-0.022700598356349272,75762,21308
m15_hammer,0.12986721575459992,0.1372723859583255,0.0,0.0,-0.021913453430892137,75762,21308
h4_er10_d3,0.0020360788115190167,-0.003143005692941326,-0.0003691399040224,-3.3306690738754696e-15,0.02098860603046254,75641,21308
m15_higher_low,0.4332910958000053,0.42317439459357986,0.0,0.0,0.020428976750709885,75762,21308
btc1_di_spread,-1.6008546623863433,-1.293787198962344,-1.529741605743823,-1.3198250348610294,-0.01950789606981392,75762,21308
m15_kdj_spread_d1,-0.14470355790240155,-0.052329475257462774,-0.0290366480297272,-0.0115982594913255,-0.01867249745178445,75742,21308
h4_macd_hist_d3,-0.005220779114221957,-0.01571037674111603,-8.11871411779564e-07,1.0887163355328395e-06,0.01864222844709564,75718,21308
btc4_chop14_acc,0.13994191510770126,0.03558976410499508,0.0154103699297962,0.0525614573373616,0.018079658964639013,75762,21308
h1_rsi,47.438562133844265,47.22889009446832,47.52094800485991,47.649520222527876,0.0173773646870991,75719,21308
h4_adx_d3,-0.007367327197998011,-0.05949222645900679,-0.3244636587590292,-0.4059881237711877,0.017020415286535234,75511,21308
m15_bull_engulf,0.056690689263747,0.05279707152243289,0.0,0.0,0.016958158437967198,75762,21308
m15_obv_d3,-1754382822.7072136,-74512792.24357688,-10149.155000000028,0.0,-0.016047780794644233,75762,21308
btc4_cmo_d3,-0.8241995729446687,-1.2233079778151963,-0.552257424872785,-1.1691456843627392,0.01598073457360321,75762,21308
btc4_cmf_acc,-0.0012651469587525797,-0.0001409871837971743,-0.0015301433346705,-0.0005158792341128,-0.015338482648212099,75762,21308
h4_er10_acc,0.004892090086540313,0.0010357110889866745,0.00870055926533635,0.0054594528278706,0.014823083453242448,75656,21308
btc4_higher_high,0.46972096829545157,0.476910080720856,0.0,0.0,-0.014402079028332107,75762,21308
m15_structure,0.46879702225390035,0.4616575933921532,0.0,0.0,0.014309728136829849,75762,21308
btc4_reclaim_prev_high,0.20052268947493465,0.2062605594143045,0.0,0.0,-0.014297222789437306,75762,21308
h4_bb_width_d3,-0.0005883417792458953,-0.0010795242305111138,-0.0004874152606607,-0.0007707289090233,0.013825888737007526,75571,21308
h4_chop14_acc,-0.08177231696215105,-0.001224708311434519,-0.0396546263123198,0.0,-0.013710807933527533,75621,21308
m15_obv_d1,-780763605.3836919,-2499004.4949278305,-760.2230000000345,0.0,-0.013693807482309904,75762,21308
h4_cmo_d3,-1.6361356251337031,-1.9414721278602627,-1.6279645388016837,-1.4579048402578207,0.013239799747024331,75612,21308
h1_obv_d1,-2729331345.048993,-61284949.644801594,-32421.811499999836,0.0,-0.013200874718600267,75752,21308
h1_obv_d3,-4250163954.2968526,-268846154.2088722,-38594.48999999999,-259.3355000013253,-0.01318362183095779,75740,21308
h4_rvol20_d1,0.022098157417273463,0.009215759374735446,-0.0042882691472153,0.0101980627509658,0.012773837732021936,75582,21308
h4_rvol20_acc,0.019541547017296962,0.00041231267606680716,0.1220279178324985,0.0965922676908932,0.011728965959192362,75576,21308
btc1_lower_wick,0.28370382875024963,0.28131750652708215,0.2456450995405913,0.2399420388680662,0.011225172725359488,75762,21308
m15_cmf_acc,0.0018137120333482737,0.0007203153934937333,5.790408561136273e-05,0.0001719071656081,0.010850563797257934,71679,15523
m15_tsi_acc,0.0005119826450175975,-0.021886796454623228,-0.049537442531052994,-0.0276182302932594,0.010117769965040215,75762,21308
btc4_cmf_d3,-0.003974614661542806,-0.004778664800007622,-0.003371238202065,-0.0029074443381496,0.009909133398293881,75762,21308
m15_motion_rise,-0.001900688999762414,-0.023840810963018585,0.0,0.0,0.00881256572896204,75762,21308
m15_er10_acc,-0.0011731510903934216,0.0009826719040491472,0.0,0.0,-0.008381730387088787,75732,21299
btc4_er10_d1,-0.00024071102043056653,-0.0016491265380886634,0.0008806414096803,-9.47362213232772e-05,0.008185332844448627,75762,21308
btc4_chop14_d1,0.08393608263318414,0.11726721892657775,0.1586737675403711,-0.10531895361263466,-0.007624641558789026,75762,21308
h4_adx_d1,0.003872196349054303,-0.0043970904287410845,-0.09610810180567769,-0.1219675489917584,0.007398094543791339,75526,21308
btc4_adx_acc,0.005838228491040178,0.010389052854570563,0.0305592407952648,0.039586077548563,-0.00690935876017971,75762,21308
h4_adx_acc,0.012925781435596702,0.015818094530159397,0.034067932348920096,0.01849973497597895,-0.004367476534210523,75518,21308
btc4_rvol20_d1,0.008292015781443738,0.0055081769876344985,-0.0218544525173546,0.0062936044681266,0.004027886656582137,75762,21308
btc1_rsi,49.43812661337646,49.486125277251084,49.3975707537352,49.18370305324159,-0.003870824239010808,75762,21308
h4_macd_hist_d1,-0.0038101963741018945,-0.002936283933920852,-2.3806102294885473e-06,7.596476655505393e-07,-0.003846714645679303,75730,21308
h4_obv_d3,1421430881.1087558,-2602627681.6036215,-23348.90000000084,-9829.938000000082,0.003452763327984534,75718,21308
btc4_di_spread_d3,-0.3221456757461905,-0.3002368542693398,-0.34480678258636743,0.0234625849510941,-0.002547860019512148,75762,21308
btc4_obv_d1,99.80025221334407,58.38775329847461,-1089.4282300001942,1390.342939999886,0.0022009484066543307,75762,21308
h4_obv_d1,-1359284147.3526995,-484855691.5892969,-27067.71750000189,0.0,-0.001287561644680726,75730,21308
btc4_rvol20_acc,0.00234389285418834,0.001062866839623975,0.1079542846304901,0.0755338920879155,0.0011881502415344938,75762,21308
