name,f1,f2,seq,disc_freq,cal_freq,disc_win,cal_win,disc_mean,cal_mean,disc_pf,cal_pf
TSI<=-0.211069|BB>=0.0942267|MACD_STOCH_TURN,-0.211069,0.0942267,MACD_STOCH_TURN,0.5268199233716475,0.4219409282700422,76.36363636363637,68.18181818181817,2.6107138240099514,2.4308323894646837,5.149047911335578,4.95466441497935
TSI<=-0.211069|BB>=0.0942267|PULLBACK_REBOUND,-0.211069,0.0942267,PULLBACK_REBOUND,1.0344827586206895,1.9562715765247412,74.07407407407408,59.80392156862745,2.579617323048483,1.0589422770481804,3.546827245656562,1.7280605135082512
TSI<=-0.211069|BB>=0.085|MACD_STOCH_TURN,-0.211069,0.085,MACD_STOCH_TURN,0.603448275862069,0.46029919447640966,74.60317460317461,66.66666666666666,2.3965089966367414,2.2122398994721237,4.398698347284014,4.237144725732997
TSI<=-0.211069|BB>=0.085|PULLBACK_REBOUND,-0.211069,0.085,PULLBACK_REBOUND,1.139846743295019,2.128883774453395,71.42857142857143,55.85585585585585,2.352714566661704,0.7943912024500157,3.20686800969844,1.5166101260651572
TSI<=-0.211069|BB>=0.075|HL_RECLAIM,-0.211069,0.075,HL_RECLAIM,0.4022988505747126,0.2685078634445723,64.28571428571429,28.57142857142857,0.31958300800684475,-0.1774448460361248,1.3325073889800019,0.8866813911563082
TSI<=-0.211069|BB>=0.075|MACD_STOCH_TURN,-0.211069,0.075,MACD_STOCH_TURN,0.6992337164750958,0.6712696586114307,75.34246575342466,45.714285714285715,2.035202857208122,0.39009732704694805,3.969237456373736,1.2445016897560488
TSI<=-0.211069|BB>=0.075|MOTION_HL,-0.211069,0.075,MOTION_HL,0.4693486590038314,0.28768699654775604,61.224489795918366,26.666666666666668,-0.16092563573602872,-1.407620604991208,0.8786562397885532,0.4793350883256286
TSI<=-0.211069|BB>=0.075|PULLBACK_REBOUND,-0.211069,0.075,PULLBACK_REBOUND,1.2739463601532566,2.780974299961642,69.92481203007519,44.13793103448276,2.1575680947069436,-0.4014442174893205,2.8734668960504672,0.8190565169947752
TSI<=-0.211069|BB>=0.065|SEQ_B,-0.211069,0.065,SEQ_B,0.22988505747126436,0.4986574606827771,54.166666666666664,38.46153846153847,1.0450245651161383,-2.601681816320995,1.6610070060790256,0.4161185567852897
TSI<=-0.211069|BB>=0.065|HL_RECLAIM,-0.211069,0.065,HL_RECLAIM,0.603448275862069,0.3835826620636747,61.904761904761905,25.0,1.145438881538673,-0.47163850391481443,2.0211072164112007,0.7069405371607425
TSI<=-0.211069|BB>=0.065|MACD_STOCH_TURN,-0.211069,0.065,MACD_STOCH_TURN,0.9578544061302682,0.9973149213655542,70.0,44.230769230769226,2.2202946892471007,0.22103125063587148,3.2128382750413214,1.1570037782121974
TSI<=-0.211069|BB>=0.065|MOTION_HL,-0.211069,0.065,MOTION_HL,0.6992337164750958,0.4219409282700422,60.273972602739725,22.727272727272727,0.8369739588408227,-1.415896640857123,1.6037766074424753,0.4221278003331319
TSI<=-0.211069|BB>=0.065|PULLBACK_REBOUND,-0.211069,0.065,PULLBACK_REBOUND,1.6762452107279693,3.049482163406214,63.42857142857142,44.65408805031446,1.904135712320252,-0.3193013337981103,2.3264277926650028,0.851731287919617
TSI<=-0.211069|BB>=0.055|SEQ_B,-0.211069,0.055,SEQ_B,0.32567049808429116,0.5178365937859609,52.94117647058824,40.74074074074074,0.49985847520911547,-2.444304805320763,1.2831346434449806,0.4303392871646896
TSI<=-0.211069|BB>=0.055|HL_RECLAIM,-0.211069,0.055,HL_RECLAIM,0.9195402298850575,0.5370157268891446,58.333333333333336,39.285714285714285,1.4298997088693124,-0.24147119065233688,2.2943561582831147,0.8364717995847296
TSI<=-0.211069|BB>=0.055|MACD_STOCH_TURN,-0.211069,0.055,MACD_STOCH_TURN,1.350574712643678,1.304181051016494,64.53900709219859,48.529411764705884,1.9387920221693449,0.1597270158728295,2.7900136138590748,1.1037257024560314
TSI<=-0.211069|BB>=0.055|MOTION_HL,-0.211069,0.055,MOTION_HL,1.1302681992337165,0.5753739930955121,57.6271186440678,36.666666666666664,1.1420033823067024,-0.9492716452941949,1.9040307914197299,0.5484152399852718
TSI<=-0.211069|BB>=0.055|PULLBACK_REBOUND,-0.211069,0.055,PULLBACK_REBOUND,2.318007662835249,3.8166474875335634,61.15702479338842,48.24120603015075,1.7842225841064463,0.32048082343266576,2.299285900304303,1.1611275608351848
TSI<=-0.211069|BB>=0.045|SEQ_B,-0.211069,0.045,SEQ_B,0.39272030651340994,0.5753739930955121,48.78048780487805,40.0,0.05687847798412208,-2.1848765191634407,1.0281679128197871,0.4644190185371353
TSI<=-0.211069|BB>=0.045|HL_RECLAIM,-0.211069,0.045,HL_RECLAIM,1.168582375478927,0.728807057920982,50.0,34.21052631578947,0.6833060044719544,-0.8776262730698874,1.4896944913862038,0.5316153253187159
TSI<=-0.211069|BB>=0.045|MACD_STOCH_TURN,-0.211069,0.045,MACD_STOCH_TURN,1.6954022988505746,1.6877637130801688,57.06214689265536,44.31818181818182,1.2452319870442001,-0.2748052734694419,1.9527249282834025,0.8425903092554036
TSI<=-0.211069|BB>=0.045|MOTION_HL,-0.211069,0.045,MOTION_HL,1.3984674329501916,0.8247027234369007,50.68493150684932,30.23255813953488,0.5320281824935988,-1.5157418107116214,1.354654074654747,0.36739163958455706
TSI<=-0.211069|BB>=0.045|PULLBACK_REBOUND,-0.211069,0.045,PULLBACK_REBOUND,2.701149425287356,4.41120061373226,58.86524822695035,46.95652173913044,1.4248961684289567,0.35748409462859776,1.931409208895923,1.1787156325682062
TSI<=-0.15|BB>=0.0942267|SEQ_B,-0.15,0.0942267,SEQ_B,0.19157088122605362,0.3068661296509398,80.0,56.25,3.3769179959927014,1.1570697480145669,8.90491776704277,1.652792743480522
TSI<=-0.15|BB>=0.0942267|MACD_STOCH_TURN,-0.15,0.0942267,MACD_STOCH_TURN,0.9099616858237547,0.4411200613732259,53.68421052631579,69.56521739130434,1.0254565898420203,2.6762778269485126,1.7638430655188375,5.5518817649039
TSI<=-0.15|BB>=0.0942267|PULLBACK_REBOUND,-0.15,0.0942267,PULLBACK_REBOUND,1.3409961685823755,2.1480629075565782,66.42857142857143,62.5,1.9722724788546355,1.1834002619654391,2.553677698976364,1.887510124852663
TSI<=-0.15|BB>=0.085|SEQ_B,-0.15,0.085,SEQ_B,0.210727969348659,0.3260452627541235,72.72727272727273,52.94117647058824,2.6119281772797445,0.8175018560381562,4.086095377466358,1.42145082413281
TSI<=-0.15|BB>=0.085|MACD_STOCH_TURN,-0.15,0.085,MACD_STOCH_TURN,0.9865900383141762,0.4794783275795934,54.36893203883495,68.0,1.0175648786656244,2.446793401556949,1.7630682274648442,4.729545955463871
TSI<=-0.15|BB>=0.085|PULLBACK_REBOUND,-0.15,0.085,PULLBACK_REBOUND,1.446360153256705,2.320675105485232,64.90066225165563,58.67768595041323,1.8376987389612958,0.9314557070509627,2.421631462695071,1.6565325381708056
TSI<=-0.15|BB>=0.075|SEQ_B,-0.15,0.075,SEQ_B,0.22030651340996169,0.4411200613732259,73.91304347826086,39.130434782608695,3.0295570088914,-2.684125102945256,4.742246561049634,0.4315800286668013
TSI<=-0.15|BB>=0.075|HL_RECLAIM,-0.15,0.075,HL_RECLAIM,0.6800766283524904,0.28768699654775604,46.478873239436616,33.33333333333333,-0.3144547878406767,0.008771461389618505,0.8029397648684337,1.0060016826016749
TSI<=-0.15|BB>=0.075|MACD_STOCH_TURN,-0.15,0.075,MACD_STOCH_TURN,1.082375478927203,0.6904487917146145,56.63716814159292,47.22222222222222,0.9061851707136063,0.6035967749509985,1.7162479379740458,1.3891260068619553
TSI<=-0.15|BB>=0.075|MOTION_HL,-0.15,0.075,MOTION_HL,0.7567049808429118,0.3068661296509398,45.56962025316456,31.25,-0.5599721790988806,-1.1561568318448812,0.680631719627691,0.5438389822941466
TSI<=-0.15|BB>=0.075|PULLBACK_REBOUND,-0.15,0.075,PULLBACK_REBOUND,1.5804597701149425,2.972765630993479,64.24242424242425,47.096774193548384,1.7240971681602202,-0.21729480293378528,2.2843317480193037,0.8956231376177793
TSI<=-0.15|BB>=0.065|SEQ_B,-0.15,0.065,SEQ_B,0.2777777777777778,0.5178365937859609,62.06896551724138,40.74074074074074,2.285352558004968,-2.4084417577405866,2.7467048533362575,0.43869739749712394
TSI<=-0.15|BB>=0.065|HL_RECLAIM,-0.15,0.065,HL_RECLAIM,0.8812260536398467,0.4219409282700422,48.91304347826087,31.818181818181817,0.39580297026044453,-0.08001120893476592,1.2535780135803165,0.9453122552789817
TSI<=-0.15|BB>=0.065|MACD_STOCH_TURN,-0.15,0.065,MACD_STOCH_TURN,1.3409961685823755,1.0548523206751055,56.42857142857143,47.27272727272727,1.2561327474225337,0.45485576034437175,1.909928575342058,1.3417350051929708
TSI<=-0.15|BB>=0.065|MOTION_HL,-0.15,0.065,MOTION_HL,0.9865900383141762,0.4794783275795934,48.54368932038835,32.0,0.2402587669673194,-0.9234624799689728,1.1416297065268075,0.5717110859049594
TSI<=-0.15|BB>=0.065|PULLBACK_REBOUND,-0.15,0.065,PULLBACK_REBOUND,1.982758620689655,3.260452627541235,59.90338164251207,47.647058823529406,1.5977933613838495,-0.15205620220461072,2.035036211846305,0.9247236925284511
TSI<=-0.15|BB>=0.055|SEQ_B,-0.15,0.055,SEQ_B,0.3735632183908046,0.5370157268891446,58.97435897435898,42.857142857142854,1.4920467378581201,-2.263586784939664,1.9694246731271972,0.4529181278765239
TSI<=-0.15|BB>=0.055|HL_RECLAIM,-0.15,0.055,HL_RECLAIM,1.1973180076628351,0.5753739930955121,49.6,43.333333333333336,0.8121727662278279,0.030377671448866807,1.5672158076290281,1.022041697506526
TSI<=-0.15|BB>=0.055|MACD_STOCH_TURN,-0.15,0.055,MACD_STOCH_TURN,1.7337164750957854,1.3617184503260453,55.24861878453039,50.70422535211267,1.2552419383443212,0.3434489981017962,1.9248930114615015,1.2328732994650617
TSI<=-0.15|BB>=0.055|MOTION_HL,-0.15,0.055,MOTION_HL,1.417624521072797,0.6329113924050633,50.0,42.42424242424242,0.6648915750975996,-0.6186359169452564,1.4420767981886182,0.676274743038387
TSI<=-0.15|BB>=0.055|PULLBACK_REBOUND,-0.15,0.055,PULLBACK_REBOUND,2.6340996168582373,4.027617951668584,58.909090909090914,50.476190476190474,1.5753124747100682,0.4223573407724581,2.0812675047441926,1.223529877054266
TSI<=-0.15|BB>=0.045|SEQ_B,-0.15,0.045,SEQ_B,0.44061302681992337,0.5945531261986958,54.347826086956516,41.935483870967744,0.946231569928386,-2.030015993856555,1.5257485819880268,0.4857928062294623
TSI<=-0.15|BB>=0.045|HL_RECLAIM,-0.15,0.045,HL_RECLAIM,1.4559386973180075,0.7671653241273494,44.73684210526316,37.5,0.34788014993362376,-0.6419318723731069,1.2174566697351341,0.6393728707883407
TSI<=-0.15|BB>=0.045|MACD_STOCH_TURN,-0.15,0.045,MACD_STOCH_TURN,2.078544061302682,1.74530111238972,50.69124423963134,46.15384615384615,0.802927084890636,-0.11713650856522813,1.5373114700581765,0.9306163091356535
TSI<=-0.15|BB>=0.045|MOTION_HL,-0.15,0.045,MOTION_HL,1.6954022988505746,0.8822401227464518,45.76271186440678,34.78260869565217,0.26320279753461684,-1.2416029078471165,1.1592429396309412,0.44565288226810346
TSI<=-0.15|BB>=0.045|PULLBACK_REBOUND,-0.15,0.045,PULLBACK_REBOUND,3.0268199233716473,4.641350210970464,57.27848101265823,48.760330578512395,1.2927626936891852,0.41637784687787277,1.8174508364859128,1.2155693353469583
TSI<=-0.1|BB>=0.0942267|SEQ_B,-0.1,0.0942267,SEQ_B,0.19157088122605362,0.3068661296509398,80.0,56.25,3.3769179959927014,1.1570697480145669,8.90491776704277,1.652792743480522
TSI<=-0.1|BB>=0.0942267|MACD_STOCH_TURN,-0.1,0.0942267,MACD_STOCH_TURN,0.9291187739463601,0.4411200613732259,54.63917525773196,69.56521739130434,1.0360361710990063,2.6762778269485126,1.7879704064224162,5.5518817649039
TSI<=-0.1|BB>=0.0942267|PULLBACK_REBOUND,-0.1,0.0942267,PULLBACK_REBOUND,1.379310344827586,2.1480629075565782,66.66666666666666,62.5,1.9446545185098687,1.1834002619654391,2.568093967392939,1.887510124852663
TSI<=-0.1|BB>=0.085|SEQ_B,-0.1,0.085,SEQ_B,0.210727969348659,0.3260452627541235,72.72727272727273,52.94117647058824,2.6119281772797445,0.8175018560381562,4.086095377466358,1.42145082413281
TSI<=-0.1|BB>=0.085|MACD_STOCH_TURN,-0.1,0.085,MACD_STOCH_TURN,1.0057471264367817,0.4794783275795934,55.23809523809524,68.0,1.0274887148968666,2.446793401556949,1.785471437120697,4.729545955463871
TSI<=-0.1|BB>=0.085|PULLBACK_REBOUND,-0.1,0.085,PULLBACK_REBOUND,1.4846743295019156,2.320675105485232,65.16129032258064,58.67768595041323,1.8155136336059858,0.9314557070509627,2.435342705233534,1.6565325381708056
TSI<=-0.1|BB>=0.075|SEQ_B,-0.1,0.075,SEQ_B,0.22988505747126436,0.4411200613732259,75.0,39.130434782608695,2.9312240175788964,-2.684125102945256,4.778206447979109,0.4315800286668013
TSI<=-0.1|BB>=0.075|HL_RECLAIM,-0.1,0.075,HL_RECLAIM,0.689655172413793,0.3260452627541235,47.22222222222222,29.411764705882355,-0.20070229220185043,-1.508189636103474,0.8724538760200398,0.46241457268633485
TSI<=-0.1|BB>=0.075|MACD_STOCH_TURN,-0.1,0.075,MACD_STOCH_TURN,1.1206896551724137,0.7479861910241657,57.26495726495726,43.58974358974359,0.9079413511841985,-0.3285741705576869,1.7273313657317688,0.8582253539845933
TSI<=-0.1|BB>=0.075|MOTION_HL,-0.1,0.075,MOTION_HL,0.7662835249042145,0.34522439585730724,46.25,27.77777777777778,-0.45452596563320957,-2.459405835784524,0.7374893525848618,0.33252341349881887
TSI<=-0.1|BB>=0.075|PULLBACK_REBOUND,-0.1,0.075,PULLBACK_REBOUND,1.7816091954022988,2.972765630993479,66.12903225806451,47.096774193548384,1.7394459465384462,-0.21729480293378528,2.4086382751174216,0.8956231376177793
TSI<=-0.1|BB>=0.065|SEQ_B,-0.1,0.065,SEQ_B,0.28735632183908044,0.5178365937859609,63.33333333333333,40.74074074074074,2.231492979984512,-2.4084417577405866,2.7643514600324233,0.43869739749712394
TSI<=-0.1|BB>=0.065|HL_RECLAIM,-0.1,0.065,HL_RECLAIM,0.900383141762452,0.46029919447640966,48.93617021276596,29.166666666666668,0.46578663353005656,-1.1471267637986744,1.3038316517287234,0.524983026274603
TSI<=-0.1|BB>=0.065|MACD_STOCH_TURN,-0.1,0.065,MACD_STOCH_TURN,1.3888888888888888,1.1123897199846566,57.24137931034483,44.827586206896555,1.2413553779380653,-0.16425534019043594,1.9166944512411845,0.9115840648132321
TSI<=-0.1|BB>=0.065|MOTION_HL,-0.1,0.065,MOTION_HL,1.0057471264367817,0.5178365937859609,48.57142857142857,29.629629629629626,0.3058735550999841,-1.8095317679195428,1.1832795891755605,0.38679167063940917
TSI<=-0.1|BB>=0.065|PULLBACK_REBOUND,-0.1,0.065,PULLBACK_REBOUND,2.1934865900383143,3.260452627541235,61.572052401746724,47.647058823529406,1.6126571375802674,-0.15205620220461072,2.1250988569937834,0.9247236925284511
TSI<=-0.1|BB>=0.055|SEQ_B,-0.1,0.055,SEQ_B,0.38314176245210724,0.5370157268891446,60.0,42.857142857142854,1.4714846998464495,-2.263586784939664,1.9805794251273938,0.4529181278765239
TSI<=-0.1|BB>=0.055|HL_RECLAIM,-0.1,0.055,HL_RECLAIM,1.2260536398467432,0.652090525508247,49.21875,44.11764705882353,0.8322164993541188,-0.6340228239567143,1.5857588379583054,0.678815690113383
TSI<=-0.1|BB>=0.055|MACD_STOCH_TURN,-0.1,0.055,MACD_STOCH_TURN,1.7816091954022988,1.5151515151515151,55.91397849462365,50.63291139240506,1.2437458924848759,-0.03791903459135561,1.9300482824425926,0.9785496804431429
TSI<=-0.1|BB>=0.055|MOTION_HL,-0.1,0.055,MOTION_HL,1.446360153256705,0.7096279248177982,49.668874172185426,43.24324324324324,0.6848084056509498,-1.1590024707348043,1.4586279506241784,0.5172643349650445
TSI<=-0.1|BB>=0.055|PULLBACK_REBOUND,-0.1,0.055,PULLBACK_REBOUND,2.863984674329502,4.1235136171845035,60.535117056856194,51.162790697674424,1.6094970465249896,0.44585318843840605,2.1756476518683106,1.2413421591848333
TSI<=-0.1|BB>=0.045|SEQ_B,-0.1,0.045,SEQ_B,0.45977011494252873,0.5945531261986958,56.25,41.935483870967744,0.9286148035567313,-2.030015993856555,1.5383933471408058,0.4857928062294623
TSI<=-0.1|BB>=0.045|HL_RECLAIM,-0.1,0.045,HL_RECLAIM,1.4942528735632183,0.8438818565400844,44.871794871794876,38.63636363636363,0.3931633644595372,-1.0942132057481493,1.2492843032592271,0.5035152327909215
TSI<=-0.1|BB>=0.045|MACD_STOCH_TURN,-0.1,0.045,MACD_STOCH_TURN,2.126436781609195,1.8987341772151898,51.35135135135135,46.464646464646464,0.8034825341582558,-0.3842414634078826,1.544884104155014,0.7982718278245844
TSI<=-0.1|BB>=0.045|MOTION_HL,-0.1,0.045,MOTION_HL,1.7337164750957854,0.9589566551591868,45.85635359116022,36.0,0.30410274712377994,-1.591636798379233,1.1863160525390637,0.3821267663272692
TSI<=-0.1|BB>=0.045|PULLBACK_REBOUND,-0.1,0.045,PULLBACK_REBOUND,3.256704980842912,4.737245876486383,58.82352941176471,49.392712550607285,1.3427696987396638,0.4369507404716045,1.8979455709065092,1.230698896686723
TSI<=-0.05|BB>=0.0942267|SEQ_B,-0.05,0.0942267,SEQ_B,0.19157088122605362,0.3068661296509398,80.0,56.25,3.3769179959927014,1.1570697480145669,8.90491776704277,1.652792743480522
TSI<=-0.05|BB>=0.0942267|MACD_STOCH_TURN,-0.05,0.0942267,MACD_STOCH_TURN,0.9291187739463601,0.4411200613732259,54.63917525773196,69.56521739130434,1.0360361710990063,2.6762778269485126,1.7879704064224162,5.5518817649039
TSI<=-0.05|BB>=0.0942267|PULLBACK_REBOUND,-0.05,0.0942267,PULLBACK_REBOUND,1.4080459770114941,2.1480629075565782,65.98639455782312,62.5,1.8524300207598123,1.1834002619654391,2.461287917472674,1.887510124852663
TSI<=-0.05|BB>=0.085|SEQ_B,-0.05,0.085,SEQ_B,0.210727969348659,0.34522439585730724,72.72727272727273,50.0,2.6119281772797445,0.6494570093022435,4.086095377466358,1.3322714571825658
TSI<=-0.05|BB>=0.085|HL_RECLAIM,-0.05,0.085,HL_RECLAIM,0.632183908045977,0.23014959723820483,45.45454545454545,41.66666666666667,-0.17993794901680354,0.8686880018522554,0.8904373236741698,1.8963384316587155
TSI<=-0.05|BB>=0.085|MACD_STOCH_TURN,-0.05,0.085,MACD_STOCH_TURN,1.0057471264367817,0.4986574606827771,55.23809523809524,65.38461538461539,1.0274887148968666,2.277818750637853,1.785471437120697,4.227785315625489
TSI<=-0.05|BB>=0.085|MOTION_HL,-0.05,0.085,MOTION_HL,0.6992337164750958,0.23014959723820483,43.83561643835616,41.66666666666667,-0.4057829923462627,0.8686880018522554,0.7702634021612055,1.8963384316587155
TSI<=-0.05|BB>=0.085|PULLBACK_REBOUND,-0.05,0.085,PULLBACK_REBOUND,1.5134099616858236,2.3590333716915994,64.55696202531645,57.72357723577236,1.7321618708556905,0.8967601061274598,2.3427523032534294,1.6336492247396428
TSI<=-0.05|BB>=0.075|SEQ_B,-0.05,0.075,SEQ_B,0.22988505747126436,0.46029919447640966,75.0,37.5,2.9312240175788964,-2.6642576147062154,4.778206447979109,0.42298347143993736
TSI<=-0.05|BB>=0.075|HL_RECLAIM,-0.05,0.075,HL_RECLAIM,0.6992337164750958,0.34522439585730724,46.57534246575342,27.77777777777778,-0.2249724132300421,-1.5325428520054785,0.8575249405051434,0.44428172256137
TSI<=-0.05|BB>=0.075|MACD_STOCH_TURN,-0.05,0.075,MACD_STOCH_TURN,1.1302681992337165,0.7671653241273494,56.779661016949156,42.5,0.8835314996719608,-0.3690235043522337,1.704314925690264,0.840132244605852
TSI<=-0.05|BB>=0.075|MOTION_HL,-0.05,0.075,MOTION_HL,0.7854406130268199,0.364403528960491,45.1219512195122,26.31578947368421,-0.5597790903818957,-2.432413292971631,0.6899702485249211,0.323042334124533
TSI<=-0.05|BB>=0.075|PULLBACK_REBOUND,-0.05,0.075,PULLBACK_REBOUND,1.8199233716475094,3.0111238971998464,65.26315789473685,46.496815286624205,1.6517973016587497,-0.22984294238360298,2.3108382538305436,0.8889982952390413
TSI<=-0.05|BB>=0.065|SEQ_B,-0.05,0.065,SEQ_B,0.28735632183908044,0.5370157268891446,63.33333333333333,39.285714285714285,2.231492979984512,-2.4012583158644323,2.7643514600324233,0.4304952434175363
TSI<=-0.05|BB>=0.065|HL_RECLAIM,-0.05,0.065,HL_RECLAIM,0.9099616858237547,0.4794783275795934,48.421052631578945,28.000000000000004,0.44012128867963674,-1.1791035941403099,1.286226681319819,0.5079241527226546
TSI<=-0.05|BB>=0.065|MACD_STOCH_TURN,-0.05,0.065,MACD_STOCH_TURN,1.446360153256705,1.1315688530878405,56.29139072847682,44.06779661016949,1.0951916385630365,-0.1944636822607601,1.775848743537371,0.895408140632256
TSI<=-0.05|BB>=0.065|MOTION_HL,-0.05,0.065,MOTION_HL,1.0344827586206895,0.5370157268891446,47.22222222222222,28.57142857142857,0.1593548201576376,-1.8144251877202575,1.0905139880178059,0.377567285286515
TSI<=-0.05|BB>=0.065|PULLBACK_REBOUND,-0.05,0.065,PULLBACK_REBOUND,2.231800766283525,3.3179900268507865,60.94420600858369,46.82080924855491,1.543360625600398,-0.19092758994632056,2.063988930916755,0.9057824204087929
TSI<=-0.05|BB>=0.055|SEQ_B,-0.05,0.055,SEQ_B,0.38314176245210724,0.5561948599923283,60.0,41.37931034482759,1.4714846998464495,-2.2616460470178916,1.9805794251273938,0.44445009434936816
TSI<=-0.05|BB>=0.055|HL_RECLAIM,-0.05,0.055,HL_RECLAIM,1.2547892720306513,0.6712696586114307,48.854961832061065,42.857142857142854,0.7535997918383669,-0.6715235296247956,1.518774630941412,0.6596832235582258
TSI<=-0.05|BB>=0.055|MACD_STOCH_TURN,-0.05,0.055,MACD_STOCH_TURN,1.867816091954023,1.5343306482546988,54.871794871794876,50.0,1.0634912197513202,-0.061776890688208116,1.7527226619178593,0.9650977162616258
TSI<=-0.05|BB>=0.055|MOTION_HL,-0.05,0.055,MOTION_HL,1.5134099616858236,0.728807057920982,48.10126582278481,42.10526315789473,0.4843499138094779,-1.1797273405138764,1.3024953595707778,0.5061729133979699
TSI<=-0.05|BB>=0.055|PULLBACK_REBOUND,-0.05,0.055,PULLBACK_REBOUND,2.911877394636015,4.200230149597238,59.86842105263158,50.2283105022831,1.5408022145893248,0.3971465133616739,2.1093831728987382,1.2141862164329287
TSI<=-0.05|BB>=0.045|SEQ_B,-0.05,0.045,SEQ_B,0.45977011494252873,0.6137322593018796,56.25,40.625,0.9286148035567313,-2.0355562873362962,1.5383933471408058,0.4771862903307728
TSI<=-0.05|BB>=0.045|HL_RECLAIM,-0.05,0.045,HL_RECLAIM,1.532567049808429,0.8630609896432682,45.0,37.77777777777778,0.34583006347122547,-1.1131539683390694,1.2174348207488934,0.49360696825926204
TSI<=-0.05|BB>=0.045|MACD_STOCH_TURN,-0.05,0.045,MACD_STOCH_TURN,2.231800766283525,1.9179133103183736,51.072961373390555,46.0,0.6918587363891959,-0.39986452399719935,1.4552074345061723,0.7901157221177996
TSI<=-0.05|BB>=0.045|MOTION_HL,-0.05,0.045,MOTION_HL,1.8295019157088122,0.9781357882623706,45.0261780104712,35.294117647058826,0.16642738723873005,-1.5985958321823766,1.098374694311629,0.3764376673354862
TSI<=-0.05|BB>=0.045|PULLBACK_REBOUND,-0.05,0.045,PULLBACK_REBOUND,3.304597701149425,4.813962408899117,58.26086956521739,48.60557768924303,1.2861042141903432,0.3945955530216557,1.8511377177007218,1.2077651346521703
TSI<=0|BB>=0.0942267|SEQ_B,0.0,0.0942267,SEQ_B,0.19157088122605362,0.3068661296509398,80.0,56.25,3.3769179959927014,1.1570697480145669,8.90491776704277,1.652792743480522
TSI<=0|BB>=0.0942267|MACD_STOCH_TURN,0.0,0.0942267,MACD_STOCH_TURN,0.9291187739463601,0.4411200613732259,54.63917525773196,69.56521739130434,1.0360361710990063,2.6762778269485126,1.7879704064224162,5.5518817649039
TSI<=0|BB>=0.0942267|PULLBACK_REBOUND,0.0,0.0942267,PULLBACK_REBOUND,1.4080459770114941,2.1480629075565782,65.98639455782312,62.5,1.8524300207598123,1.1834002619654391,2.461287917472674,1.887510124852663
TSI<=0|BB>=0.085|SEQ_B,0.0,0.085,SEQ_B,0.210727969348659,0.34522439585730724,72.72727272727273,50.0,2.6119281772797445,0.6494570093022435,4.086095377466358,1.3322714571825658
TSI<=0|BB>=0.085|HL_RECLAIM,0.0,0.085,HL_RECLAIM,0.632183908045977,0.24932873034138855,45.45454545454545,38.46153846153847,-0.17993794901680354,0.6592041662153822,0.8904373236741698,1.6355224757978388
TSI<=0|BB>=0.085|MACD_STOCH_TURN,0.0,0.085,MACD_STOCH_TURN,1.0057471264367817,0.5178365937859609,55.23809523809524,62.96296296296296,1.0274887148968666,2.1247661353761877,1.785471437120697,3.839673294574989
TSI<=0|BB>=0.085|MOTION_HL,0.0,0.085,MOTION_HL,0.6992337164750958,0.24932873034138855,43.83561643835616,38.46153846153847,-0.4057829923462627,0.6592041662153822,0.7702634021612055,1.6355224757978388
TSI<=0|BB>=0.085|PULLBACK_REBOUND,0.0,0.085,PULLBACK_REBOUND,1.5134099616858236,2.397391637897967,64.55696202531645,56.8,1.7321618708556905,0.8563860884421133,2.3427523032534294,1.603678322928128
TSI<=0|BB>=0.075|SEQ_B,0.0,0.075,SEQ_B,0.22988505747126436,0.46029919447640966,75.0,37.5,2.9312240175788964,-2.6642576147062154,4.778206447979109,0.42298347143993736
TSI<=0|BB>=0.075|HL_RECLAIM,0.0,0.075,HL_RECLAIM,0.7088122605363985,0.364403528960491,45.94594594594595,26.31578947368421,-0.2602906566653203,-1.5494933261855637,0.8369157566159935,0.42828066425119893
TSI<=0|BB>=0.075|MACD_STOCH_TURN,0.0,0.075,MACD_STOCH_TURN,1.1494252873563218,0.7863444572305331,55.833333333333336,41.46341463414634,0.8027951371856975,-0.40525712281747434,1.6177445539634523,0.8235894706950151
TSI<=0|BB>=0.075|MOTION_HL,0.0,0.075,MOTION_HL,0.7950191570881225,0.3835826620636747,44.57831325301205,25.0,-0.5872338293826032,-2.403522721394404,0.6769910432667516,0.3144987489201965
TSI<=0|BB>=0.075|PULLBACK_REBOUND,0.0,0.075,PULLBACK_REBOUND,1.8582375478927202,3.049482163406214,63.91752577319587,45.911949685534594,1.5516398410128713,-0.24741241479647208,2.1933618069380225,0.8801900316065852
TSI<=0|BB>=0.065|SEQ_B,0.0,0.065,SEQ_B,0.28735632183908044,0.5370157268891446,63.33333333333333,39.285714285714285,2.231492979984512,-2.4012583158644323,2.7643514600324233,0.4304952434175363
TSI<=0|BB>=0.065|HL_RECLAIM,0.0,0.065,HL_RECLAIM,0.9291187739463601,0.4986574606827771,48.45360824742268,26.923076923076923,0.42263777049963247,-1.2050842967282631,1.2752936052208397,0.4926714037229502
TSI<=0|BB>=0.065|MACD_STOCH_TURN,0.0,0.065,MACD_STOCH_TURN,1.4655172413793103,1.1507479861910241,55.55555555555556,43.333333333333336,1.0291022021177176,-0.22213265191353232,1.712218205756098,0.8805214555540133
TSI<=0|BB>=0.065|MOTION_HL,0.0,0.065,MOTION_HL,1.053639846743295,0.5561948599923283,47.27272727272727,27.586206896551722,0.14904238082657942,-1.8158105902618729,1.0849559330763947,0.3691788148923839
TSI<=0|BB>=0.065|PULLBACK_REBOUND,0.0,0.065,PULLBACK_REBOUND,2.289272030651341,3.3563482930571538,59.83263598326359,46.285714285714285,1.4350096914930912,-0.20733545748072488,1.9616763720467665,0.8974543468919964
TSI<=0|BB>=0.055|SEQ_B,0.0,0.055,SEQ_B,0.4022988505747126,0.5561948599923283,61.904761904761905,41.37931034482759,1.515135813006654,-2.2616460470178916,2.0601513932806625,0.44445009434936816
TSI<=0|BB>=0.055|HL_RECLAIM,0.0,0.055,HL_RECLAIM,1.3026819923371646,0.6904487917146145,49.26470588235294,41.66666666666667,0.7174542132095046,-0.7043868166193039,1.4904527851570084,0.6424315345000167
TSI<=0|BB>=0.055|MACD_STOCH_TURN,0.0,0.055,MACD_STOCH_TURN,1.8965517241379308,1.5535097813578826,54.54545454545454,49.382716049382715,1.0116564653743016,-0.08391053230226851,1.7067310510317308,0.9526207630560741
TSI<=0|BB>=0.055|MOTION_HL,0.0,0.055,MOTION_HL,1.561302681992337,0.7479861910241657,48.466257668711656,41.02564102564102,0.462450838328614,-1.1970318154090875,1.2881089553351301,0.4960390230392368
TSI<=0|BB>=0.055|PULLBACK_REBOUND,0.0,0.055,PULLBACK_REBOUND,2.9885057471264367,4.238588415803606,59.294871794871796,49.7737556561086,1.453236697721872,0.378831920487752,2.028423187839526,1.204536123090051
TSI<=0|BB>=0.045|SEQ_B,0.0,0.045,SEQ_B,0.4789272030651341,0.6329113924050633,57.99999999999999,39.39393939393939,0.9869965344628917,-2.071907423173622,1.5960853890593967,0.4651091979912422
TSI<=0|BB>=0.045|HL_RECLAIM,0.0,0.045,HL_RECLAIM,1.5804597701149425,0.8822401227464518,45.45454545454545,36.95652173913043,0.328394002551895,-1.1292724007975046,1.2059258945715945,0.4845228059923731
TSI<=0|BB>=0.045|MACD_STOCH_TURN,0.0,0.045,MACD_STOCH_TURN,2.2701149425287355,1.9370924434215573,50.63291139240506,45.54455445544555,0.6500078414278457,-0.41426786397175286,1.425403948780721,0.7824984197926371
TSI<=0|BB>=0.045|MOTION_HL,0.0,0.045,MOTION_HL,1.8773946360153255,1.016494054468738,45.40816326530612,35.84905660377358,0.1563256695319593,-1.5389820186278964,1.0923507259860579,0.3848750262729024
TSI<=0|BB>=0.045|PULLBACK_REBOUND,0.0,0.045,PULLBACK_REBOUND,3.390804597701149,4.871499808208669,57.909604519774014,48.031496062992126,1.2530232681469358,0.3691243405012325,1.821475333904998,1.194519913704809
TSI<=0.05|BB>=0.0942267|SEQ_B,0.05,0.0942267,SEQ_B,0.19157088122605362,0.3068661296509398,80.0,56.25,3.3769179959927014,1.1570697480145669,8.90491776704277,1.652792743480522
TSI<=0.05|BB>=0.0942267|MACD_STOCH_TURN,0.05,0.0942267,MACD_STOCH_TURN,0.9291187739463601,0.4411200613732259,54.63917525773196,69.56521739130434,1.0360361710990063,2.6762778269485126,1.7879704064224162,5.5518817649039
TSI<=0.05|BB>=0.0942267|PULLBACK_REBOUND,0.05,0.0942267,PULLBACK_REBOUND,1.4272030651340994,2.1480629075565782,66.44295302013423,62.5,1.8550846361057587,1.1834002619654391,2.483291967933568,1.887510124852663
TSI<=0.05|BB>=0.085|SEQ_B,0.05,0.085,SEQ_B,0.210727969348659,0.34522439585730724,72.72727272727273,50.0,2.6119281772797445,0.6494570093022435,4.086095377466358,1.3322714571825658
TSI<=0.05|BB>=0.085|HL_RECLAIM,0.05,0.085,HL_RECLAIM,0.632183908045977,0.24932873034138855,45.45454545454545,38.46153846153847,-0.17993794901680354,0.6592041662153822,0.8904373236741698,1.6355224757978388
TSI<=0.05|BB>=0.085|MACD_STOCH_TURN,0.05,0.085,MACD_STOCH_TURN,1.0057471264367817,0.5178365937859609,55.23809523809524,62.96296296296296,1.0274887148968666,2.1247661353761877,1.785471437120697,3.839673294574989
TSI<=0.05|BB>=0.085|MOTION_HL,0.05,0.085,MOTION_HL,0.6992337164750958,0.24932873034138855,43.83561643835616,38.46153846153847,-0.4057829923462627,0.6592041662153822,0.7702634021612055,1.6355224757978388
TSI<=0.05|BB>=0.085|PULLBACK_REBOUND,0.05,0.085,PULLBACK_REBOUND,1.532567049808429,2.397391637897967,65.0,56.8,1.7361373332704044,0.8563860884421133,2.3628699106650397,1.603678322928128
TSI<=0.05|BB>=0.075|SEQ_B,0.05,0.075,SEQ_B,0.22988505747126436,0.46029919447640966,75.0,37.5,2.9312240175788964,-2.6642576147062154,4.778206447979109,0.42298347143993736
TSI<=0.05|BB>=0.075|HL_RECLAIM,0.05,0.075,HL_RECLAIM,0.7088122605363985,0.364403528960491,45.94594594594595,26.31578947368421,-0.2602906566653203,-1.5494933261855637,0.8369157566159935,0.42828066425119893
TSI<=0.05|BB>=0.075|MACD_STOCH_TURN,0.05,0.075,MACD_STOCH_TURN,1.1494252873563218,0.7863444572305331,55.833333333333336,41.46341463414634,0.8027951371856975,-0.40525712281747434,1.6177445539634523,0.8235894706950151
TSI<=0.05|BB>=0.075|MOTION_HL,0.05,0.075,MOTION_HL,0.7950191570881225,0.3835826620636747,44.57831325301205,25.0,-0.5872338293826032,-2.403522721394404,0.6769910432667516,0.3144987489201965
TSI<=0.05|BB>=0.075|PULLBACK_REBOUND,0.05,0.075,PULLBACK_REBOUND,1.8773946360153255,3.049482163406214,64.28571428571429,45.911949685534594,1.5567271779824625,-0.24741241479647208,2.209617499097298,0.8801900316065852
TSI<=0.05|BB>=0.065|SEQ_B,0.05,0.065,SEQ_B,0.28735632183908044,0.5370157268891446,63.33333333333333,39.285714285714285,2.231492979984512,-2.4012583158644323,2.7643514600324233,0.4304952434175363
TSI<=0.05|BB>=0.065|HL_RECLAIM,0.05,0.065,HL_RECLAIM,0.9578544061302682,0.4986574606827771,49.0,26.923076923076923,0.43248296181699175,-1.2050842967282631,1.288772647189969,0.4926714037229502
TSI<=0.05|BB>=0.065|MACD_STOCH_TURN,0.05,0.065,MACD_STOCH_TURN,1.4846743295019156,1.1507479861910241,55.483870967741936,43.333333333333336,1.0174994211661315,-0.22213265191353232,1.7124155731469317,0.8805214555540133
TSI<=0.05|BB>=0.065|MOTION_HL,0.05,0.065,MOTION_HL,1.082375478927203,0.5561948599923283,47.78761061946903,27.586206896551722,0.1650185339306066,-1.8158105902618729,1.0962046113581634,0.3691788148923839
TSI<=0.05|BB>=0.065|PULLBACK_REBOUND,0.05,0.065,PULLBACK_REBOUND,2.337164750957854,3.3563482930571538,59.83606557377049,46.285714285714285,1.419993692177641,-0.20733545748072488,1.9683923508496781,0.8974543468919964
TSI<=0.05|BB>=0.055|SEQ_B,0.05,0.055,SEQ_B,0.4022988505747126,0.5561948599923283,61.904761904761905,41.37931034482759,1.515135813006654,-2.2616460470178916,2.0601513932806625,0.44445009434936816
TSI<=0.05|BB>=0.055|HL_RECLAIM,0.05,0.055,HL_RECLAIM,1.3314176245210727,0.6904487917146145,49.64028776978417,41.66666666666667,0.7181741398541542,-0.7043868166193039,1.4996423141114474,0.6424315345000167
TSI<=0.05|BB>=0.055|MACD_STOCH_TURN,0.05,0.055,MACD_STOCH_TURN,1.925287356321839,1.5535097813578826,54.72636815920397,49.382716049382715,1.0042929633273971,-0.08391053230226851,1.7114555384575012,0.9526207630560741
TSI<=0.05|BB>=0.055|MOTION_HL,0.05,0.055,MOTION_HL,1.590038314176245,0.7479861910241657,48.795180722891565,41.02564102564102,0.4676621631975836,-1.1970318154090875,1.29575824998225,0.4960390230392368
TSI<=0.05|BB>=0.055|PULLBACK_REBOUND,0.05,0.055,PULLBACK_REBOUND,3.03639846743295,4.238588415803606,59.305993690851736,49.7737556561086,1.441391149254636,0.378831920487752,2.0336851967784955,1.204536123090051
TSI<=0.05|BB>=0.045|SEQ_B,0.05,0.045,SEQ_B,0.4789272030651341,0.6329113924050633,57.99999999999999,39.39393939393939,0.9869965344628917,-2.071907423173622,1.5960853890593967,0.4651091979912422
TSI<=0.05|BB>=0.045|HL_RECLAIM,0.05,0.045,HL_RECLAIM,1.6091954022988504,0.8822401227464518,45.83333333333333,36.95652173913043,0.33593715990653256,-1.1292724007975046,1.2137962404292493,0.4845228059923731
TSI<=0.05|BB>=0.045|MACD_STOCH_TURN,0.05,0.045,MACD_STOCH_TURN,2.2988505747126435,1.9370924434215573,50.83333333333333,45.54455445544555,0.6483615162628937,-0.41426786397175286,1.4293380196250802,0.7824984197926371
TSI<=0.05|BB>=0.045|MOTION_HL,0.05,0.045,MOTION_HL,1.9061302681992336,1.016494054468738,45.7286432160804,35.84905660377358,0.16528775714321017,-1.5389820186278964,1.0988866707512164,0.3848750262729024
TSI<=0.05|BB>=0.045|PULLBACK_REBOUND,0.05,0.045,PULLBACK_REBOUND,3.4386973180076628,4.871499808208669,57.938718662952645,48.031496062992126,1.2453520377395846,0.3691243405012325,1.8262145060609434,1.194519913704809
TSI<=0.1|BB>=0.0942267|SEQ_B,0.1,0.0942267,SEQ_B,0.19157088122605362,0.3068661296509398,80.0,56.25,3.3769179959927014,1.1570697480145669,8.90491776704277,1.652792743480522
TSI<=0.1|BB>=0.0942267|MACD_STOCH_TURN,0.1,0.0942267,MACD_STOCH_TURN,0.9291187739463601,0.4411200613732259,54.63917525773196,69.56521739130434,1.0360361710990063,2.6762778269485126,1.7879704064224162,5.5518817649039
TSI<=0.1|BB>=0.0942267|PULLBACK_REBOUND,0.1,0.0942267,PULLBACK_REBOUND,1.446360153256705,2.1480629075565782,66.88741721854305,62.5,1.875348502242228,1.1834002619654391,2.519622031221702,1.887510124852663
TSI<=0.1|BB>=0.085|SEQ_B,0.1,0.085,SEQ_B,0.210727969348659,0.34522439585730724,72.72727272727273,50.0,2.6119281772797445,0.6494570093022435,4.086095377466358,1.3322714571825658
TSI<=0.1|BB>=0.085|HL_RECLAIM,0.1,0.085,HL_RECLAIM,0.632183908045977,0.24932873034138855,45.45454545454545,38.46153846153847,-0.17993794901680354,0.6592041662153822,0.8904373236741698,1.6355224757978388
TSI<=0.1|BB>=0.085|MACD_STOCH_TURN,0.1,0.085,MACD_STOCH_TURN,1.0057471264367817,0.5178365937859609,55.23809523809524,62.96296296296296,1.0274887148968666,2.1247661353761877,1.785471437120697,3.839673294574989
TSI<=0.1|BB>=0.085|MOTION_HL,0.1,0.085,MOTION_HL,0.6992337164750958,0.24932873034138855,43.83561643835616,38.46153846153847,-0.4057829923462627,0.6592041662153822,0.7702634021612055,1.6355224757978388
TSI<=0.1|BB>=0.085|PULLBACK_REBOUND,0.1,0.085,PULLBACK_REBOUND,1.5517241379310345,2.397391637897967,65.4320987654321,56.8,1.7564937430992784,0.8563860884421133,2.396085338514044,1.603678322928128
TSI<=0.1|BB>=0.075|SEQ_B,0.1,0.075,SEQ_B,0.22988505747126436,0.46029919447640966,75.0,37.5,2.9312240175788964,-2.6642576147062154,4.778206447979109,0.42298347143993736
TSI<=0.1|BB>=0.075|HL_RECLAIM,0.1,0.075,HL_RECLAIM,0.7088122605363985,0.364403528960491,45.94594594594595,26.31578947368421,-0.2602906566653203,-1.5494933261855637,0.8369157566159935,0.42828066425119893
TSI<=0.1|BB>=0.075|MACD_STOCH_TURN,0.1,0.075,MACD_STOCH_TURN,1.1494252873563218,0.7863444572305331,55.833333333333336,41.46341463414634,0.8027951371856975,-0.40525712281747434,1.6177445539634523,0.8235894706950151
TSI<=0.1|BB>=0.075|MOTION_HL,0.1,0.075,MOTION_HL,0.7950191570881225,0.3835826620636747,44.57831325301205,25.0,-0.5872338293826032,-2.403522721394404,0.6769910432667516,0.3144987489201965
TSI<=0.1|BB>=0.075|PULLBACK_REBOUND,0.1,0.075,PULLBACK_REBOUND,1.8965517241379308,3.049482163406214,64.64646464646465,45.911949685534594,1.575194646178692,-0.24741241479647208,2.236456663367916,0.8801900316065852
TSI<=0.1|BB>=0.065|SEQ_B,0.1,0.065,SEQ_B,0.28735632183908044,0.5370157268891446,63.33333333333333,39.285714285714285,2.231492979984512,-2.4012583158644323,2.7643514600324233,0.4304952434175363
TSI<=0.1|BB>=0.065|HL_RECLAIM,0.1,0.065,HL_RECLAIM,0.9578544061302682,0.5178365937859609,49.0,29.629629629629626,0.43248296181699175,-1.104049824925455,1.288772647189969,0.5173292238578402
TSI<=0.1|BB>=0.065|MACD_STOCH_TURN,0.1,0.065,MACD_STOCH_TURN,1.4846743295019156,1.1699271192942078,55.483870967741936,44.26229508196721,1.0174994211661315,-0.19352643726007188,1.7124155731469317,0.8941730187626997
TSI<=0.1|BB>=0.065|MOTION_HL,0.1,0.065,MOTION_HL,1.082375478927203,0.5753739930955121,47.78761061946903,30.0,0.1650185339306066,-1.7045220225215583,1.0962046113581634,0.38742171333044656
TSI<=0.1|BB>=0.065|PULLBACK_REBOUND,0.1,0.065,PULLBACK_REBOUND,2.3563218390804597,3.3755274261603376,60.16260162601627,46.590909090909086,1.435969406301475,-0.19750487850670043,1.9873142452856158,0.9017582426137325
TSI<=0.1|BB>=0.055|SEQ_B,0.1,0.055,SEQ_B,0.4118773946360153,0.5561948599923283,60.46511627906976,41.37931034482759,1.4476846667561205,-2.2616460470178916,2.0136795626818587,0.44445009434936816
TSI<=0.1|BB>=0.055|HL_RECLAIM,0.1,0.055,HL_RECLAIM,1.3409961685823755,0.7096279248177982,49.28571428571429,43.24324324324324,0.7031495854568655,-0.6441913231445238,1.4893162702449734,0.6639049735486193
TSI<=0.1|BB>=0.055|MACD_STOCH_TURN,0.1,0.055,MACD_STOCH_TURN,1.9348659003831417,1.5726889144610663,54.45544554455446,50.0,0.9924634760051512,-0.06431593505531938,1.7031403116538828,0.9632363174488419
TSI<=0.1|BB>=0.055|MOTION_HL,0.1,0.055,MOTION_HL,1.5996168582375478,0.7671653241273494,48.50299401197605,42.5,0.4565668000900156,-1.1290348589751713,1.2889557751141665,0.5124783003516231
TSI<=0.1|BB>=0.055|PULLBACK_REBOUND,0.1,0.055,PULLBACK_REBOUND,3.065134099616858,4.25776754890679,59.375,50.0,1.4451358283373283,0.38398513905288634,2.043234280430479,1.2082565030246124
TSI<=0.1|BB>=0.045|SEQ_B,0.1,0.045,SEQ_B,0.48850574712643674,0.6329113924050633,56.86274509803921,39.39393939393939,0.9404816323015357,-2.071907423173622,1.5698187360808928,0.4651091979912422
TSI<=0.1|BB>=0.045|HL_RECLAIM,0.1,0.045,HL_RECLAIM,1.628352490421456,0.9014192558496356,45.294117647058826,38.297872340425535,0.3226598787560658,-1.0728443403135672,1.2065505510510277,0.4996343563538819
TSI<=0.1|BB>=0.045|MACD_STOCH_TURN,0.1,0.045,MACD_STOCH_TURN,2.3275862068965516,1.9754507096279248,50.20576131687243,45.63106796116505,0.633010289824396,-0.4870891259900203,1.4223319545823887,0.7519069493414301
TSI<=0.1|BB>=0.045|MOTION_HL,0.1,0.045,MOTION_HL,1.925287356321839,1.0356731875719218,45.27363184079602,37.03703703703704,0.15575621987926638,-1.4822814915802027,1.0936743220503804,0.3963594724633558
TSI<=0.1|BB>=0.045|PULLBACK_REBOUND,0.1,0.045,PULLBACK_REBOUND,3.467432950191571,5.005753739930955,58.011049723756905,47.12643678160919,1.2502868848141886,0.30048142553119994,1.834496217207261,1.1572130342868885
