name,a,b,disc_n,cal_n,disc_imp,cal_imp,stable,score
h1_rvol20_d1:veto_low:Q20:0.0020342265 & h1_donch_pos_d3:veto_low:Q20:-0.18543143,h1_rvol20_d1:veto_low:Q20:0.0020342265,h1_donch_pos_d3:veto_low:Q20:-0.18543143,18,25,"{'mean24': 1.0039465117746222, 'median24': 0.6820956675219874, 'win24': 5.555555555555557, 'loss_reduction': 5.555555555555555, 'q10': 2.32191666079099}","{'mean24': 1.2616953080931297, 'median24': 0.27213076974162975, 'win24': 10.583333333333343, 'loss_reduction': 10.583333333333334, 'q10': 2.386802961174057}",True,1.6955367880834809
h1_rvol20_d1:veto_low:Q20:0.0020342265 & btc1_di_spread:veto_high:Q90:4.7908307,h1_rvol20_d1:veto_low:Q20:0.0020342265,btc1_di_spread:veto_high:Q90:4.7908307,20,34,"{'mean24': 1.053146603078512, 'median24': 0.6820956675219874, 'win24': 11.111111111111114, 'loss_reduction': 11.11111111111111, 'q10': 2.45273449948997}","{'mean24': 0.8798284534642913, 'median24': 0.4208788341209413, 'win24': 8.700980392156865, 'loss_reduction': 8.700980392156865, 'q10': 1.892673602809034}",True,1.527016462009687
btc1_di_spread:veto_high:Q90:4.7908307 & h1_donch_pos_d3:veto_low:Q20:-0.18543143,btc1_di_spread:veto_high:Q90:4.7908307,h1_donch_pos_d3:veto_low:Q20:-0.18543143,19,29,"{'mean24': 1.0530253046412326, 'median24': 0.6732205822029602, 'win24': 11.111111111111114, 'loss_reduction': 11.11111111111111, 'q10': 2.38732558014048}","{'mean24': 0.8790930698602533, 'median24': 0.22319244120198034, 'win24': 7.686781609195407, 'loss_reduction': 7.686781609195403, 'q10': 1.7103728451378153}",True,1.4604219133286152
h1_rvol20_d1:veto_low:Q20:0.0020342265 & h1_bb_width_d1:veto_high:Q80:-0.0029803765,h1_rvol20_d1:veto_low:Q20:0.0020342265,h1_bb_width_d1:veto_high:Q80:-0.0029803765,18,29,"{'mean24': 1.1022506857433858, 'median24': 0.6820956675219874, 'win24': 11.111111111111114, 'loss_reduction': 11.11111111111111, 'q10': 2.795620569088155}","{'mean24': 0.7201806349167712, 'median24': 0.5074259356515731, 'win24': 11.135057471264375, 'loss_reduction': 11.135057471264368, 'q10': 1.9938638384312402}",True,1.4408688167468036
btc1_di_spread:veto_high:Q90:4.7908307 & h1_atr_pct_d3:veto_high:Q80:0.03774164,btc1_di_spread:veto_high:Q90:4.7908307,h1_atr_pct_d3:veto_high:Q80:0.03774164,20,30,"{'mean24': 0.8361188016527215, 'median24': 0.6502187125681074, 'win24': 11.111111111111114, 'loss_reduction': 11.11111111111111, 'q10': 1.746633829083264}","{'mean24': 0.8365458552593528, 'median24': 0.4208788341209413, 'win24': 7.916666666666671, 'loss_reduction': 7.916666666666667, 'q10': 2.0141018855556814}",True,1.4311105922568708
h1_rvol20_d1:veto_low:Q20:0.0020342265 & h1_donch_pos_d3:veto_low:Q10:-0.22744619,h1_rvol20_d1:veto_low:Q20:0.0020342265,h1_donch_pos_d3:veto_low:Q10:-0.22744619,20,30,"{'mean24': 0.8614618373323135, 'median24': 0.6820956675219874, 'win24': 6.111111111111114, 'loss_reduction': 6.111111111111111, 'q10': 1.7419709507686143}","{'mean24': 1.190003923363434, 'median24': 0.4208788341209413, 'win24': 11.250000000000014, 'loss_reduction': 11.25, 'q10': 2.0141018855556814}",True,1.4191767972466893
h1_rvol20_d1:veto_low:Q20:0.0020342265 & btc4_ppo_hist:veto_high:Q90:-0.065269601,h1_rvol20_d1:veto_low:Q20:0.0020342265,btc4_ppo_hist:veto_high:Q90:-0.065269601,21,34,"{'mean24': 0.8229019813507299, 'median24': 0.6732205822029602, 'win24': 6.349206349206341, 'loss_reduction': 6.349206349206349, 'q10': 1.8640542253445598}","{'mean24': 0.8798284534642913, 'median24': 0.4208788341209413, 'win24': 8.700980392156865, 'loss_reduction': 8.700980392156865, 'q10': 1.892673602809034}",True,1.415899664670997
btc1_di_spread:veto_high:Q90:4.7908307 & h1_donch_pos_d3:veto_low:Q10:-0.22744619,btc1_di_spread:veto_high:Q90:4.7908307,h1_donch_pos_d3:veto_low:Q10:-0.22744619,22,34,"{'mean24': 1.0043568663370581, 'median24': 0.6820956675219874, 'win24': 11.111111111111114, 'loss_reduction': 11.11111111111111, 'q10': 1.9294631446940498}","{'mean24': 0.8721010007212375, 'median24': 0.3032312511659696, 'win24': 8.700980392156865, 'loss_reduction': 8.700980392156865, 'q10': 1.4064063043930775}",True,1.3977221846626442
h1_cmo_acc:veto_low:Q20:-16.338186 & h1_atr_pct_d3:veto_high:Q80:0.03774164,h1_cmo_acc:veto_low:Q20:-16.338186,h1_atr_pct_d3:veto_high:Q80:0.03774164,18,31,"{'mean24': 0.781511708899425, 'median24': 0.6502187125681074, 'win24': 5.555555555555557, 'loss_reduction': 5.555555555555555, 'q10': 1.9556668370631525}","{'mean24': 1.0406152842861638, 'median24': 0.5074259356515731, 'win24': 8.131720430107535, 'loss_reduction': 8.131720430107528, 'q10': 2.0343399326801226}",True,1.3815395292763242
h1_atr_pct_d3:veto_high:Q80:0.03774164 & btc4_adx_acc:veto_high:Q90:0.13268011,h1_atr_pct_d3:veto_high:Q80:0.03774164,btc4_adx_acc:veto_high:Q90:0.13268011,20,32,"{'mean24': 0.8361188016527215, 'median24': 0.6502187125681074, 'win24': 11.111111111111114, 'loss_reduction': 11.11111111111111, 'q10': 1.746633829083264}","{'mean24': 0.8670693710436441, 'median24': 0.4208788341209413, 'win24': 5.208333333333343, 'loss_reduction': 5.208333333333334, 'q10': 1.8521975085601516}",True,1.376943925590204
btc4_ppo_hist:veto_high:Q90:-0.065269601 & h1_donch_pos_d3:veto_low:Q20:-0.18543143,btc4_ppo_hist:veto_high:Q90:-0.065269601,h1_donch_pos_d3:veto_low:Q20:-0.18543143,20,29,"{'mean24': 0.811274516748925, 'median24': 0.6502187125681074, 'win24': 6.111111111111114, 'loss_reduction': 6.111111111111111, 'q10': 1.746633829083264}","{'mean24': 0.8790930698602533, 'median24': 0.22319244120198034, 'win24': 7.686781609195407, 'loss_reduction': 7.686781609195403, 'q10': 1.7103728451378153}",True,1.361089950255601
h1_cmo_acc:veto_low:Q20:-16.338186 & h1_donch_pos_d3:veto_low:Q10:-0.22744619,h1_cmo_acc:veto_low:Q20:-16.338186,h1_donch_pos_d3:veto_low:Q10:-0.22744619,20,34,"{'mean24': 0.9720342893275249, 'median24': 0.6820956675219874, 'win24': 6.111111111111114, 'loss_reduction': 6.111111111111111, 'q10': 2.3306512249140243}","{'mean24': 0.8843268382762788, 'median24': 0.3032312511659696, 'win24': 8.700980392156865, 'loss_reduction': 8.700980392156865, 'q10': 1.4064063043930775}",True,1.3581506365967704
h1_bb_width_d1:veto_high:Q80:-0.0029803765 & h1_atr_pct_d3:veto_high:Q80:0.03774164,h1_bb_width_d1:veto_high:Q80:-0.0029803765,h1_atr_pct_d3:veto_high:Q80:0.03774164,18,26,"{'mean24': 0.9060590471241112, 'median24': 0.6502187125681074, 'win24': 11.111111111111114, 'loss_reduction': 11.11111111111111, 'q10': 2.32191666079099}","{'mean24': 0.558855256980078, 'median24': 0.4208788341209413, 'win24': 10.737179487179503, 'loss_reduction': 10.737179487179487, 'q10': 2.4749187182975407}",True,1.3540780119214153
h1_rvol20_d1:veto_low:Q20:0.0020342265 & btc1_di_spread:veto_high:Q80:-4.9911537,h1_rvol20_d1:veto_low:Q20:0.0020342265,btc1_di_spread:veto_high:Q80:-4.9911537,18,33,"{'mean24': 1.023670796658457, 'median24': 0.6820956675219874, 'win24': 11.111111111111114, 'loss_reduction': 11.11111111111111, 'q10': 2.32191666079099}","{'mean24': 0.7020347799868731, 'median24': 0.33433173259030946, 'win24': 8.52272727272728, 'loss_reduction': 8.522727272727273, 'q10': 1.8724355556845929}",True,1.3405982143625668
h1_rvol20_d1:veto_low:Q20:0.0020342265 & btc1_rvol20_d1:veto_low:Q20:0.022874232,h1_rvol20_d1:veto_low:Q20:0.0020342265,btc1_rvol20_d1:veto_low:Q20:0.022874232,19,33,"{'mean24': 1.1087106702117322, 'median24': 0.6909707528410136, 'win24': 11.111111111111114, 'loss_reduction': 11.11111111111111, 'q10': 2.38732558014048}","{'mean24': 0.7020347799868731, 'median24': 0.33433173259030946, 'win24': 8.52272727272728, 'loss_reduction': 8.522727272727273, 'q10': 1.8724355556845929}",True,1.3405982143625668
h1_rvol20_d1:veto_low:Q20:0.0020342265 & btc4_adx_acc:veto_high:Q90:0.13268011,h1_rvol20_d1:veto_low:Q20:0.0020342265,btc4_adx_acc:veto_high:Q90:0.13268011,20,33,"{'mean24': 1.053146603078512, 'median24': 0.6820956675219874, 'win24': 11.111111111111114, 'loss_reduction': 11.11111111111111, 'q10': 2.45273449948997}","{'mean24': 0.7020347799868731, 'median24': 0.33433173259030946, 'win24': 8.52272727272728, 'loss_reduction': 8.522727272727273, 'q10': 1.8724355556845929}",True,1.3405982143625668
h1_atr_pct_d3:veto_high:Q80:0.03774164 & btc4_er10:veto_low:Q10:0.086687413,h1_atr_pct_d3:veto_high:Q80:0.03774164,btc4_er10:veto_low:Q10:0.086687413,20,32,"{'mean24': 0.7728621565778941, 'median24': 0.6502187125681074, 'win24': 6.111111111111114, 'loss_reduction': 6.111111111111111, 'q10': 1.746633829083264}","{'mean24': 0.8670693710436441, 'median24': 0.4208788341209413, 'win24': 5.208333333333343, 'loss_reduction': 5.208333333333334, 'q10': 1.8521975085601516}",True,1.3136872805153768
h1_rvol20_d1:veto_low:Q20:0.0020342265 & h1_cmo_acc:veto_low:Q20:-16.338186,h1_rvol20_d1:veto_low:Q20:0.0020342265,h1_cmo_acc:veto_low:Q20:-16.338186,19,33,"{'mean24': 0.8388177905338723, 'median24': 0.6732205822029602, 'win24': 5.847953216374265, 'loss_reduction': 5.847953216374269, 'q10': 2.143159030988588}","{'mean24': 0.7020347799868731, 'median24': 0.33433173259030946, 'win24': 8.52272727272728, 'loss_reduction': 8.522727272727273, 'q10': 1.8724355556845929}",True,1.2871027332355067
h1_donch_pos_d3:veto_low:Q20:-0.18543143 & btc4_er10:veto_low:Q10:0.086687413,h1_donch_pos_d3:veto_low:Q20:-0.18543143,btc4_er10:veto_low:Q10:0.086687413,20,28,"{'mean24': 0.811274516748925, 'median24': 0.6502187125681074, 'win24': 6.111111111111114, 'loss_reduction': 6.111111111111111, 'q10': 1.746633829083264}","{'mean24': 0.8909679691406098, 'median24': 0.24766160547180505, 'win24': 3.8690476190476346, 'loss_reduction': 3.8690476190476204, 'q10': 1.4466383605182842}",True,1.2503150592594483
h1_donch_pos_d3:veto_low:Q10:-0.22744619 & btc4_er10:veto_low:Q10:0.086687413,h1_donch_pos_d3:veto_low:Q10:-0.22744619,btc4_er10:veto_low:Q10:0.086687413,22,33,"{'mean24': 0.946850825359943, 'median24': 0.6820956675219874, 'win24': 6.5656565656565675, 'loss_reduction': 6.565656565656565, 'q10': 1.9294631446940498}","{'mean24': 0.8819647919549038, 'median24': 0.33433173259030946, 'win24': 5.492424242424249, 'loss_reduction': 5.492424242424242, 'q10': 1.023314774629922}",True,1.2476419704608692
h1_donch_pos_d3:veto_low:Q10:-0.22744619 & btc1_di_spread:veto_high:Q80:-4.9911537,h1_donch_pos_d3:veto_low:Q10:-0.22744619,btc1_di_spread:veto_high:Q80:-4.9911537,19,33,"{'mean24': 0.9912795497947431, 'median24': 0.6909707528410136, 'win24': 11.111111111111114, 'loss_reduction': 11.11111111111111, 'q10': 1.6292134328219672}","{'mean24': 0.6940731620091811, 'median24': 0.27213076974162975, 'win24': 8.52272727272728, 'loss_reduction': 8.522727272727273, 'q10': 1.3456129962441299}",True,1.200930956524759
h1_donch_pos_d3:veto_low:Q10:-0.22744619 & btc1_rvol20_d1:veto_low:Q20:0.022874232,h1_donch_pos_d3:veto_low:Q10:-0.22744619,btc1_rvol20_d1:veto_low:Q20:0.022874232,19,33,"{'mean24': 0.975977321249577, 'median24': 0.6909707528410136, 'win24': 11.111111111111114, 'loss_reduction': 11.11111111111111, 'q10': 1.6292134328219672}","{'mean24': 0.6940731620091811, 'median24': 0.27213076974162975, 'win24': 8.52272727272728, 'loss_reduction': 8.522727272727273, 'q10': 1.3456129962441299}",True,1.200930956524759
h1_donch_pos_d3:veto_low:Q20:-0.18543143 & h1_atr_pct_d3:veto_high:Q80:0.03774164,h1_donch_pos_d3:veto_low:Q20:-0.18543143,h1_atr_pct_d3:veto_high:Q80:0.03774164,18,27,"{'mean24': 0.6930759740727788, 'median24': 0.6502187125681074, 'win24': 5.555555555555557, 'loss_reduction': 5.555555555555555, 'q10': 1.5117930365606713}","{'mean24': 1.0759890164637933, 'median24': 0.27213076974162975, 'win24': 7.175925925925938, 'loss_reduction': 7.175925925925927, 'q10': 1.9533877441823577}",True,1.1821353443240579
h1_rvol20_d1:veto_low:Q20:0.0020342265 & btc4_er10:veto_low:Q10:0.086687413,h1_rvol20_d1:veto_low:Q20:0.0020342265,btc4_er10:veto_low:Q10:0.086687413,20,31,"{'mean24': 0.9898899580036855, 'median24': 0.6820956675219874, 'win24': 6.111111111111114, 'loss_reduction': 6.111111111111111, 'q10': 2.45273449948997}","{'mean24': 0.5982821511922816, 'median24': 0.27213076974162975, 'win24': 8.131720430107535, 'loss_reduction': 8.131720430107528, 'q10': 1.8319594614357104}",True,1.1784942387734314
btc4_ppo_hist:veto_high:Q90:-0.065269601 & h1_donch_pos_d3:veto_low:Q10:-0.22744619,btc4_ppo_hist:veto_high:Q90:-0.065269601,h1_donch_pos_d3:veto_low:Q10:-0.22744619,23,34,"{'mean24': 0.7962548089656685, 'median24': 0.6732205822029602, 'win24': 6.763285024154598, 'loss_reduction': 6.763285024154589, 'q10': 0.9246910552541899}","{'mean24': 0.8721010007212375, 'median24': 0.3032312511659696, 'win24': 8.700980392156865, 'loss_reduction': 8.700980392156865, 'q10': 1.4064063043930775}",True,1.1626932732623076
h1_rvol20_d1:veto_low:Q20:0.0020342265 & h1_atr_pct_d3:veto_high:Q80:0.03774164,h1_rvol20_d1:veto_low:Q20:0.0020342265,h1_atr_pct_d3:veto_high:Q80:0.03774164,18,29,"{'mean24': 0.6586534289047443, 'median24': 0.6502187125681074, 'win24': 5.555555555555557, 'loss_reduction': 5.555555555555555, 'q10': 1.4978044016167225}","{'mean24': 0.7884106242888458, 'median24': 0.33433173259030946, 'win24': 7.686781609195407, 'loss_reduction': 7.686781609195403, 'q10': 1.9938638384312402}",True,1.144215640420036
h1_donch_pos_d3:veto_low:Q10:-0.22744619 & btc4_adx_acc:veto_high:Q90:0.13268011,h1_donch_pos_d3:veto_low:Q10:-0.22744619,btc4_adx_acc:veto_high:Q90:0.13268011,22,35,"{'mean24': 1.0043568663370581, 'median24': 0.6820956675219874, 'win24': 11.111111111111114, 'loss_reduction': 11.11111111111111, 'q10': 1.9294631446940498}","{'mean24': 0.730121673197687, 'median24': 0.27213076974162975, 'win24': 6.011904761904773, 'loss_reduction': 6.011904761904763, 'q10': 0.9823027137355789}",True,1.095935446869677
h1_donch_pos_d3:veto_low:Q20:-0.18543143 & btc4_adx_acc:veto_high:Q90:0.13268011,h1_donch_pos_d3:veto_low:Q20:-0.18543143,btc4_adx_acc:veto_high:Q90:0.13268011,19,30,"{'mean24': 1.0530253046412326, 'median24': 0.6732205822029602, 'win24': 11.111111111111114, 'loss_reduction': 11.11111111111111, 'q10': 2.38732558014048}","{'mean24': 0.713217452111476, 'median24': 0.184667291564256, 'win24': 4.583333333333343, 'loss_reduction': 4.583333333333334, 'q10': 1.156379321122707}",True,1.0939789490588194
h1_cmo_acc:veto_low:Q20:-16.338186 & btc4_er10:veto_low:Q10:0.086687413,h1_cmo_acc:veto_low:Q20:-16.338186,btc4_er10:veto_low:Q10:0.086687413,20,34,"{'mean24': 1.1004624099988978, 'median24': 0.6820956675219874, 'win24': 6.111111111111114, 'loss_reduction': 6.111111111111111, 'q10': 2.8748997548734962}","{'mean24': 0.6826864923018552, 'median24': 0.3032312511659696, 'win24': 5.759803921568633, 'loss_reduction': 5.759803921568627, 'q10': 1.1243953604806456}",True,1.078981410853389
h1_cmo_acc:veto_low:Q20:-16.338186 & btc4_adx_acc:veto_high:Q90:0.13268011,h1_cmo_acc:veto_low:Q20:-16.338186,btc4_adx_acc:veto_high:Q90:0.13268011,20,38,"{'mean24': 1.1637190550737242, 'median24': 0.6820956675219874, 'win24': 11.111111111111114, 'loss_reduction': 11.11111111111111, 'q10': 2.8748997548734962}","{'mean24': 0.6389779531125357, 'median24': 0.3032312511659696, 'win24': 6.688596491228083, 'loss_reduction': 6.688596491228071, 'q10': 1.1031645468409068}",True,1.048541019647324
btc1_di_spread:veto_high:Q90:4.7908307 & btc4_ppo_hist:veto_high:Q90:-0.065269601,btc1_di_spread:veto_high:Q90:4.7908307,btc4_ppo_hist:veto_high:Q90:-0.065269601,23,38,"{'mean24': 0.9629372139623631, 'median24': 0.6732205822029602, 'win24': 11.111111111111114, 'loss_reduction': 11.11111111111111, 'q10': 1.9948720640435398}","{'mean24': 0.6280390458264464, 'median24': 0.3032312511659696, 'win24': 6.688596491228083, 'loss_reduction': 6.688596491228071, 'q10': 1.1031645468409068}",True,1.0376021123612347
btc1_di_spread:veto_high:Q90:4.7908307 & h1_bb_width_d1:veto_high:Q80:-0.0029803765,btc1_di_spread:veto_high:Q90:4.7908307,h1_bb_width_d1:veto_high:Q80:-0.0029803765,20,32,"{'mean24': 0.8997482733208106, 'median24': 0.6502187125681074, 'win24': 11.111111111111114, 'loss_reduction': 11.11111111111111, 'q10': 2.45273449948997}","{'mean24': 0.4807526340903885, 'median24': 0.4208788341209413, 'win24': 8.333333333333343, 'loss_reduction': 8.333333333333334, 'q10': 1.2848196880951823}",True,0.9686242227808508
btc4_ppo_hist:veto_high:Q90:-0.065269601 & h1_bb_width_d1:veto_high:Q80:-0.0029803765,btc4_ppo_hist:veto_high:Q90:-0.065269601,h1_bb_width_d1:veto_high:Q80:-0.0029803765,20,32,"{'mean24': 0.8997482733208106, 'median24': 0.6502187125681074, 'win24': 11.111111111111114, 'loss_reduction': 11.11111111111111, 'q10': 2.45273449948997}","{'mean24': 0.4807526340903885, 'median24': 0.4208788341209413, 'win24': 8.333333333333343, 'loss_reduction': 8.333333333333334, 'q10': 1.2848196880951823}",True,0.9686242227808508
h1_donch_pos_d3:veto_low:Q10:-0.22744619 & h1_atr_pct_d3:veto_high:Q80:0.03774164,h1_donch_pos_d3:veto_low:Q10:-0.22744619,h1_atr_pct_d3:veto_high:Q80:0.03774164,20,31,"{'mean24': 0.6444340359065222, 'median24': 0.6502187125681074, 'win24': 6.111111111111114, 'loss_reduction': 6.111111111111111, 'q10': 0.6851873844169475}","{'mean24': 1.181140685097445, 'median24': 0.5074259356515731, 'win24': 8.131720430107535, 'loss_reduction': 8.131720430107528, 'q10': 2.0343399326801226}",True,0.9379531042329813
btc4_ppo_hist:veto_high:Q90:-0.065269601 & h1_atr_pct_d3:veto_high:Q80:0.03774164,btc4_ppo_hist:veto_high:Q90:-0.065269601,h1_atr_pct_d3:veto_high:Q80:0.03774164,21,30,"{'mean24': 0.6162088371356913, 'median24': 0.6272168429332536, 'win24': 6.349206349206341, 'loss_reduction': 6.349206349206349, 'q10': 0.6898502627315971}","{'mean24': 0.8365458552593528, 'median24': 0.4208788341209413, 'win24': 7.916666666666671, 'loss_reduction': 7.916666666666667, 'q10': 2.0141018855556814}",True,0.9156555298027176
h1_cmo_acc:veto_low:Q20:-16.338186 & btc1_di_spread:veto_high:Q90:4.7908307,h1_cmo_acc:veto_low:Q20:-16.338186,btc1_di_spread:veto_high:Q90:4.7908307,20,37,"{'mean24': 1.1637190550737242, 'median24': 0.6820956675219874, 'win24': 11.111111111111114, 'loss_reduction': 11.11111111111111, 'q10': 2.8748997548734962}","{'mean24': 0.46266119089691715, 'median24': 0.27213076974162975, 'win24': 6.475225225225245, 'loss_reduction': 6.475225225225225, 'q10': 1.0628772691391306}",True,0.8578850126862043
h1_cmo_acc:veto_low:Q20:-16.338186 & btc1_di_spread:veto_high:Q80:-4.9911537,h1_cmo_acc:veto_low:Q20:-16.338186,btc1_di_spread:veto_high:Q80:-4.9911537,18,37,"{'mean24': 1.2584594379072214, 'median24': 0.8706729738276353, 'win24': 11.111111111111114, 'loss_reduction': 11.11111111111111, 'q10': 2.795620569088155}","{'mean24': 0.46266119089691715, 'median24': 0.27213076974162975, 'win24': 6.475225225225245, 'loss_reduction': 6.475225225225225, 'q10': 1.0628772691391306}",True,0.8578850126862043
btc1_di_spread:veto_high:Q90:4.7908307 & btc1_rvol20_d1:veto_low:Q20:0.022874232,btc1_di_spread:veto_high:Q90:4.7908307,btc1_rvol20_d1:veto_low:Q20:0.022874232,20,37,"{'mean24': 0.9297636982730517, 'median24': 0.6820956675219874, 'win24': 11.111111111111114, 'loss_reduction': 11.11111111111111, 'q10': 1.746633829083264}","{'mean24': 0.46266119089691715, 'median24': 0.27213076974162975, 'win24': 6.475225225225245, 'loss_reduction': 6.475225225225225, 'q10': 1.0628772691391306}",True,0.8578850126862043
btc1_di_spread:veto_high:Q90:4.7908307 & btc4_adx_acc:veto_high:Q90:0.13268011,btc1_di_spread:veto_high:Q90:4.7908307,btc4_adx_acc:veto_high:Q90:0.13268011,23,37,"{'mean24': 0.9629372139623631, 'median24': 0.6732205822029602, 'win24': 11.111111111111114, 'loss_reduction': 11.11111111111111, 'q10': 1.9948720640435398}","{'mean24': 0.46266119089691715, 'median24': 0.27213076974162975, 'win24': 6.475225225225245, 'loss_reduction': 6.475225225225225, 'q10': 1.0628772691391306}",True,0.8578850126862043
btc4_ppo_hist:veto_high:Q90:-0.065269601 & btc1_di_spread:veto_high:Q80:-4.9911537,btc4_ppo_hist:veto_high:Q90:-0.065269601,btc1_di_spread:veto_high:Q80:-4.9911537,20,37,"{'mean24': 0.9443008153909589, 'median24': 0.6820956675219874, 'win24': 11.111111111111114, 'loss_reduction': 11.11111111111111, 'q10': 1.746633829083264}","{'mean24': 0.46266119089691715, 'median24': 0.27213076974162975, 'win24': 6.475225225225245, 'loss_reduction': 6.475225225225225, 'q10': 1.0628772691391306}",True,0.8578850126862043
btc4_ppo_hist:veto_high:Q90:-0.065269601 & btc1_rvol20_d1:veto_low:Q20:0.022874232,btc4_ppo_hist:veto_high:Q90:-0.065269601,btc1_rvol20_d1:veto_low:Q20:0.022874232,20,37,"{'mean24': 0.9297636982730517, 'median24': 0.6820956675219874, 'win24': 11.111111111111114, 'loss_reduction': 11.11111111111111, 'q10': 1.746633829083264}","{'mean24': 0.46266119089691715, 'median24': 0.27213076974162975, 'win24': 6.475225225225245, 'loss_reduction': 6.475225225225225, 'q10': 1.0628772691391306}",True,0.8578850126862043
btc4_ppo_hist:veto_high:Q90:-0.065269601 & btc4_adx_acc:veto_high:Q90:0.13268011,btc4_ppo_hist:veto_high:Q90:-0.065269601,btc4_adx_acc:veto_high:Q90:0.13268011,23,37,"{'mean24': 0.9629372139623631, 'median24': 0.6732205822029602, 'win24': 11.111111111111114, 'loss_reduction': 11.11111111111111, 'q10': 1.9948720640435398}","{'mean24': 0.46266119089691715, 'median24': 0.27213076974162975, 'win24': 6.475225225225245, 'loss_reduction': 6.475225225225225, 'q10': 1.0628772691391306}",True,0.8578850126862043
btc1_di_spread:veto_high:Q80:-4.9911537 & btc1_rvol20_d1:veto_low:Q20:0.022874232,btc1_di_spread:veto_high:Q80:-4.9911537,btc1_rvol20_d1:veto_low:Q20:0.022874232,19,37,"{'mean24': 0.8397813458573871, 'median24': 0.6732205822029602, 'win24': 11.111111111111114, 'loss_reduction': 11.11111111111111, 'q10': 1.6292134328219672}","{'mean24': 0.46266119089691715, 'median24': 0.27213076974162975, 'win24': 6.475225225225245, 'loss_reduction': 6.475225225225225, 'q10': 1.0628772691391306}",True,0.8578850126862043
btc1_di_spread:veto_high:Q80:-4.9911537 & btc4_adx_acc:veto_high:Q90:0.13268011,btc1_di_spread:veto_high:Q80:-4.9911537,btc4_adx_acc:veto_high:Q90:0.13268011,20,37,"{'mean24': 0.9443008153909589, 'median24': 0.6820956675219874, 'win24': 11.111111111111114, 'loss_reduction': 11.11111111111111, 'q10': 1.746633829083264}","{'mean24': 0.46266119089691715, 'median24': 0.27213076974162975, 'win24': 6.475225225225245, 'loss_reduction': 6.475225225225225, 'q10': 1.0628772691391306}",True,0.8578850126862043
btc1_rvol20_d1:veto_low:Q20:0.022874232 & btc4_adx_acc:veto_high:Q90:0.13268011,btc1_rvol20_d1:veto_low:Q20:0.022874232,btc4_adx_acc:veto_high:Q90:0.13268011,20,37,"{'mean24': 0.9297636982730517, 'median24': 0.6820956675219874, 'win24': 11.111111111111114, 'loss_reduction': 11.11111111111111, 'q10': 1.746633829083264}","{'mean24': 0.46266119089691715, 'median24': 0.27213076974162975, 'win24': 6.475225225225245, 'loss_reduction': 6.475225225225225, 'q10': 1.0628772691391306}",True,0.8578850126862043
h1_cmo_acc:veto_low:Q20:-16.338186 & btc4_ppo_hist:veto_high:Q90:-0.065269601,h1_cmo_acc:veto_low:Q20:-16.338186,btc4_ppo_hist:veto_high:Q90:-0.065269601,21,37,"{'mean24': 0.9282090784890271, 'median24': 0.6732205822029602, 'win24': 6.349206349206341, 'loss_reduction': 6.349206349206349, 'q10': 2.51814341883946}","{'mean24': 0.46266119089691715, 'median24': 0.27213076974162975, 'win24': 6.475225225225245, 'loss_reduction': 6.475225225225225, 'q10': 1.0628772691391306}",True,0.8553646351658268
btc1_di_spread:veto_high:Q90:4.7908307 & btc4_er10:veto_low:Q10:0.086687413,btc1_di_spread:veto_high:Q90:4.7908307,btc4_er10:veto_low:Q10:0.086687413,22,33,"{'mean24': 1.1211097033110327, 'median24': 0.6820956675219874, 'win24': 11.111111111111114, 'loss_reduction': 11.11111111111111, 'q10': 2.5577830117321305}","{'mean24': 0.4863225025203821, 'median24': 0.27213076974162975, 'win24': 5.492424242424249, 'loss_reduction': 5.492424242424242, 'q10': 1.023314774629922}",True,0.8519996810263475
btc4_ppo_hist:veto_high:Q90:-0.065269601 & btc4_er10:veto_low:Q10:0.086687413,btc4_ppo_hist:veto_high:Q90:-0.065269601,btc4_er10:veto_low:Q10:0.086687413,23,33,"{'mean24': 0.9079314356364265, 'median24': 0.6732205822029602, 'win24': 6.763285024154598, 'loss_reduction': 6.763285024154589, 'q10': 1.9948720640435398}","{'mean24': 0.4863225025203821, 'median24': 0.27213076974162975, 'win24': 5.492424242424249, 'loss_reduction': 5.492424242424242, 'q10': 1.023314774629922}",True,0.8519996810263475
btc1_di_spread:veto_high:Q80:-4.9911537 & btc4_er10:veto_low:Q10:0.086687413,btc1_di_spread:veto_high:Q80:-4.9911537,btc4_er10:veto_low:Q10:0.086687413,19,33,"{'mean24': 1.1264670452382926, 'median24': 0.6909707528410136, 'win24': 11.111111111111114, 'loss_reduction': 11.11111111111111, 'q10': 2.38732558014048}","{'mean24': 0.4863225025203821, 'median24': 0.27213076974162975, 'win24': 5.492424242424249, 'loss_reduction': 5.492424242424242, 'q10': 1.023314774629922}",True,0.8519996810263475
btc1_rvol20_d1:veto_low:Q20:0.022874232 & btc4_er10:veto_low:Q10:0.086687413,btc1_rvol20_d1:veto_low:Q20:0.022874232,btc4_er10:veto_low:Q10:0.086687413,19,33,"{'mean24': 1.1111648166931274, 'median24': 0.6909707528410136, 'win24': 11.111111111111114, 'loss_reduction': 11.11111111111111, 'q10': 2.38732558014048}","{'mean24': 0.4863225025203821, 'median24': 0.27213076974162975, 'win24': 5.492424242424249, 'loss_reduction': 5.492424242424242, 'q10': 1.023314774629922}",True,0.8519996810263475
h1_bb_width_d1:veto_high:Q80:-0.0029803765 & h1_donch_pos_d3:veto_low:Q10:-0.22744619,h1_bb_width_d1:veto_high:Q80:-0.0029803765,h1_donch_pos_d3:veto_low:Q10:-0.22744619,20,30,"{'mean24': 0.7598894594005654, 'median24': 0.6502187125681074, 'win24': 11.111111111111114, 'loss_reduction': 11.11111111111111, 'q10': 1.746633829083264}","{'mean24': 0.3587894412762114, 'median24': 0.3032312511659696, 'win24': 7.916666666666671, 'loss_reduction': 7.916666666666667, 'q10': 1.1837391022444588}",True,0.8130575501706594
h1_bb_width_d1:veto_high:Q80:-0.0029803765 & h1_donch_pos_d3:veto_low:Q20:-0.18543143,h1_bb_width_d1:veto_high:Q80:-0.0029803765,h1_donch_pos_d3:veto_low:Q20:-0.18543143,19,26,"{'mean24': 0.7117227421894676, 'median24': 0.6272168429332536, 'win24': 11.111111111111114, 'loss_reduction': 11.11111111111111, 'q10': 1.6292134328219672}","{'mean24': 0.28993325699979833, 'median24': 0.24766160547180505, 'win24': 6.891025641025649, 'loss_reduction': 6.891025641025641, 'q10': 1.5279929206909726}",True,0.8097519999930543
h1_bb_width_d1:veto_high:Q80:-0.0029803765 & btc4_er10:veto_low:Q10:0.086687413,h1_bb_width_d1:veto_high:Q80:-0.0029803765,btc4_er10:veto_low:Q10:0.086687413,20,28,"{'mean24': 0.8997482733208106, 'median24': 0.6502187125681074, 'win24': 11.111111111111114, 'loss_reduction': 11.11111111111111, 'q10': 2.45273449948997}","{'mean24': 0.25070405635618176, 'median24': 0.3032312511659696, 'win24': 7.440476190476204, 'loss_reduction': 7.440476190476192, 'q10': 1.5287177038835398}",True,0.7816930061365905
btc4_adx_acc:veto_high:Q90:0.13268011 & btc4_er10:veto_low:Q10:0.086687413,btc4_adx_acc:veto_high:Q90:0.13268011,btc4_er10:veto_low:Q10:0.086687413,23,35,"{'mean24': 0.7397048546972234, 'median24': 0.6732205822029602, 'win24': 6.763285024154598, 'loss_reduction': 6.763285024154589, 'q10': 1.9948720640435398}","{'mean24': 0.5342424799653895, 'median24': 0.27213076974162975, 'win24': 3.154761904761912, 'loss_reduction': 3.154761904761905, 'q10': 0.6569949161979637}",True,0.7615864471101186
h1_bb_width_d1:veto_high:Q80:-0.0029803765 & btc1_rvol20_d1:veto_low:Q20:0.022874232,h1_bb_width_d1:veto_high:Q80:-0.0029803765,btc1_rvol20_d1:veto_low:Q20:0.022874232,18,31,"{'mean24': 0.9651585692928744, 'median24': 0.6820956675219874, 'win24': 11.111111111111114, 'loss_reduction': 11.11111111111111, 'q10': 2.32191666079099}","{'mean24': 0.278614987505593, 'median24': 0.33433173259030946, 'win24': 8.131720430107535, 'loss_reduction': 8.131720430107528, 'q10': 1.2240263799462345}",True,0.7472559910943022
h1_bb_width_d1:veto_high:Q80:-0.0029803765 & btc4_adx_acc:veto_high:Q90:0.13268011,h1_bb_width_d1:veto_high:Q80:-0.0029803765,btc4_adx_acc:veto_high:Q90:0.13268011,20,31,"{'mean24': 0.8997482733208106, 'median24': 0.6502187125681074, 'win24': 11.111111111111114, 'loss_reduction': 11.11111111111111, 'q10': 2.45273449948997}","{'mean24': 0.278614987505593, 'median24': 0.33433173259030946, 'win24': 8.131720430107535, 'loss_reduction': 8.131720430107528, 'q10': 1.2240263799462345}",True,0.7472559910943022
