name,n,symbols,h1_confirm_pct,net12_mean,net12_median,net12_win_pct,mfe12_mean,mae12_mean,excursion_edge_mean,upside_dominates_pct,mfe_ge_1_pct,mfe_ge_2_pct,model,quantile,threshold,selected_frac,score
WIN_LOGISTIC_q60,823,68,62.575941676792226,-0.20777381242733584,-0.2132485426603157,45.20048602673147,2.513722351444505,-2.5067650411997535,0.006957310244751202,46.29404617253949,63.91251518833536,44.22843256379101,WIN_LOGISTIC,0.6,0.5326604756242557,0.4453463203463203,-0.14498915144320107
WIN_LOGISTIC_q70,608,68,61.348684210526315,-0.2815633308029374,-0.22471367639031442,44.243421052631575,2.484786067170439,-2.5504774120602556,-0.06569134488981632,46.381578947368425,63.48684210526315,44.40789473684211,WIN_LOGISTIC,0.7,0.5973889868108248,0.329004329004329,-0.22218538693910556
WIN_LOGISTIC_q50,973,68,61.459403905447076,-0.3099770227228593,-0.2948766603415474,43.884892086330936,2.5116710427815576,-2.6742172308483223,-0.1625461880667649,44.91264131551901,63.92600205549846,43.67934224049332,WIN_LOGISTIC,0.5,0.47729577606860857,0.5265151515151515,-0.2533940044594152
CONFIRM_RF_q50,931,68,76.1546723952739,-0.3581204523381457,-0.3745200698080262,43.82384532760473,2.5874194475399395,-2.6974682128636376,-0.11004876532369792,46.18689581095596,65.73576799140709,45.64983888292159,CONFIRM_RF,0.5,0.5478730209616889,0.5037878787878788,-0.28526724290258276
DUAL_CONFIRM_WIN_q50,1077,68,72.98050139275766,-0.3636586770206832,-0.364473684210531,44.38254410399257,2.587348957261211,-2.7231917223312045,-0.13584276506999315,45.77530176415971,66.48096564531104,45.868152274837506,DUAL_CONFIRM_WIN,0.5,0.48611625939013237,0.5827922077922078,-0.29475345858002533
DOM_RF_q50,1010,68,57.02970297029702,-0.3650371233164961,-0.3661411911473676,44.257425742574256,2.6009992179538983,-2.875094858440138,-0.2740956404862397,45.84158415841584,67.82178217821783,46.73267326732674,DOM_RF,0.5,0.4875954207001364,0.5465367965367965,-0.3162302895607863
WIN_LOGISTIC_q80,380,68,63.421052631578945,-0.4065919409346307,-0.23448968519231267,43.42105263157895,2.4491451879039765,-2.6840793339627087,-0.23493414605873233,45.526315789473685,64.47368421052632,44.473684210526315,WIN_LOGISTIC,0.8,0.6700492336680163,0.20562770562770563,-0.35021891268481375
WIN_RF_q50,979,68,57.711950970377934,-0.4516174144539846,-0.4368421052631575,43.30949948927477,2.5591326322775285,-2.8864000618096273,-0.32726742953209814,44.330949948927476,66.08784473953013,45.35240040858019,WIN_RF,0.5,0.46118660723413835,0.5297619047619048,-0.4037234863695696
CONFIRM_RF_q60,676,68,79.28994082840237,-0.5031691409966726,-0.43538544684716385,43.19526627218935,2.5347976637873115,-2.82853083608106,-0.293733172293749,45.11834319526627,65.23668639053254,44.230769230769226,CONFIRM_RF,0.6,0.5926780602009231,0.3658008658008658,-0.4326911953370828
RET_RF_q50,1025,68,56.39024390243902,-0.49252744254120745,-0.3751313485113814,42.829268292682926,2.63344625094393,-2.97442849885419,-0.34098224791026027,44.78048780487805,67.41463414634147,45.951219512195124,RET_RF,0.5,-0.2328128061775679,0.5546536796536796,-0.4463666660760763
CONFIRM_RF_q80,253,68,84.58498023715416,-0.5386607435694004,-0.3949317738791367,43.47826086956522,2.551174576826421,-2.863775811581897,-0.3126012347554763,47.43083003952569,65.61264822134387,44.26877470355731,CONFIRM_RF,0.8,0.6908004001941624,0.13690476190476192,-0.4634538003749105
RET_RF_q60,704,68,54.26136363636363,-0.6069014804451837,-0.37367552055904674,43.75,2.678657943379997,-3.261412795080611,-0.5827548517006149,45.028409090909086,69.0340909090909,47.72727272727273,RET_RF,0.6,-0.08104060990743876,0.38095238095238093,-0.5701227623598384
CONFIRM_RF_q70,443,68,81.03837471783297,-0.6915903531419657,-0.6460966542751077,40.85778781038375,2.3986505661251365,-2.9918294498462163,-0.5931788837210797,42.43792325056434,63.20541760722348,42.88939051918736,CONFIRM_RF,0.7,0.6391750406320906,0.23971861471861472,-0.6283473449357652
DOM_RF_q60,499,68,52.705410821643284,-0.6677120473565761,-0.5222341568206332,43.48697394789579,2.4556480357045145,-3.1713051024347374,-0.7156570667302233,42.88577154308617,67.93587174348697,46.49298597194389,DOM_RF,0.6,0.5348159820495109,0.270021645021645,-0.6364763485368395
DUAL_CONFIRM_WIN_q60,758,68,75.19788918205805,-0.6979200122785776,-0.5706457368596594,40.50131926121372,2.443178559154195,-3.0087051219670142,-0.565526562812819,42.0844327176781,64.37994722955145,43.13984168865435,DUAL_CONFIRM_WIN,0.6,0.5162734959266302,0.4101731601731602,-0.6396879199809041
DUAL_CONFIRM_WIN_q70,452,68,73.89380530973452,-0.7273694964152096,-0.5896792570034668,42.0353982300885,2.4639924346586866,-3.212371243780144,-0.7483788091214576,41.5929203539823,64.82300884955751,44.469026548672566,DUAL_CONFIRM_WIN,0.7,0.5525582301231102,0.24458874458874458,-0.6759270553791188
WIN_LOGISTIC_q90,129,60,54.263565891472865,-0.8540528639430409,-0.2,44.18604651162791,2.7254793000890043,-3.3276505413926674,-0.6021712413036631,42.63565891472868,65.11627906976744,44.96124031007752,WIN_LOGISTIC,0.9,0.7723435524961998,0.0698051948051948,-0.8178544352906779
WIN_RF_q60,566,68,53.88692579505301,-0.853290704424547,-0.7523475115933429,40.10600706713781,2.4255421087185254,-3.301200902072944,-0.8756587933544185,40.10600706713781,64.66431095406361,42.75618374558304,WIN_RF,0.6,0.502780093918936,0.30627705627705626,-0.8256735424301265
DUAL_CONFIRM_WIN_q80,201,64,70.64676616915423,-0.9037197644399984,-0.6914004914004843,42.28855721393035,2.2866921307197448,-3.510488115026585,-1.223795984306841,38.80597014925373,66.16915422885572,43.28358208955223,DUAL_CONFIRM_WIN,0.8,0.5956169810276676,0.10876623376623376,-0.8697868778000494
WIN_RF_q70,322,68,46.58385093167702,-0.9624142066205575,-0.8794395578322176,38.50931677018634,2.330298345781905,-3.4720822237954523,-1.1417838780135479,35.714285714285715,63.975155279503106,40.993788819875775,WIN_RF,0.7,0.5500377213174596,0.17424242424242425,-0.9500838720292869
RET_RF_q70,441,68,49.65986394557823,-1.0188893288524035,-0.6983388704318803,40.136054421768705,2.549943597907738,-3.6927078196805105,-1.1427642217727731,40.816326530612244,67.12018140589569,43.99092970521542,RET_RF,0.7,0.1323532370972696,0.23863636363636365,-1.0035123915600084
RET_RF_q80,236,67,44.06779661016949,-1.1341815812719849,-0.9090711750171063,38.983050847457626,2.469192553457436,-3.7358110902604817,-1.2666185368030463,34.32203389830508,66.10169491525424,42.3728813559322,RET_RF,0.8,0.49419987779632696,0.1277056277056277,-1.1281123407659068
DOM_RF_q70,157,64,45.85987261146497,-1.5747526937147387,-1.732846715328484,29.29936305732484,2.2251281345712255,-3.7483983627231763,-1.5232702281519512,29.29936305732484,56.68789808917197,39.490445859872615,DOM_RF,0.7,0.592586099795966,0.08495670995670995,-1.5745909279478323
