entry,pattern,h1_within1h,h1_within2h,h1_within4h,h1_time,h4_within4h,h4_within8h,h4_within12h,h4_time,ordered_15_1_4,ret_3h,mfe_3h,mae_3h,ret_6h,mfe_6h,mae_6h,ret_12h,mfe_12h,mae_12h,ret_24h,mfe_24h,mae_24h
2024-01-01 04:15:00+00:00,-0++,False,False,True,2024-01-01 07:00:00+00:00,False,True,True,2024-01-01 12:00:00+00:00,True,0.4261903180508231,0.4552632530628875,-0.2992857748965405,0.8486224274293352,0.9491013272149296,-0.2992857748965405,0.9824524746149477,1.2967238111355917,-0.2992857748965405,7.220677049565083,7.546223012102615,-0.2992857748965405
2024-01-02 02:15:00+00:00,-00+,True,True,True,2024-01-02 03:00:00+00:00,False,False,False,,False,0.3571841146749799,0.8869403296985157,-0.057849236773654944,1.437982580483932,1.6626389495873362,-0.057849236773654944,1.192993612637161,1.728692179310909,-0.057849236773654944,0.49399124035283126,1.728692179310909,-1.108625522976825
2024-01-04 17:00:00+00:00,-00+,False,False,False,,False,True,True,2024-01-05 00:00:00+00:00,False,-0.38503000792662334,0.6397916430755268,-0.7412750537877932,0.17234741252405428,1.3012795832861634,-0.7412750537877932,-1.3483863662099416,1.3012795832861634,-3.861397350243456,-1.8914958668327486,1.3012795832861634,-3.861397350243456
2024-01-08 13:15:00+00:00,-0++,False,False,False,,False,False,False,,False,-0.1596523127411431,0.5210874096412299,-0.955208656703177,3.47237128032285,4.769590669209278,-0.955208656703177,3.2101645305778526,4.769590669209278,-0.955208656703177,3.422723845846831,4.769590669209278,-0.955208656703177
2024-01-08 21:30:00+00:00,-00+,False,False,False,,False,False,False,,False,-1.078806934530363,0.05975119846830523,-2.0114258535105844,-0.7647475135637793,0.05975119846830523,-2.0114258535105844,-1.2095219543792446,0.05975119846830523,-2.0114258535105844,-2.5670547703775637,1.6808972302701841,-5.15123581544914
2024-01-16 12:00:00+00:00,-00+,True,True,True,2024-01-16 13:00:00+00:00,False,False,False,,False,-0.8407868699802146,0.5109533232452668,-2.1068560121056956,0.433383773716689,1.1151204749155985,-2.1068560121056956,0.31532999650796256,1.4503783028751105,-2.1068560121056956,-0.8913514142707468,1.4503783028751105,-2.1068560121056956
2024-01-18 17:15:00+00:00,-00+,False,False,False,,False,False,False,,False,-2.937735316667467,0.030544257822029408,-3.0184424613636462,-1.8308503654385189,0.030544257822029408,-3.371649038402158,-2.1348678616454286,0.030544257822029408,-3.371649038402158,-3.269613166237717,0.030544257822029408,-4.329494162389036
2024-01-19 08:45:00+00:00,-00+,True,True,True,2024-01-19 09:00:00+00:00,False,False,True,2024-01-19 20:00:00+00:00,True,0.44897080381953725,0.5320902233204805,-0.10145316092350365,-0.7766531306982682,0.5320902233204805,-1.0871642255181002,0.7992494064542166,2.196343472110307,-2.446089233734372,0.7265925712261145,2.196343472110307,-2.446089233734372
2024-01-19 20:00:00+00:00,-0++,False,False,False,,False,False,False,,False,-1.1688963151210041,2.3717561781211316e-05,-1.5303756743199282,-1.3749070568047417,2.3717561781211316e-05,-1.6757643280755352,-1.23746378624785,2.3717561781211316e-05,-1.6757643280755352,-1.115318343043703,2.3717561781211316e-05,-1.6757643280755352
2024-01-25 10:30:00+00:00,-00+,False,True,True,2024-01-25 12:00:00+00:00,False,False,False,,False,-0.5781267117399347,0.5682446304238864,-0.6833858506063883,-0.6232199464321297,0.5682446304238864,-1.1207927225957426,-0.33229746162769525,0.5682446304238864,-1.3039605934539122,1.4210732389494662,1.5563279882752745,-1.3039605934539122
2024-01-28 06:45:00+00:00,-00+,False,False,True,2024-01-28 10:00:00+00:00,False,False,False,,False,0.38139006966453337,0.6713229137956134,-0.21250424690196779,0.00888872751383385,0.6713229137956134,-0.28802306447957005,-1.0411835729713825,0.6713229137956134,-1.1618061988618034,-0.5895324741525321,0.6713229137956134,-1.868424669920521
2024-02-08 17:30:00+00:00,-00+,False,False,True,2024-02-08 21:00:00+00:00,False,False,True,2024-02-09 04:00:00+00:00,True,0.5538363821869785,1.019109436944099,-0.36105224483341525,0.3595019990419557,1.019109436944099,-0.36105224483341525,2.2719516465049994,2.7243133684559995,-0.36105224483341525,5.219744018985639,5.681230044737884,-0.36105224483341525
2024-02-11 07:00:00+00:00,-00+,False,False,False,,False,False,False,,False,-0.23490658409419662,0.14024397315401949,-0.4684049298283144,0.10089613662231933,0.3764759580576982,-0.7557891022231922,-0.04669966914681023,0.3764759580576982,-0.7557891022231922,-0.190257144324546,1.1173335917864957,-1.100641825341997
2024-02-12 17:15:00+00:00,-00+,False,False,False,,False,True,True,2024-02-13 00:00:00+00:00,False,-0.271066498610506,0.5755817159792009,-1.0924982955939688,-0.3252358394429611,0.5755817159792009,-1.0924982955939688,-0.19983311606985854,0.6430985742133855,-1.0924982955939688,-2.918570552819011,0.6430985742133855,-3.4883576878902978
2024-02-18 01:00:00+00:00,-0++,False,False,True,2024-02-18 05:00:00+00:00,False,True,True,2024-02-18 08:00:00+00:00,True,-0.3141238157516657,0.07645239243396773,-1.0734658379232487,-0.2894711095419278,0.07645239243396773,-1.0734658379232487,-0.2909599396424323,0.6777850693930221,-1.0734658379232487,0.7564610392498228,1.3734360999921424,-1.0734658379232487
2024-02-19 09:15:00+00:00,-00+,False,False,False,,False,False,False,,False,0.0769554474801426,0.2810737971194355,-0.2673843311825963,-0.04265530517471028,0.2889318564770482,-0.5276753776409349,-0.9616467433315012,0.2889318564770482,-1.196853181816182,-1.3152402950576958,0.2889318564770482,-1.896621971325152
2024-02-24 09:15:00+00:00,-00+,True,True,True,2024-02-24 10:00:00+00:00,False,False,True,2024-02-24 20:00:00+00:00,True,-0.01699925540128433,0.21738679142186967,-0.052231583128115044,0.13342848738353563,0.23373976176759292,-0.0562463842309624,0.8654540270021771,1.2474084948491226,-0.0562463842309624,1.055461833342286,1.6405064838058703,-0.0562463842309624
2024-02-28 12:30:00+00:00,-0++,False,True,True,2024-02-28 14:00:00+00:00,True,True,True,2024-02-28 16:00:00+00:00,True,2.526061827592563,3.336213701176116,-0.17169372533955007,2.074993192036434,7.78223071830626,-1.1434852630534786,3.7422495734602546,7.78223071830626,-1.1434852630534786,5.38409292579749,7.78223071830626,-1.1434852630534786
2024-02-29 08:00:00+00:00,-00+,False,False,True,2024-02-29 12:00:00+00:00,False,False,False,,False,-0.2549717024066811,0.10093257577079573,-1.5077249496129985,0.07544967722190599,0.44250173242479374,-1.6028537040590263,-1.7495032658388143,0.7452677448665401,-4.277067452772599,-2.473601334561759,0.7452677448665401,-4.277067452772599
2024-03-01 20:00:00+00:00,-00+,True,True,True,2024-03-01 21:00:00+00:00,False,False,False,,False,0.5795826645264901,1.306950240770477,-0.06608346709470192,-0.4483306581059332,1.306950240770477,-0.5633547351524881,-0.6123434991974319,1.306950240770477,-0.8791332263242357,-0.7686837881219932,1.306950240770477,-1.186003210272868
2024-03-02 21:00:00+00:00,-0++,False,False,True,2024-03-03 00:00:00+00:00,False,False,False,,False,-0.15218891062195317,0.2401690873057971,-0.3843965024972862,-0.07396277702128584,0.2401690873057971,-0.45322387272976883,-0.15632307457773553,0.28577408344292454,-0.9738539968321969,1.1772516336407302,1.7214271133975334,-0.9738539968321969
2024-03-03 23:45:00+00:00,-0++,True,True,True,2024-03-04 00:00:00+00:00,False,False,True,2024-03-04 08:00:00+00:00,True,0.9086102490462933,1.8288660973156956,-1.289682775461598,0.38664973856026297,1.8288660973156956,-1.289682775461598,3.352712561101767,3.8676540233485435,-1.289682775461598,8.130909844524137,8.532231453670235,-1.289682775461598
2024-03-12 09:00:00+00:00,-0++,False,False,True,2024-03-12 12:00:00+00:00,False,False,False,,False,0.05977459261257145,0.680612402316827,-0.33328821605879133,0.07972264143882857,1.5486446524970665,-1.5117254603179142,-1.4267167250478607,1.5486446524970665,-4.543133343247064,2.3941414500284086,2.4531926824324923,-4.543133343247064
2024-03-15 20:45:00+00:00,-00+,False,False,True,2024-03-15 23:00:00+00:00,False,False,True,2024-03-16 08:00:00+00:00,True,2.3984268031628453,2.7669882671776502,-0.05824199349392378,1.7697285728619283,3.1986832859917547,-0.05824199349392378,1.6943219139441856,3.1986832859917547,-0.05824199349392378,-1.0944131739764829,3.1986832859917547,-1.770966196806678
2024-03-20 16:30:00+00:00,-0++,False,False,True,2024-03-20 19:00:00+00:00,False,False,False,,False,4.06648904757112,4.2326244687875825,-0.37089150147324723,7.089332469811738,7.966620716115158,-0.37089150147324723,5.52682875400019,8.189323670769966,-0.37089150147324723,5.509246524576672,8.189323670769966,-0.37089150147324723
2024-03-25 17:00:00+00:00,-00+,False,True,True,2024-03-25 19:00:00+00:00,False,False,False,,False,0.3508187401064733,0.875983505394351,-0.4709625326889788,-0.15049874418969766,0.875983505394351,-1.375344435126391,-0.05691021753909675,0.875983505394351,-1.375344435126391,-1.2818835098603931,1.458838274460672,-1.7752897083103125
2024-03-28 12:45:00+00:00,-00+,True,True,True,2024-03-28 13:00:00+00:00,False,False,False,,False,0.6369781911586658,1.0063642764820857,-0.6228193558478035,-0.4081923049341629,1.0063642764820857,-0.6228193558478035,-0.1459079977797595,1.0063642764820857,-0.6228193558478035,-0.9728376225805135,1.0063642764820857,-1.797254512899371
2024-04-16 09:15:00+00:00,-00+,False,False,True,2024-04-16 12:00:00+00:00,False,False,False,,False,-0.5021481824591945,0.08512721281535018,-2.98175190701494,-1.943514904979604,0.08512721281535018,-2.98175190701494,0.261350780658276,0.45168609367836066,-2.98175190701494,0.01685219569147467,1.584090645283176,-2.98175190701494
2024-04-20 17:00:00+00:00,-0++,True,True,True,2024-04-20 18:00:00+00:00,False,False,False,,False,-0.1301538461538465,0.6446153846153768,-0.32032307692307915,-0.32613846153846104,0.6446153846153768,-0.6846153846153835,0.3148769230769233,1.0700923076923052,-0.6846153846153835,-0.6354923076923091,1.0700923076923052,-1.1730769230769211
2024-05-01 20:30:00+00:00,-00+,True,True,True,2024-05-01 21:00:00+00:00,True,True,True,2024-05-02 00:00:00+00:00,True,1.6937122149241146,1.815425893339384,-0.24219035838110026,-0.02771921877450234,2.1143091102322487,-0.8452706587452341,0.7752495775040558,2.1143091102322487,-0.8452706587452341,2.6540759970033356,3.7951286652612604,-0.8452706587452341
2024-05-03 07:00:00+00:00,-00+,False,False,True,2024-05-03 10:00:00+00:00,False,True,True,2024-05-03 12:00:00+00:00,True,-0.13082504267004635,0.269711991353061,-0.5951336046330358,2.913882518000843,3.1489905870935697,-0.9514227244428741,3.766189241377993,4.653285024731857,-0.9514227244428741,5.866172696798433,7.035081745875593,-0.9514227244428741
2024-05-03 19:45:00+00:00,-0++,True,True,True,2024-05-03 20:00:00+00:00,False,False,False,,False,1.1521522115019556,1.829706840894696,-0.15035287491066418,1.2707331329917304,2.4615530362838367,-0.15035287491066418,1.4366819769244144,2.4615530362838367,-0.15035287491066418,2.9868536292528836,3.9838678389851445,-0.15035287491066418
2024-05-04 12:45:00+00:00,-0++,True,True,True,2024-05-04 13:00:00+00:00,False,False,False,,False,-0.7136039434117891,0.14335138493140054,-0.986196341761314,-0.6598159564264239,0.14335138493140054,-1.195276459483019,-0.8691458152368603,0.27223339553448245,-1.195276459483019,-0.5322919129933212,0.27223339553448245,-1.9420179236057655
2024-05-08 12:00:00+00:00,-0++,False,True,True,2024-05-08 14:00:00+00:00,False,True,True,2024-05-08 20:00:00+00:00,True,-0.2607336556444517,0.6536044044843425,-1.055783064471938,0.3487663092706539,0.6536044044843425,-1.055783064471938,-1.837871887897502,0.6536044044843425,-2.4543728117997987,-1.9312393683949436,0.6536044044843425,-2.8677017405633554
2024-05-08 21:15:00+00:00,-0++,False,False,True,2024-05-09 01:00:00+00:00,False,False,False,,False,-0.44266010662448174,0.17505268855593226,-1.2360257524694718,-0.20457417606258854,0.25461471944612235,-1.2360257524694718,-0.9314678132250065,0.25461471944612235,-1.2360257524694718,1.470170077831301,1.9020759282926347,-1.6545171687725624
2024-05-09 04:00:00+00:00,-0++,False,False,True,2024-05-09 07:00:00+00:00,False,False,True,2024-05-09 16:00:00+00:00,True,-0.21394308679587581,0.11765087184805179,-0.46671420237246464,-0.8491605626498977,0.11765087184805179,-1.2717637907564638,1.2038795618072307,1.298907759123602,-1.7469371880469264,1.9084235431386487,2.788990082323206,-1.7469371880469264
2024-05-10 13:45:00+00:00,-0++,False,False,False,,False,False,False,,False,-3.067202082407461,0.13702304615579308,-4.363215033966094,-3.629975874547642,0.13702304615579308,-4.470954225128554,-3.3764681607517,0.13702304615579308,-4.470954225128554,-3.225192051298331,0.13702304615579308,-4.470954225128554
2024-05-12 19:30:00+00:00,-0++,False,False,False,,False,True,True,2024-05-13 00:00:00+00:00,False,-0.07387861593559641,0.05536010043321049,-0.7938856650239967,-0.25409618324763183,0.6742726677949396,-0.7938856650239967,0.5732759091051864,0.6742726677949396,-1.056711772906005,2.7117654138953284,3.34211157658042,-1.056711772906005
2024-05-16 13:30:00+00:00,-0++,True,True,True,2024-05-16 14:00:00+00:00,False,False,False,,False,-1.0651140972096185,0.4680255432479852,-1.3798498880213117,-1.3093184431935079,0.4680255432479852,-2.2414351431511492,-1.0487107317958988,0.4680255432479852,-2.2414351431511492,-0.2437049815386505,0.7266963258882653,-2.2414351431511492
2024-05-28 21:15:00+00:00,-00+,True,True,True,2024-05-28 22:00:00+00:00,False,True,True,2024-05-29 04:00:00+00:00,True,-0.02046664236984297,0.37613302966683637,-0.20166952249424108,0.5262119943588051,0.7587422897406881,-0.20166952249424108,-0.9190545756175839,0.7772792201156564,-1.1719345611272192,-1.4033830482695575,0.7772792201156564,-1.8702710178163717
2024-06-02 13:45:00+00:00,-0++,True,True,True,2024-06-02 14:00:00+00:00,False,False,False,,False,-0.09146791405330035,0.4313295283072449,-0.27283404419623514,-0.6293902031482501,0.4313295283072449,-1.3327909317815023,0.4548163174651121,0.5687441154663908,-1.3327909317815023,2.390283246863034,3.113019133591277,-1.3327909317815023
2024-06-03 10:00:00+00:00,-00+,False,False,True,2024-06-03 13:00:00+00:00,False,False,False,,False,0.6787104356976714,0.9877415255280075,-0.3805352389526728,0.38374858330596506,1.738535091312543,-0.8495098202408791,-0.3052677135607418,1.738535091312543,-0.8495098202408791,-0.35010978926538483,1.738535091312543,-0.8495098202408791
2024-06-03 15:30:00+00:00,-0++,False,False,True,2024-06-03 18:00:00+00:00,False,False,False,,False,0.1980213749277926,0.6869006354708329,-0.6354708261120723,-0.14441074523398045,0.6869006354708329,-0.6354708261120723,-0.013922588099368749,0.6869006354708329,-0.8811380704795035,1.3142692085499785,1.3574812247255874,-0.9715193529751476
2024-06-07 00:45:00+00:00,-0++,True,True,True,2024-06-07 01:00:00+00:00,False,True,True,2024-06-07 08:00:00+00:00,True,0.15043088580413144,0.18643385125216572,-0.3096085735588505,0.539832865544021,0.7998103919060862,-0.3096085735588505,0.49523828334134823,1.5715604788450799,-0.35246790311647125,-2.090132972551273,1.5715604788450799,-3.4748081523015784
2024-06-08 17:00:00+00:00,-00+,False,True,True,2024-06-08 19:00:00+00:00,False,False,False,,False,0.025157493541794196,0.06835868451222638,-0.15339302873902394,-0.16823983803585518,0.06835868451222638,-0.21924604417494775,-0.28998079419052525,0.06835868451222638,-0.4497099976052077,0.34954083614175957,0.48165007812934757,-0.4497099976052077
2024-06-12 12:15:00+00:00,-00+,True,True,True,2024-06-12 13:00:00+00:00,False,False,True,2024-06-13 00:00:00+00:00,True,2.6712542273195083,2.9245699161887906,0.0,1.7438759006028537,2.9245699161887906,0.0,0.2573592118806145,2.9245699161887906,-1.1174827231289486,-0.22859873548007892,2.9245699161887906,-1.5292162917218133
2024-06-13 00:45:00+00:00,-00+,False,False,False,,False,True,True,2024-06-13 08:00:00+00:00,False,-1.251397262872167,0.048777974893021714,-1.9903989491002805,-1.187545386347022,0.048777974893021714,-1.9903989491002805,-0.8495241183889779,0.17456456181339508,-1.9903989491002805,-2.3449283345738925,0.17456456181339508,-3.04147430368088
2024-06-17 00:15:00+00:00,-0++,False,False,False,,False,False,False,,False,-0.6131233381905243,0.24028778207036972,-0.808319709785077,-0.6700343908142781,0.24028778207036972,-0.8968846329521662,-1.5759522863966757,0.24028778207036972,-1.7936044800188733,-0.6148011581151969,0.8172181475999185,-2.4317752727992747
2024-06-21 22:00:00+00:00,-00+,False,False,False,,False,True,True,2024-06-22 04:00:00+00:00,False,-0.010475328963521768,0.11421537993410169,-0.3225372493812717,0.20144743481484984,0.3373928870333831,-0.3225372493812717,0.3079310243234934,0.6174208773617851,-0.3225372493812717,0.19471329476685728,0.6174208773617851,-0.3225372493812717
2024-06-25 04:45:00+00:00,-00+,False,False,False,,False,True,True,2024-06-25 12:00:00+00:00,False,-1.117966110201063,0.0794019742462515,-1.2165953222085801,-0.08815199685455744,0.3452918605073796,-1.2165953222085801,0.030535460647973522,1.242812801494897,-1.2165953222085801,0.5567588873425677,1.8193203432159688,-1.2165953222085801
2024-06-25 13:15:00+00:00,-0++,False,True,True,2024-06-25 15:00:00+00:00,False,False,False,,False,0.5534507452345405,1.4368561529255253,-0.3948648469068172,1.1568248667390257,1.9037654273925897,-0.3948648469068172,1.2311385386751805,1.9037654273925897,-0.3948648469068172,0.44096805638567105,2.0144686368387843,-0.3948648469068172
2024-06-25 23:45:00+00:00,-00+,False,False,True,2024-06-26 02:00:00+00:00,False,True,True,2024-06-26 04:00:00+00:00,True,0.35918837019248695,1.1031289675550893,-0.262967954087312,-0.3947836140854255,1.1031289675550893,-0.4078244170753087,-0.5836811015627719,1.1031289675550893,-1.0619841015461207,-1.5225380185519222,1.1031289675550893,-1.7700705805147487
2024-06-30 08:45:00+00:00,-00+,False,False,False,,False,False,False,,False,0.006481901604726836,0.2560919721729782,-0.08380985057349077,0.050523092708565365,0.4938429245170406,-0.34116896140604647,0.7050489464798027,1.3912695121077512,-0.34116896140604647,2.2222038108058007,3.6752219645165507,-0.34116896140604647
2024-06-30 17:15:00+00:00,-0++,True,True,True,2024-06-30 18:00:00+00:00,False,False,False,,False,0.7642678021564375,0.7709994431832401,-0.22283997254913812,1.7772341402294778,2.040609595404108,-0.22283997254913812,2.57294323689341,3.2697328104876355,-0.22283997254913812,2.4953351831321857,3.2697328104876355,-0.22283997254913812
2024-07-14 00:30:00+00:00,-0++,True,True,True,2024-07-14 01:00:00+00:00,False,False,False,,False,-0.16137216596542325,0.5748116554370686,-0.3630831714597438,0.8669825085749538,1.3926984347353732,-0.3630831714597438,0.4235241993538752,1.5194128144055297,-0.3630831714597438,2.540590537079712,3.2349732360203554,-0.3630831714597438
2024-07-15 05:15:00+00:00,-00+,False,False,False,,False,False,False,,False,0.41760980866616393,0.5515159156358029,-0.07757660071672223,-0.4869776669606307,0.8060825665597626,-0.7140649549021272,1.1795245592024939,1.5811950621943849,-0.7140649549021272,1.9270939346319516,3.5958436028951546,-0.7140649549021272
2024-07-15 16:15:00+00:00,-00+,True,True,True,2024-07-15 17:00:00+00:00,False,True,True,2024-07-16 00:00:00+00:00,True,0.20106644936137563,0.9447054610609351,-0.3630805809542337,1.5248751717732656,1.9251258405184934,-0.3630805809542337,2.117508724689543,2.801311803574902,-0.3630805809542337,1.9643521459319802,3.1272222967381413,-1.3438805698190226
2024-07-16 22:45:00+00:00,-0++,False,True,True,2024-07-17 00:00:00+00:00,False,False,False,,False,1.6300219818586204,2.3394955996045796,-1.547582273442316e-05,1.877341105085173,2.3394955996045796,-1.547582273442316e-05,0.7785886421079802,2.3394955996045796,-1.547582273442316e-05,-0.5381253083557747,2.3394955996045796,-1.1806814685689115
2024-07-19 06:00:00+00:00,-00+,False,False,False,,False,True,True,2024-07-19 12:00:00+00:00,False,-0.6272667017658273,0.051127181231036545,-1.551049318244735,-0.30261764025935056,0.051127181231036545,-1.551049318244735,3.518195951093639,3.76010685627457,-1.551049318244735,3.3849206022666944,4.623632992231874,-1.551049318244735
2024-07-24 00:00:00+00:00,-00+,False,False,True,2024-07-24 03:00:00+00:00,False,True,True,2024-07-24 08:00:00+00:00,True,-0.16957364341084746,0.10024527616279144,-0.864765019379854,-0.26645772771318743,0.10024527616279144,-0.864765019379854,0.5813953488372103,0.8357558139534982,-0.864765019379854,-0.9205274951550324,1.595824249030997,-1.418665213178294
2024-07-24 06:00:00+00:00,-0++,False,True,True,2024-07-24 08:00:00+00:00,True,True,True,2024-07-24 08:00:00+00:00,False,0.6512629567550832,0.907821091234351,-0.06477713371734195,0.850118282408574,1.1051583214175542,-0.06477713371734195,1.0930135576552313,1.867257428458613,-0.06477713371734195,-2.5868498623315084,1.867257428458613,-3.1455089953987936
2024-07-26 21:15:00+00:00,-00+,True,True,True,2024-07-26 22:00:00+00:00,False,False,False,,False,-0.002679393096860494,0.40363143151875835,-0.16791844869616934,-0.16757984407405058,0.40363143151875835,-0.4355191537593339,0.33592522903289623,0.5440640180620404,-0.4355191537593339,1.4341672380006276,2.170249520690448,-1.8782692828339442
2024-07-29 07:45:00+00:00,-0++,False,False,True,2024-07-29 11:00:00+00:00,False,False,False,,False,0.13230638989956134,0.3093141886270079,-0.22006958059060944,-0.36591008429550653,0.7938958701680265,-0.6328528603076533,-3.200091588986931,0.7938958701680265,-4.458649111343749,-3.704996015274986,0.7938958701680265,-5.272709516639407
2024-08-02 12:45:00+00:00,-00+,True,True,True,2024-08-02 13:00:00+00:00,False,False,False,,False,-2.2052092650279076,1.0455695031305057,-3.7212781050488863,-3.0036548129414253,1.0455695031305057,-3.7212781050488863,-5.727400302254571,1.0455695031305057,-6.080560096227982,-4.3846806279493,1.0455695031305057,-6.694321931961877
2024-08-03 05:45:00+00:00,-00+,True,True,True,2024-08-03 06:00:00+00:00,False,True,True,2024-08-03 12:00:00+00:00,True,-0.1042402995818481,0.34424747045864734,-0.3468571249808927,0.36533542408263564,0.4998866178050676,-0.38269529981769246,-1.8121538256805847,0.8173081364975854,-2.118504573946345,-1.4620386848054334,0.8173081364975854,-2.9889297158442796
2024-08-06 09:15:00+00:00,-0++,False,False,False,,False,True,True,2024-08-06 16:00:00+00:00,False,0.9630453948600959,0.9630635991887404,-0.4524685888859903,1.6816066557938436,3.0466036275037744,-1.019533426697261,2.6360049945396202,3.8392929147478494,-1.019533426697261,4.576586429874463,4.98254295902989,-1.019533426697261
2024-08-06 16:00:00+00:00,-0++,False,False,False,,False,False,True,2024-08-07 04:00:00+00:00,False,-0.49021336624933687,0.5836536766002487,-0.7784870393228727,0.0387938635161289,0.5836536766002487,-1.0920648915535125,0.34619996473286285,1.0192029624404908,-2.0315993651913278,-1.0359724916240487,1.8092928936695563,-2.0315993651913278
2024-08-08 05:15:00+00:00,-00+,False,True,True,2024-08-08 07:00:00+00:00,False,False,False,,False,0.4477116278645221,0.8116451712895767,-0.3117148547162052,0.9798683351839532,1.0286818388139718,-0.3117148547162052,4.923142866470753,5.074533182475438,-0.47732269605001987,6.821006972906307,10.133409534588434,-0.47732269605001987
2024-08-10 21:00:00+00:00,-00+,True,True,True,2024-08-10 22:00:00+00:00,False,False,True,2024-08-11 08:00:00+00:00,True,0.09242369402668871,0.09432090664520665,-0.6295801942778456,-0.002142541836414047,0.16626778861714708,-0.6295801942778456,0.24065160748698577,0.46553672390305945,-0.6295801942778456,-4.1794939774130295,1.1704984092035797,-4.670414097729014
2024-08-12 09:30:00+00:00,-00+,False,True,True,2024-08-12 11:00:00+00:00,True,True,True,2024-08-12 12:00:00+00:00,True,2.0087884494664143,2.7797651844724713,-0.41422010049424474,2.7096919656685703,4.015195437462471,-0.9723215925569462,1.1344836991532325,4.015195437462471,-0.9723215925569462,0.7476761047925384,4.015195437462471,-0.9723215925569462
2024-08-21 04:15:00+00:00,-00+,True,True,True,2024-08-21 05:00:00+00:00,False,False,True,2024-08-21 16:00:00+00:00,True,0.601675143963476,0.6885099902209646,-0.06468791536029528,-0.00426421120014453,0.9996625711137241,-0.4131734124914743,0.4475904847076606,1.4679673465920695,-0.8107394748986252,2.1725060516404326,4.196641149941471,-0.8107394748986252
2024-08-28 20:45:00+00:00,-0++,True,True,True,2024-08-28 21:00:00+00:00,False,True,True,2024-08-29 04:00:00+00:00,True,-0.46720723172254397,0.2897726784170551,-0.7880697349491372,-0.29506671583040545,0.2897726784170551,-0.7880697349491372,0.40457236232593896,0.7620547676600475,-0.7880697349491372,0.3658449612481407,3.127494751906057,-0.7880697349491372
2024-09-04 06:15:00+00:00,-00+,False,True,True,2024-09-04 08:00:00+00:00,False,False,True,2024-09-04 16:00:00+00:00,True,0.4258519517078563,0.7324037598307465,-0.4426672538452192,0.2388303913044565,0.7324037598307465,-0.4426672538452192,2.4812836837052155,3.580491134264685,-0.5461433131030535,0.6298304167929203,3.580491134264685,-0.5461433131030535
2024-09-06 05:45:00+00:00,-0++,False,False,False,,False,True,True,2024-09-06 12:00:00+00:00,False,-1.2532967635027203,0.04777751362561311,-2.14372162933536,-0.8707934235907766,0.04777751362561311,-2.14372162933536,-4.5246314413567745,0.9151721663323009,-5.05953071116979,-4.082065447227801,0.9151721663323009,-6.976348980129766
2024-09-07 06:30:00+00:00,-00+,False,False,True,2024-09-07 09:00:00+00:00,True,True,True,2024-09-07 08:00:00+00:00,False,-0.09235999792829297,0.30281029853604924,-0.1600955781291602,0.4034644491420103,0.5293328238880513,-0.1600955781291602,0.1933827775421726,1.0965054154365994,-0.4701678681207522,0.12205306451431586,1.0965054154365994,-0.8129744140134898
2024-09-17 01:30:00+00:00,-00+,True,True,True,2024-09-17 02:00:00+00:00,False,True,True,2024-09-17 08:00:00+00:00,True,0.5848523517074655,0.58486961213573,-0.1705675522244432,1.2723352099446306,1.4552094475299482,-0.1705675522244432,1.8261533116116668,2.605927679841158,-0.1705675522244432,4.0068185595862005,5.840946189061413,-0.1705675522244432
2024-09-17 12:15:00+00:00,-00+,True,True,True,2024-09-17 13:00:00+00:00,False,False,True,2024-09-18 00:00:00+00:00,True,3.3146365531429023,3.595062914741365,-0.5405966109277349,3.057051112134901,3.595062914741365,-0.5405966109277349,1.500185582479796,3.595062914741365,-0.5405966109277349,1.1135286671292155,3.595062914741365,-0.5405966109277349
2024-09-17 18:15:00+00:00,-00+,False,False,False,,False,True,True,2024-09-18 00:00:00+00:00,False,-1.1139718767755769,0.06304758863464599,-2.2676148831652476,-1.510683172916616,0.06304758863464599,-2.2676148831652476,-1.1500529330898956,0.06304758863464599,-2.2676148831652476,-0.7893735141768499,0.06304758863464599,-2.994580136829328
2024-09-22 20:00:00+00:00,-0++,False,False,True,2024-09-22 23:00:00+00:00,True,True,True,2024-09-23 00:00:00+00:00,True,0.5311246136898262,1.1665930837774896,-1.4290729709893646,0.8940281518175386,1.1665930837774896,-1.4290729709893646,0.23461165227336434,2.3456264970482366,-1.4290729709893646,0.21077427377798053,2.3456264970482366,-1.4290729709893646
2024-09-26 05:15:00+00:00,-00+,True,True,True,2024-09-26 06:00:00+00:00,True,True,True,2024-09-26 08:00:00+00:00,True,0.4028735723528687,0.5454317416409671,-1.5736634195739896e-05,1.2400467755715239,1.5012906400545534,-1.5736634195739896e-05,2.8985306547273826,3.60842596047366,-1.5736634195739896e-05,2.599707707756238,3.60842596047366,-1.5736634195739896e-05
2024-09-28 04:15:00+00:00,-00+,False,False,False,,False,False,False,,False,-0.45417821103753697,1.5132716191246232e-05,-0.520550304250833,-0.6302927620672527,1.5132716191246232e-05,-0.9518327156915252,-0.6277958638957415,1.5132716191246232e-05,-0.998396083410924,-0.5084592640142938,1.5132716191246232e-05,-0.998396083410924
2024-10-03 06:00:00+00:00,-0++,False,False,False,,False,False,False,,False,-1.3496858989409999,0.2932992318345651,-1.8255644332514476,-1.0941695776706672,0.2932992318345651,-1.8255644332514476,-1.003533045025018,0.2932992318345651,-2.312872542927036,-0.2006543595176158,0.2932992318345651,-2.312872542927036
2024-10-04 04:00:00+00:00,-0++,False,True,True,2024-10-04 06:00:00+00:00,False,False,False,,False,0.2976079246715502,0.5529088404437221,-0.1143813669507665,0.4877517848935309,1.0487909145329377,-0.1143813669507665,1.2155929767414753,1.635958433240825,-0.413841555088279,1.3444646171781205,2.4233671068169205,-0.413841555088279
2024-10-11 06:15:00+00:00,-00+,True,True,True,2024-10-11 07:00:00+00:00,False,False,False,,False,0.15540004026999288,0.42311484637556074,-0.14746457894886378,0.8770989665625617,0.926720295238681,-0.14746457894886378,3.295208545405237,3.6770820419687045,-0.14746457894886378,3.2093014143395715,4.408214618338047,-0.14746457894886378
2024-10-18 17:00:00+00:00,-00+,False,True,True,2024-10-18 19:00:00+00:00,False,False,False,,False,-0.3180340232371126,0.18877598210773616,-0.46462907864515124,-0.7782199474691498,0.18877598210773616,-0.9668797686771868,-0.6605199158588704,0.18877598210773616,-0.9668797686771868,-1.1369102855975477,0.18877598210773616,-1.2487151515485961
2024-10-26 13:15:00+00:00,-0++,False,False,True,2024-10-26 17:00:00+00:00,False,True,True,2024-10-26 20:00:00+00:00,True,-0.16030001793703175,0.07456612312370936,-0.48307694922720135,0.08018728457495072,0.1431532389743584,-0.48307694922720135,-0.12861575246255752,0.5763703370266438,-0.48307694922720135,0.8890381238501277,1.0571361986545291,-0.48307694922720135
2024-10-27 05:30:00+00:00,-00+,True,True,True,2024-10-27 06:00:00+00:00,False,False,True,2024-10-27 16:00:00+00:00,True,-0.059481664457072814,0.07810873896936243,-0.12793467550431536,-0.09642337852582283,0.07810873896936243,-0.2635463242101843,0.9462613363676153,1.1694142841393473,-0.2635463242101843,0.8147708535083176,1.663433460801822,-0.2635463242101843
2024-11-02 09:15:00+00:00,-0++,False,False,False,,False,False,False,,False,-0.16913836494600876,0.07833776902763656,-0.3291449811564262,-0.429479352484341,0.09256664166443773,-0.9289400624175048,-0.2600538256283924,0.09256664166443773,-0.9289400624175048,-1.7877408283357599,0.09256664166443773,-2.55999099460249
2024-11-03 17:30:00+00:00,-0++,False,False,True,2024-11-03 20:00:00+00:00,True,True,True,2024-11-03 20:00:00+00:00,False,0.5459388281324085,0.7618675665329588,-1.0945963149896265,0.556711147918576,1.3767375481410937,-1.0945963149896265,0.6400687323698362,1.5842910636956864,-1.0945963149896265,-0.8858881002992036,1.5842910636956864,-1.7022165399981137
2024-11-04 12:00:00+00:00,-00+,True,True,True,2024-11-04 13:00:00+00:00,False,False,False,,False,-0.9548920970624319,0.5062421244292459,-1.0340903748408792,-1.7813663197497664,0.5062421244292459,-2.4147493950574916,-1.4302123581816817,0.5062421244292459,-3.0191114818058695,-0.17221054611115116,0.5062421244292459,-3.0191114818058695
2024-11-08 22:00:00+00:00,-00+,False,False,False,,False,False,False,,False,-0.008220863899077724,0.16624704101178,-0.27761426085938234,-0.21957156360047358,0.16624704101178,-0.4922585340147667,0.09065168840076687,0.3699388754590194,-0.4922585340147667,-0.16385527933684418,0.3699388754590194,-1.0429387876303764
2024-11-11 06:15:00+00:00,-0++,False,False,True,2024-11-11 09:00:00+00:00,False,True,True,2024-11-11 12:00:00+00:00,True,0.36210413240382877,0.4907708883419293,-0.43575305748462245,1.2540045755304208,1.6895233571776913,-0.43575305748462245,4.4759385151696085,4.667045946917048,-0.43575305748462245,9.162749944575266,10.39390646080971,-0.43575305748462245
2024-11-12 08:30:00+00:00,-00+,False,False,False,,False,False,False,,False,-1.9187293821951834,0.28051435111420275,-4.368169475550365,-3.1162900293979057,0.28051435111420275,-4.544332488050085,0.5632728170373191,0.7207872354749734,-4.544332488050085,-2.170047799645436,0.8470860169206285,-4.544332488050085
2024-11-15 05:15:00+00:00,-0++,False,True,True,2024-11-15 07:00:00+00:00,False,True,True,2024-11-15 12:00:00+00:00,True,-0.16900638103920507,0.7201344576116764,-0.4466727438468543,1.774475843208756,2.0268117593436497,-0.4466727438468543,2.051219234275292,3.361144029170471,-0.4466727438468543,4.324669553327265,4.660437556973562,-0.4466727438468543
2024-11-15 13:30:00+00:00,-0++,False,False,False,,False,True,True,2024-11-15 20:00:00+00:00,False,-0.9286118197794124,0.6009665363527539,-2.4319398615415433,0.7151515124561802,0.7207106641651917,-2.4319398615415433,1.5134790527828068,2.121616894840206,-2.4319398615415433,1.0742615945559475,2.121616894840206,-2.4319398615415433
2024-11-19 08:45:00+00:00,-0++,False,False,True,2024-11-19 11:00:00+00:00,False,False,False,,False,-0.14051929489974357,0.18414488664808548,-0.6330177959509964,0.0468615559714447,1.0971879906721327,-0.8772949605359459,0.7376364103285349,2.3147712832471967,-0.8772949605359459,1.5460826909799108,2.3147712832471967,-0.8772949605359459
2024-11-19 14:30:00+00:00,-0++,False,False,True,2024-11-19 17:00:00+00:00,False,False,False,,False,0.8612064654422991,1.4155428846567286,-0.5045560757952927,1.09012210320103,2.111151960424529,-0.5045560757952927,-0.06960331547090082,2.111151960424529,-0.7002848179412768,2.44627218843545,3.005382214194463,-0.7002848179412768
2024-11-21 05:15:00+00:00,-0++,False,False,False,,False,True,True,2024-11-21 12:00:00+00:00,False,-0.7955196620987093,0.19976054948283029,-0.9880713010404163,0.3717811292840434,0.7454054459223203,-0.9880713010404163,-0.04349922156053898,0.7454054459223203,-2.1062716292916006,1.3194456675471589,1.6824921367579515,-2.1062716292916006
2024-11-22 04:15:00+00:00,-0++,False,False,True,2024-11-22 08:00:00+00:00,False,False,False,,False,0.36590098553661576,0.3910549715229861,-0.3578399775626684,-0.5059824917334144,0.5552487023243735,-0.6216180051159537,-0.36681126247217755,0.5552487023243735,-1.7688703695855734,-0.3179597335963291,0.7251872920080338,-1.7688703695855734
2024-11-25 08:00:00+00:00,-00+,True,True,True,2024-11-25 09:00:00+00:00,False,False,False,,False,0.14389866405997154,0.6759123492994457,-0.13033561420657813,-0.672063375692411,0.6759123492994457,-1.0037675138481528,-3.2853637178233974,0.6759123492994457,-3.8774845226458132,-5.068813131313132,0.6759123492994457,-5.710135630498536
2024-11-29 05:15:00+00:00,-00+,False,False,False,,False,True,True,2024-11-29 12:00:00+00:00,False,-0.6472298661252651,0.03228270443225156,-0.8918589529871013,0.5346343449824653,0.5511903754828795,-0.8918589529871013,0.6009414026409976,2.238920625600249,-0.8918589529871013,0.3645747805937072,2.238920625600249,-0.8918589529871013
2024-12-06 17:30:00+00:00,-0++,False,True,True,2024-12-06 19:00:00+00:00,False,False,False,,False,1.1875372630072656,1.2550081481776054,-0.4872709567152911,-0.7873723120950804,1.2550081481776054,-1.572965936642956,-1.5823959616837024,1.2550081481776054,-1.6008088556778932,-1.0785603561349832,1.2550081481776054,-1.7806749075877426
2024-12-08 06:15:00+00:00,-0++,False,False,False,,False,False,False,,False,-0.46517228066450533,0.11565145322727233,-0.862162736311789,0.028060715809896664,0.11565145322727233,-1.0930445816502266,-0.0882123038268845,0.7539099284105788,-1.0930445816502266,-0.7602960220050581,1.6070599517844952,-1.3191343504766473
2024-12-13 13:45:00+00:00,-0++,False,True,True,2024-12-13 15:00:00+00:00,False,True,True,2024-12-13 20:00:00+00:00,True,0.7016648160954153,1.0878167929492477,-0.582693112135646,1.1746498830575103,1.6063423654837372,-0.582693112135646,1.8556534494165833,2.3589423474350557,-0.582693112135646,0.8831886530650035,2.3589423474350557,-0.582693112135646
2024-12-17 12:30:00+00:00,-0++,False,False,True,2024-12-17 15:00:00+00:00,False,False,False,,False,-0.43171890593193263,1.2950164886145643,-1.160873253854544,0.25936789359410906,1.2950164886145643,-1.160873253854544,-0.9347583734349851,1.2950164886145643,-1.5390246125584484,-1.9055369492206764,1.2950164886145643,-3.580452986998406
2024-12-20 21:30:00+00:00,-0++,False,True,True,2024-12-20 23:00:00+00:00,False,False,True,2024-12-21 08:00:00+00:00,True,0.9119079835512967,1.4600215644103187,-0.1540729922616113,0.8911422550937909,1.4600215644103187,-0.1540729922616113,2.0561079195530185,3.2484154722310254,-0.1540729922616113,0.576108936057218,3.2484154722310254,-0.1540729922616113
2024-12-21 02:30:00+00:00,-0++,False,False,True,2024-12-21 06:00:00+00:00,False,True,True,2024-12-21 08:00:00+00:00,True,0.3717662283929002,0.3814947862515794,-0.31149837628421384,0.9421734110825142,2.0428433796497503,-0.31149837628421384,-0.18437103592021664,2.0428433796497503,-1.178365163520756,-0.8502903087776681,2.0428433796497503,-1.178365163520756
2024-12-24 18:00:00+00:00,-00+,False,False,False,,False,True,True,2024-12-25 00:00:00+00:00,False,-1.3469590194371106,0.16986631397248875,-2.0834625462447964,-0.570312229408021,0.16986631397248875,-2.0834625462447964,-1.0010946515117691,0.16986631397248875,-2.0834625462447964,-0.5737254639783806,0.16986631397248875,-2.0834625462447964
2024-12-25 17:15:00+00:00,-00+,False,True,True,2024-12-25 19:00:00+00:00,False,False,False,,False,0.8524365482233343,0.9137055837563413,-0.0662030456852869,0.6472893401015201,1.0710659898477193,-0.11714720812182611,-0.23112690355330257,1.4859898477157296,-0.42986802030456905,-2.5916751269035587,1.4859898477157296,-3.351126903553303
2024-12-26 21:15:00+00:00,-00+,True,True,True,2024-12-26 22:00:00+00:00,False,True,True,2024-12-27 04:00:00+00:00,True,-0.03559386026799061,0.22664975401278653,-0.39116691567399053,0.509771339735976,0.7277837338773852,-0.39116691567399053,1.1717252316916893,1.877586573344181,-1.149719285804185,-1.0959107270892,1.877586573344181,-2.346646390977891
2024-12-29 02:00:00+00:00,-0++,False,False,False,,False,True,True,2024-12-29 08:00:00+00:00,False,0.10335245513395375,0.2936582285143041,-0.02807220672595978,0.17032787748014755,0.32682490395241626,-0.03532445660754391,-0.03474553970843619,0.32682490395241626,-0.21577811694121207,-1.4500605231303698,0.32682490395241626,-2.1003947160675662
2024-12-29 09:15:00+00:00,-00+,False,False,False,,False,False,False,,False,-0.1927330854260889,0.10022750803844183,-0.1927330854260889,-0.5601183819245903,0.10022750803844183,-1.2328298669569082,-1.3775398979549491,0.10022750803844183,-1.9314807353589258,-1.3458221991323072,0.10022750803844183,-2.2839369659326203
2025-01-02 04:15:00+00:00,-00+,True,True,True,2025-01-02 05:00:00+00:00,False,False,False,,False,0.6298156595065718,0.8680112652757144,-1.0507084513555753e-05,1.601353228427782,1.71737245555188,-1.0507084513555753e-05,2.325501492636417,2.3819875789449885,-1.0507084513555753e-05,1.834936224098449,2.8007894603014893,-1.0507084513555753e-05
2025-01-05 21:30:00+00:00,-00+,False,False,False,,True,True,True,2025-01-06 00:00:00+00:00,False,-0.001117549437579246,0.4136964827163414,-0.13171844053087023,0.7011606766863521,0.9177620767726102,-0.5177809735176231,0.6351947812473169,1.4856803818768194,-0.5177809735176231,3.392707380347293,4.114969422323456,-0.5177809735176231
2025-01-06 01:45:00+00:00,-0++,False,True,True,2025-01-06 03:00:00+00:00,True,True,True,2025-01-06 04:00:00+00:00,True,0.7155367340617502,0.7507637498515463,-0.11083498558061011,0.566295289472607,1.1467968172760967,-0.11083498558061011,0.7422886098066739,1.1467968172760967,-0.11083498558061011,3.195877092445776,4.0147558567318775,-0.11083498558061011
2025-01-06 19:30:00+00:00,-00+,False,True,True,2025-01-06 21:00:00+00:00,False,True,True,2025-01-07 00:00:00+00:00,True,-0.033585015083847924,0.3138914719745367,-0.4016575665588107,-0.035280930906822494,0.7005210676858775,-0.4016575665588107,-0.25592644156274824,0.7005210676858775,-0.48708074853214267,-5.217284068253059,0.7005210676858775,-5.574083190847001
2025-01-15 05:45:00+00:00,-00+,False,False,False,,False,False,True,2025-01-15 16:00:00+00:00,False,0.1775636950109183,0.5877977701116421,-0.18393286115619967,-0.2759868935340415,0.5877977701116421,-0.5245492707047106,1.6651350093172201,2.854798367968159,-0.5245492707047106,2.4241376143886217,3.954128811953672,-0.5245492707047106
2025-01-18 17:15:00+00:00,-0++,False,False,True,2025-01-18 20:00:00+00:00,False,False,True,2025-01-19 04:00:00+00:00,True,0.02533333256331538,0.5710202460682767,-0.11435612621005786,0.5488728303280732,0.8231985565390509,-0.12445288375523278,0.8127360441924303,1.5051868843408256,-0.12445288375523278,0.6364711052744276,1.7438226420317227,-0.42740373574254864
2025-01-19 01:15:00+00:00,-00+,True,True,True,2025-01-19 02:00:00+00:00,True,True,True,2025-01-19 04:00:00+00:00,True,0.6145077501858109,1.0038750929026286,-9.577589965559241e-06,0.8132044317424425,1.1726609609770788,-0.20995034977357996,0.6153314229233819,1.1726609609770788,-0.9191708871913118,-3.9176174020978727,1.9270398351122209,-4.655091829932645
2025-01-19 05:45:00+00:00,-00+,False,False,False,,False,False,False,,False,-0.6547781452430068,0.4930338257012279,-0.771676992350967,-0.7166237999507663,0.4930338257012279,-1.5847461464667978,-0.0006849541822728789,0.5612438463525882,-1.5847461464667978,-2.6373780258326707,1.2423451613504666,-5.295571048204417
2025-01-20 08:30:00+00:00,-00+,True,True,True,2025-01-20 09:00:00+00:00,True,True,True,2025-01-20 12:00:00+00:00,True,-0.07815891993410151,0.8916529248705007,-0.628496027052472,-0.45694186386341373,0.8916529248705007,-2.5457872767183476,-4.034622766097684,0.8916529248705007,-7.294964963386164,-5.594373223025684,0.8916529248705007,-7.492658337414992
2025-01-21 21:30:00+00:00,-0++,False,False,False,,False,False,False,,False,-0.5394877950263721,0.2889868400618889,-1.0201998787304989,-0.7708725601742183,0.2889868400618889,-1.0201998787304989,-1.243359799929722,0.2889868400618889,-1.6962144498490206,-2.3368509250790037,0.2889868400618889,-2.973957101993141
2025-01-23 17:45:00+00:00,-00+,True,True,True,2025-01-23 18:00:00+00:00,False,True,True,2025-01-24 00:00:00+00:00,True,-2.495379399058495,0.4656474439471925,-3.1800723096434225,-1.904542887616456,0.4656474439471925,-3.523230638837138,-0.6661425359806517,0.4656474439471925,-3.523230638837138,0.5009828394402449,0.7289966805686054,-3.523230638837138
2025-01-28 17:00:00+00:00,-0++,False,False,True,2025-01-28 20:00:00+00:00,False,False,False,,False,-0.6249375217763808,0.06997561044257417,-1.1799285491755795,-1.7531365281421296,0.06997561044257417,-2.6818031385177465,-0.8075825998511088,0.06997561044257417,-2.6818031385177465,-0.7200402966344721,0.06997561044257417,-2.6818031385177465
2025-01-30 00:45:00+00:00,-0++,True,True,True,2025-01-30 01:00:00+00:00,False,False,True,2025-01-30 12:00:00+00:00,True,1.1246799359083681,1.224654903714506,-0.09712952641472983,1.1135000428738717,1.5090163962792502,-0.09712952641472983,0.9554915288518151,1.5090163962792502,-0.09712952641472983,0.8386842371390868,2.3372993915754314,-0.09712952641472983
2025-02-18 12:00:00+00:00,-00+,True,True,True,2025-02-18 13:00:00+00:00,False,False,True,2025-02-19 00:00:00+00:00,True,-0.2446967753463536,0.9825966267852815,-0.4628416805079527,-1.8382055945542097,0.9825966267852815,-2.1526845255825933,-0.238444978868102,0.9825966267852815,-2.5303285188586266,0.59958798678168,0.9825966267852815,-2.5303285188586266
2025-02-19 12:15:00+00:00,-0++,False,False,False,,False,True,True,2025-02-19 20:00:00+00:00,False,-0.45891180786427066,0.2728936652106828,-0.9337407710311552,-0.4330503190534074,0.2728936652106828,-0.9337407710311552,0.0784762419088203,0.48027294136483434,-1.0674552450552377,1.0164788701577887,1.101788600890341,-1.0674552450552377
2025-02-20 20:30:00+00:00,-0++,False,False,False,,False,False,False,,False,-0.21498397760921772,0.029925364053040582,-0.6206141240416962,-0.44418529185089595,0.029925364053040582,-0.6206141240416962,-0.40784083073053257,0.029925364053040582,-0.6206141240416962,-3.299953352533158,0.8751470409280815,-3.5224009248367327
2025-02-22 08:45:00+00:00,-0++,False,True,True,2025-02-22 10:00:00+00:00,True,True,True,2025-02-22 12:00:00+00:00,True,0.37435122500772966,0.4071199482850618,-0.07150295469331436,0.32851866247902706,0.7900660778758617,-0.07150295469331436,0.3722830436147184,0.7900660778758617,-0.07150295469331436,0.1501977763412654,0.7900660778758617,-0.07878835748982294
2025-02-25 05:45:00+00:00,-00+,False,False,False,,False,False,False,,False,-2.8997503430529314,0.0631799556730206,-4.203677318884669,-3.074768704014774,0.0631799556730206,-5.628566159308191,-5.22464672119164,0.0631799556730206,-6.537773185153862,-3.9608195212486375,0.0631799556730206,-6.537773185153862
2025-02-28 21:00:00+00:00,-00+,False,False,False,,False,True,True,2025-03-01 04:00:00+00:00,False,0.13259171677253434,0.20304513211673036,-0.6355731944417187,0.7219698339038239,1.4847926989983273,-0.7104565992510747,1.0978437796196117,2.527012867579548,-0.7104565992510747,1.0937572920113992,2.527012867579548,-0.7104565992510747
2025-03-01 04:00:00+00:00,-0++,False,False,False,,False,False,False,,False,-1.0325102344015735,0.781493780185083,-1.231784162409122,-0.7997736555559243,0.781493780185083,-1.3350712798707254,-1.0890381292585127,0.781493780185083,-1.8075070907287327,-0.14034752721024946,0.781493780185083,-1.8075070907287327
2025-03-02 09:00:00+00:00,-0++,False,False,True,2025-03-02 12:00:00+00:00,False,True,True,2025-03-02 16:00:00+00:00,True,-0.051712101493606166,0.4195668342806602,-0.0786513111230569,-0.7716749992254801,0.4195668342806602,-0.9426743402455862,9.527162713059113,10.645262204813012,-0.9426743402455862,6.74402672816834,10.645262204813012,-0.9426743402455862
2025-03-08 18:00:00+00:00,-0++,False,False,True,2025-03-08 21:00:00+00:00,False,True,True,2025-03-09 00:00:00+00:00,True,0.33610190114208294,0.50407732841804,-0.30925046499111764,0.2972480705540903,0.50407732841804,-0.30925046499111764,-0.22346762072340542,0.50407732841804,-0.30925046499111764,-4.09818446646163,0.50407732841804,-4.465355489311951
2025-03-11 15:00:00+00:00,-0++,False,False,True,2025-03-11 19:00:00+00:00,False,True,True,2025-03-11 20:00:00+00:00,True,1.4873128793750912,1.5257736223322604,-0.7580361284756032,2.2632620619488897,2.944536752416238,-0.7580361284756032,1.5457919219636018,3.1487332577578853,-0.7580361284756032,-0.3646629982045013,4.080199759484948,-0.7608800566520357
2025-03-11 21:00:00+00:00,-00+,False,False,False,,False,False,False,,False,-0.3402194668378211,0.2923527789345126,-0.6182098316202533,-0.7015912904779653,0.8658741936792502,-1.0197193658915915,-0.6080730732664907,0.8658741936792502,-2.128514592899,0.2695029364696122,1.7767257379638357,-2.9572126466775095
2025-03-17 13:00:00+00:00,-0++,False,False,True,2025-03-17 16:00:00+00:00,False,True,True,2025-03-17 20:00:00+00:00,True,0.7017204609862882,0.8697908812417054,-0.8413382042007478,1.5953942740129845,1.7721953128363443,-0.8413382042007478,0.5199768818992645,1.925558368754876,-0.8413382042007478,-1.004874956136459,1.925558368754876,-1.0954641430128254
2025-03-19 07:15:00+00:00,-00+,False,False,True,2025-03-19 10:00:00+00:00,False,False,False,,False,0.2867106842737055,0.4358343337334869,-0.20648259303721606,0.758691476590645,1.252773109243699,-0.20648259303721606,2.0492677070828247,3.1812725090035965,-0.20648259303721606,3.0578631452581106,4.986398559423777,-0.20648259303721606
2025-03-19 13:00:00+00:00,-00+,True,True,True,2025-03-19 14:00:00+00:00,False,False,True,2025-03-20 00:00:00+00:00,True,0.7086241641531377,1.163243830732008,-0.3437772234927361,2.117685334261288,2.428856932091872,-0.3975359871484119,2.84597297880278,4.220819693035205,-0.3975359871484119,1.664483821722551,4.220819693035205,-0.3975359871484119
2025-03-21 20:15:00+00:00,-00+,True,True,True,2025-03-21 21:00:00+00:00,False,True,True,2025-03-22 04:00:00+00:00,True,0.04488000485189936,0.5863892525826309,-0.018349191172872814,0.1060756871433366,0.5863892525826309,-0.12048866167444494,0.12974055456655975,0.5863892525826309,-0.12048866167444494,0.0869416310207205,0.5863892525826309,-0.13732758241379317
2025-03-25 17:00:00+00:00,-00+,False,False,True,2025-03-25 20:00:00+00:00,False,False,False,,False,0.20187764577512812,0.38286005954064617,-0.6953928677759347,-1.090610932140501,0.38286005954064617,-1.2123202732275629,-1.065498105823981,0.38286005954064617,-1.3280660266656308,-1.6714598341034281,0.38286005954064617,-2.05283466554137
2025-03-29 02:00:00+00:00,-00+,False,True,True,2025-03-29 04:00:00+00:00,False,False,False,,False,-0.3606379790717429,0.011802051163312122,-0.8086537947682548,-0.7229467304467163,0.011802051163312122,-0.8641210653460352,-1.9561781308702897,0.011802051163312122,-2.826223920695903,-1.4643904507186778,0.011802051163312122,-3.2553991125473747
2025-04-01 13:30:00+00:00,-0++,False,True,True,2025-04-01 15:00:00+00:00,False,False,True,2025-04-02 00:00:00+00:00,True,1.445477461020439,2.1081929776183728,-1.4214848950137138,1.5039959146953885,2.1081929776183728,-1.4214848950137138,1.713432266143844,2.20362582727478,-1.4214848950137138,2.0730819054133764,2.20362582727478,-1.4214848950137138
2025-04-20 23:00:00+00:00,-00+,False,True,True,2025-04-21 01:00:00+00:00,True,True,True,2025-04-21 00:00:00+00:00,False,2.544339472111612,2.7516286926256406,-0.13815364781794015,2.648230827274567,2.9748740837245435,-0.13815364781794015,2.3977259989467647,3.157300817524611,-0.13815364781794015,2.4932632765796603,3.945392297376027,-0.13815364781794015
2025-04-22 09:15:00+00:00,-00+,True,True,True,2025-04-22 10:00:00+00:00,False,False,True,2025-04-22 20:00:00+00:00,True,0.29626506980833245,0.3053016740422354,-0.3247529646556946,2.7105633272234586,3.2877764226636685,-0.3247529646556946,3.2605988354302173,3.8541342972679082,-0.3247529646556946,6.346644364327414,6.76950096369735,-0.3247529646556946
2025-04-25 14:00:00+00:00,-0++,True,True,True,2025-04-25 15:00:00+00:00,True,True,True,2025-04-25 16:00:00+00:00,True,0.16550977019715862,0.4811462304475711,-0.7822390692250214,-0.25953963456895046,0.4811462304475711,-0.9749892732921595,-0.5528569874073797,0.4811462304475711,-0.9749892732921595,-1.3323783091854335,0.4811462304475711,-1.4992941726562847
2025-04-27 00:15:00+00:00,-00+,True,True,True,2025-04-27 01:00:00+00:00,False,False,False,,False,-0.7808151470850455,0.44182438473339136,-0.9561820711201263,-0.9870721791133352,0.44182438473339136,-1.3633459221318645,-1.2302646385989102,0.44182438473339136,-1.3633459221318645,-1.4338781598510986,0.44182438473339136,-1.7498882827069573
2025-04-28 21:45:00+00:00,-00+,True,True,True,2025-04-28 22:00:00+00:00,False,False,True,2025-04-29 08:00:00+00:00,True,0.5450028170289167,0.7229087433872294,-0.07400319640503694,0.11506085089185714,0.964103954765938,-0.11239559356814866,0.46463261701721326,0.964103954765938,-0.37014289904058195,0.19639350493712016,0.964103954765938,-0.37014289904058195
2025-04-30 13:15:00+00:00,-00+,False,False,False,,False,False,False,,False,-0.8630509726590185,0.01452203467562363,-1.7303538447642097,-0.7912340641029969,0.01452203467562363,-1.7303538447642097,0.09243121706496993,0.2518562925679202,-1.7303538447642097,2.2169319097438134,2.315180402170469,-1.7303538447642097
2025-05-01 05:00:00+00:00,-00+,True,True,True,2025-05-01 06:00:00+00:00,False,False,False,,False,0.05298683258254666,0.22429899062821335,-0.1758400471574495,1.2593849715569538,1.505070340757353,-0.1758400471574495,2.2486866225832625,2.587246368448648,-0.1758400471574495,2.09063170265793,2.587246368448648,-0.1758400471574495
2025-05-05 09:15:00+00:00,-00+,False,False,False,,False,False,False,,False,-0.29822648575486,0.04494431904125129,-0.758884615608213,-0.7904999632686982,0.04494431904125129,-1.0438455509405031,0.02117202987761413,0.3108155459566886,-1.0488663767976525,-0.44126188680521095,0.626863320964488,-1.0488663767976525
2025-05-11 01:00:00+00:00,-00+,False,False,False,,False,False,False,,False,-0.150910987877928,0.0075986634773927975,-0.9819023569829111,-0.7494732135628235,0.0075986634773927975,-0.9819023569829111,0.10147182474917749,0.3789187427255314,-1.0976910590144384,0.24493727083187977,0.5688087688193733,-1.0976910590144384
2025-05-11 21:45:00+00:00,-00+,False,False,True,2025-05-12 01:00:00+00:00,False,False,False,,False,0.22837784741587264,0.27454024475557226,-0.7467536823544063,-0.23849773356715565,0.7066862164467391,-0.7467536823544063,0.1057413104102567,1.4091653968892892,-0.7467536823544063,-1.7622593412490728,1.4091653968892892,-3.4793146077106707
2025-05-16 17:15:00+00:00,-0++,False,False,False,,False,False,False,,False,-0.3771149721635281,0.033901315428574996,-0.6581170777852585,-0.6273805244758845,0.033901315428574996,-0.8398511449342227,-0.6997672653117903,0.033901315428574996,-1.5926809217782112,-1.0007745036022753,0.033901315428574996,-1.5926809217782112
2025-05-18 04:00:00+00:00,-0++,True,True,True,2025-05-18 05:00:00+00:00,False,False,True,2025-05-18 16:00:00+00:00,True,0.2144662499759198,0.3653166760286597,0.0,0.592666775919648,0.7555782665810806,0.0,2.052268549767322,2.29641314973541,0.0,0.3508743739450759,3.679292613720775,-0.3717440812455064
2025-05-20 17:00:00+00:00,-0++,True,True,True,2025-05-20 18:00:00+00:00,True,True,True,2025-05-20 20:00:00+00:00,True,0.4877673630346635,1.0692447946756944,-0.8330139921393975,0.7384368485745973,1.146178847781787,-0.8330139921393975,1.2499733751439424,1.5043185045294338,-0.8330139921393975,2.7786171021487727,3.5259226195917925,-0.8330139921393975
2025-05-25 21:00:00+00:00,-0++,False,True,True,2025-05-25 23:00:00+00:00,False,False,False,,False,0.9846578529040917,1.328563133958327,-0.6405208047583821,1.3439710102013613,1.8337412279632481,-0.6405208047583821,1.8170169146404458,2.188993825817387,-0.6405208047583821,1.3804696917710801,2.368947066343141,-0.6405208047583821
2025-05-29 00:45:00+00:00,-00+,False,False,True,2025-05-29 03:00:00+00:00,True,True,True,2025-05-29 04:00:00+00:00,True,-0.22204302485323568,0.18404156722258147,-0.4363195306621437,-0.3415606104317792,0.18404156722258147,-1.2349873463919359,0.13802424927034096,0.560177501437864,-1.2349873463919359,-3.0893661301458097,0.560177501437864,-3.4028804643140953
2025-06-08 13:15:00+00:00,-0++,False,False,True,2025-06-08 17:00:00+00:00,False,False,False,,False,0.32029541580673726,0.5404482774109542,-0.16254488802520672,0.5208074761759551,0.5775454672255265,-0.16254488802520672,-0.0552533469504457,0.6987189034437513,-0.1924741783038586,1.6459218386891683,2.1189275574058364,-0.4074544263907298
2025-06-15 04:45:00+00:00,-0++,True,True,True,2025-06-15 05:00:00+00:00,False,False,True,2025-06-15 16:00:00+00:00,True,-0.12474459945311933,0.5389273631750457,-0.3407361598670944,-0.41653214560709584,0.5389273631750457,-0.6555912257407259,0.007161825424262247,0.5389273631750457,-0.6555912257407259,0.7827988868477131,0.7925564003225638,-1.0090500463813434
2025-06-16 20:30:00+00:00,-0++,True,True,True,2025-06-16 21:00:00+00:00,False,False,False,,False,-1.46324200957334,0.19778859712458186,-1.532068431709399,-1.6526894034807338,0.19778859712458186,-2.411279072472905,-2.0664204402334407,0.19778859712458186,-2.411279072472905,-3.82912727931195,0.19778859712458186,-4.935095414812074
2025-06-18 13:45:00+00:00,-00+,False,False,True,2025-06-18 16:00:00+00:00,False,False,True,2025-06-19 00:00:00+00:00,True,-0.012332462113828768,0.8483546647585882,-0.27736549884569417,-0.6045587405798525,0.8483546647585882,-0.8998580139125134,0.15266209312330137,0.8483546647585882,-0.8998580139125134,-0.1498279248114298,0.8483546647585882,-0.8998580139125134
2025-06-19 12:00:00+00:00,-00+,False,False,False,,False,True,True,2025-06-19 20:00:00+00:00,False,-0.5032356993677989,9.531340205981564e-06,-0.7701132246963893,-0.2880085065304905,9.531340205981564e-06,-0.9414771899779018,-0.21198653717259264,9.531340205981564e-06,-0.9414771899779018,0.9924317346353018,1.5322677803338625,-0.9414771899779018
2025-06-23 16:45:00+00:00,-0++,False,True,True,2025-06-23 18:00:00+00:00,False,False,False,,False,2.4522181978526403,2.5899747845163468,-0.1905611264438889,4.8127807444675375,5.345106517790366,-0.1905611264438889,4.105624969585486,5.345106517790366,-0.1905611264438889,5.495128217605938,5.537574447250582,-0.1905611264438889
2025-06-25 20:45:00+00:00,-00+,False,False,False,,False,True,True,2025-06-26 04:00:00+00:00,False,-0.4088096996507695,0.20300386338247822,-0.6506700611980554,0.12921548470419264,0.2392346717238203,-0.6506700611980554,-0.02609917128403305,0.45578449673968624,-0.6506700611980554,-0.013833581366695658,0.45578449673968624,-1.1307166741509667
2025-06-28 00:15:00+00:00,-0++,True,True,True,2025-06-28 01:00:00+00:00,False,True,True,2025-06-28 08:00:00+00:00,True,0.2130409285424184,0.23255448649142085,-0.13068567295314582,0.4654362247932031,0.4654362247932031,-0.13068567295314582,0.3189957146843003,0.5094282181568932,-0.13068567295314582,0.4489894838098252,0.5857526903838783,-0.13068567295314582
2025-06-29 00:15:00+00:00,-00+,True,True,True,2025-06-29 01:00:00+00:00,False,True,True,2025-06-29 08:00:00+00:00,True,-0.13679416871106298,0.06378018807895458,-0.2410466652791099,-0.08999224435890518,0.06378018807895458,-0.2410466652791099,0.722609425095877,1.0211345873667677,-0.2410466652791099,1.1336062762981713,1.1696013123900117,-0.2410466652791099
2025-06-30 07:15:00+00:00,-0++,False,False,True,2025-06-30 11:00:00+00:00,False,False,False,,False,-0.19004908804657328,0.021313569391634424,-0.3015090304182566,0.10393149952470093,0.22235362701996664,-0.3015090304182566,-0.18626165933935956,0.22235362701996664,-0.9203730245960107,-0.7625820609553302,0.22235362701996664,-1.0293172974096931
2025-07-09 22:30:00+00:00,-00+,False,False,False,,False,False,False,,False,-0.10839429108427945,0.19262110243236652,-0.38326568235846903,-0.14202212627103528,0.246526261695168,-0.38326568235846903,-0.325757861618281,0.246526261695168,-0.38326568235846903,4.183354805555095,4.9964692120682885,-0.7246650243561525
2025-07-15 20:30:00+00:00,-0++,False,True,True,2025-07-15 22:00:00+00:00,True,True,True,2025-07-16 00:00:00+00:00,True,1.0506692733930345,1.212139774548704,-0.18015615821518338,0.47010127574649285,1.4027197497185728,-0.18015615821518338,1.9069665328557361,1.9171672887068558,-0.18015615821518338,2.883253507485728,2.8945609895814073,-0.18015615821518338
2025-07-19 05:30:00+00:00,-0++,True,True,True,2025-07-19 06:00:00+00:00,False,True,True,2025-07-19 12:00:00+00:00,True,-0.1543932097426648,0.048490967024883425,-0.2758108708546425,0.13889470188623854,0.19485167133186376,-0.2758108708546425,-0.38835895491184935,0.19485167133186376,-0.5426084250835572,-0.3209789172098132,0.19485167133186376,-0.8388556808203607
2025-07-19 21:45:00+00:00,-00+,False,False,True,2025-07-20 00:00:00+00:00,False,False,True,2025-07-20 08:00:00+00:00,True,0.2009161484113342,0.24694615780256335,-0.14984815534185847,0.21425448631171573,0.39043099143269977,-0.14984815534185847,0.1761085390679762,0.485405054737309,-0.14984815534185847,0.24812706797334716,0.9778445959596427,-0.14984815534185847
2025-07-24 00:15:00+00:00,-0++,False,True,True,2025-07-24 02:00:00+00:00,False,False,False,,False,0.19726890369726746,0.19727730598466664,-0.19147972767514787,-1.018483267810899,0.21690504936300314,-1.2731229899102914,-0.372154113747325,0.21690504936300314,-1.6066097770192522,-0.8826602919072224,0.3653230540869412,-1.6066097770192522
2025-07-25 15:15:00+00:00,-0++,True,True,True,2025-07-25 16:00:00+00:00,False,True,True,2025-07-25 20:00:00+00:00,True,0.7763765567421865,0.8421842402156265,-0.23666870614786895,1.522061331098712,1.6227771292629756,-0.23666870614786895,1.6964200914554528,1.945201012993314,-0.23666870614786895,2.0541849782036437,2.35211604039125,-0.23666870614786895
2025-07-30 05:45:00+00:00,-0++,False,True,True,2025-07-30 07:00:00+00:00,False,False,True,2025-07-30 16:00:00+00:00,True,0.3224533541437369,0.41490009598934563,-0.04429951591738979,-0.34940427448375555,0.41490009598934563,-0.5368318226975255,-0.16116311358048696,0.6777902211551945,-0.5368318226975255,0.31335953731201904,0.6777902211551945,-1.861164452651387
2025-08-03 05:15:00+00:00,-00+,True,True,True,2025-08-03 06:00:00+00:00,False,False,False,,False,0.07509993150245364,0.1713891180894711,-0.10807664506572445,0.3599796505683095,0.5854114927808185,-0.10807664506572445,0.37394149459162307,0.5854114927808185,-0.10807664506572445,0.5553750414519776,1.2365739395402864,-0.10807664506572445
2025-08-06 17:15:00+00:00,-00+,True,True,True,2025-08-06 18:00:00+00:00,False,False,False,,False,-0.14867371705963306,0.3085991678224653,-0.20908460471567025,-0.30992545076282685,0.3085991678224653,-0.49149618585299093,-0.7767770457697609,0.3085991678224653,-0.9544036061026384,0.9005114424410543,1.2733443134535394,-0.9544036061026384
2025-08-13 15:30:00+00:00,-00+,False,False,True,2025-08-13 18:00:00+00:00,False,False,False,,False,0.14227066520149378,0.5129722049669994,-0.3675037053258112,0.9338418329657427,1.374648475164575,-0.3675037053258112,1.8072380015479839,2.5894958885986474,-0.3675037053258112,-2.673002225049914,2.5894958885986474,-3.0495719558491174
2025-08-19 13:15:00+00:00,-00+,False,False,False,,False,False,False,,False,-1.81539220219471,0.11093117912586159,-1.8659246372965232,-2.0334099829767305,0.11093117912586159,-2.574899280709797,-2.4213408089198363,0.11093117912586159,-2.6046882764750534,-2.002808874217865,0.11093117912586159,-2.7485964268410656
2025-08-22 05:30:00+00:00,-00+,True,True,True,2025-08-22 06:00:00+00:00,False,False,True,2025-08-22 16:00:00+00:00,True,-0.03649652133969061,0.23042572409883721,-0.25639491269076053,-0.7768835683185538,0.23042572409883721,-0.8457222479488324,3.2028724857154023,3.6788652613664263,-1.2810287829298606,2.5174998123907333,3.7963630230928525,-1.2810287829298606
2025-08-22 09:45:00+00:00,-0++,False,False,False,,False,True,True,2025-08-22 16:00:00+00:00,False,-0.626423765765971,0.009137576429907313,-1.2073277170999264,2.9377175537089073,3.756269257575018,-1.2073277170999264,3.5193380042595424,3.8738547401332646,-1.2073277170999264,2.402616478225905,3.8738547401332646,-1.2073277170999264
2025-08-30 17:00:00+00:00,-0++,False,False,False,,False,False,True,2025-08-31 04:00:00+00:00,False,-0.13718757841192364,0.018258613234456433,-0.23389026389757372,-0.24715255640790357,0.018258613234456433,-0.37780083269561837,-0.16822171026261712,0.5509729416169007,-0.37780083269561837,0.043644331031233996,0.5509729416169007,-0.6326499272778174
2025-08-31 17:00:00+00:00,-0++,False,False,True,2025-08-31 21:00:00+00:00,True,True,True,2025-08-31 20:00:00+00:00,False,0.11094521096757237,0.284473252151618,-0.06862353760717088,-0.22299207069940152,0.284473252151618,-0.2799932138436212,-1.442829386554234,0.284473252151618,-1.5351475529994052,-0.3309995516289521,0.9040496975790457,-1.5355514908796275
2025-08-31 22:00:00+00:00,-00+,False,False,False,,False,False,True,2025-09-01 08:00:00+00:00,False,-0.8500351010568452,0.14596942041036343,-1.3194275020837365,-1.229311715813186,0.14596942041036343,-1.5382578598724717,0.13403221889196626,0.7716181390086119,-1.6647811939383583,-1.0586519085448942,0.7716181390086119,-1.6647811939383583
2025-09-02 17:30:00+00:00,-00+,False,False,True,2025-09-02 21:00:00+00:00,False,True,True,2025-09-03 00:00:00+00:00,True,0.37991121153884144,0.4708120944896699,-0.6025272754512256,0.21825953221312755,0.604466518340141,-0.6025272754512256,-0.07881443889899975,0.8245841158328826,-0.6025272754512256,1.2897318171400496,1.4720116289631324,-0.6025272754512256
2025-09-03 13:30:00+00:00,-0++,False,True,True,2025-09-03 15:00:00+00:00,False,False,False,,False,0.053907177928791405,0.7401580895152859,-0.49699373458900187,0.1668883845612701,0.8075599712877191,-0.49699373458900187,0.19518517563352766,0.8075599712877191,-0.49699373458900187,-0.9824090670082275,0.8075599712877191,-1.2480675799008356
2025-09-07 04:45:00+00:00,-00+,False,False,True,2025-09-07 08:00:00+00:00,False,False,False,,False,0.17697536563694438,0.31988708888457396,-0.08562040330772902,0.6035397243938423,0.7411781859545608,-0.08562040330772902,0.5827361191109492,0.7726639902979171,-0.08562040330772902,0.3813300848352963,0.9427108508710758,-0.08562040330772902
2025-09-17 09:15:00+00:00,-00+,False,False,False,,False,False,False,,False,-0.3209939462982869,0.03105011488542253,-0.4638330403201718,-0.9493112227963452,0.03105011488542253,-1.1261555460858608,-0.8090931867482332,0.03105011488542253,-1.7353288207166417,0.4373226663697327,0.9843957112296575,-1.7353288207166417
2025-09-18 18:00:00+00:00,-00+,True,True,True,2025-09-18 19:00:00+00:00,False,False,False,,False,-0.4175620851793349,0.06620155828283014,-0.5310298586002626,-0.6389893228768817,0.06620155828283014,-1.0269474291728198,-0.8817877815688102,0.06620155828283014,-1.0269474291728198,-1.9815569248527454,0.06620155828283014,-2.0334317869328378
2025-09-22 05:15:00+00:00,-00+,False,False,False,,False,False,False,,False,-1.6589800350144013,0.0,-2.383663460782026,-1.514624856838831,0.0,-2.383663460782026,-1.8590149428957425,0.0,-2.383663460782026,-1.5299570828641307,0.0,-2.6648124801525785
2025-09-27 21:15:00+00:00,-0++,True,True,True,2025-09-27 22:00:00+00:00,False,False,True,2025-09-28 08:00:00+00:00,True,0.3331560704819436,0.3331652093125692,0.0,0.028750761150342363,0.3331652093125692,-0.08968848376655902,0.024035124547183706,0.3331652093125692,-0.14913657699067162,1.1984753871642884,1.3907563835417358,-0.21311753020543112
2025-09-29 17:30:00+00:00,-00+,False,False,True,2025-09-29 20:00:00+00:00,False,False,False,,False,0.41633006121968297,0.4220270800636694,-0.061973733495201966,0.271007800877876,0.4220270800636694,-0.061973733495201966,0.04924541712580943,0.7661305294988319,-0.061973733495201966,-0.5502758401720209,0.7661305294988319,-1.1086451339251457
2025-10-01 13:15:00+00:00,-0++,False,False,False,,False,False,True,2025-10-02 00:00:00+00:00,False,1.0501139133791915,1.0570156760894012,-0.20351197695891443,0.7150397640128814,1.3393106313638325,-0.20351197695891443,1.5845161139869557,2.4178032212284206,-0.20351197695891443,2.1675650246787415,2.4178032212284206,-0.20351197695891443
2025-10-08 08:15:00+00:00,-0++,True,True,True,2025-10-08 09:00:00+00:00,True,True,True,2025-10-08 12:00:00+00:00,True,0.9057681406465345,1.052844321777524,8.202341250651557e-06,0.5531002758365267,1.1758794406757866,-0.21878104842490975,1.350892796137937,1.870822803919503,-0.21878104842490975,-0.6040286127191652,1.870822803919503,-0.6040696244254629
2025-10-08 20:15:00+00:00,-00+,False,False,True,2025-10-09 00:00:00+00:00,False,False,False,,False,-0.06888772942984511,0.001626695678513812,-0.6223284457197997,-1.269429605230088,0.001626695678513812,-1.301866402640195,-1.9288645170490226,0.001626695678513812,-1.9289049821156534,-2.179561790844653,0.16151226694449683,-3.1659058829489606
2025-10-12 08:15:00+00:00,-00+,False,True,True,2025-10-12 10:00:00+00:00,False,False,False,,False,-0.019765199451793336,0.23669922421816203,-0.5567361884517341,-0.25127482852190797,0.4365612704630095,-0.5567361884517341,3.1037358016479555,3.216663181585111,-0.5567361884517341,3.157251264717753,3.7595216768047113,-0.5567361884517341
2025-10-12 19:00:00+00:00,-00+,True,True,True,2025-10-12 20:00:00+00:00,False,False,False,,False,0.8983859608741263,1.2442008901129231,-0.224710178964449,0.7282288893772693,1.347395290260045,-0.224710178964449,0.9203278888376021,1.4136933197105073,-0.224710178964449,0.8060182274542749,1.4136933197105073,-0.6390969125722124
2025-10-13 09:45:00+00:00,-00+,False,False,False,,False,False,True,2025-10-13 20:00:00+00:00,False,-0.6208619625763023,0.03036645430996021,-1.3120636125101393,-0.7078615067320326,0.3500133417831286,-1.3120636125101393,0.49767630610497715,0.6638405712506845,-1.3120636125101393,-3.334707467507192,0.6638405712506845,-3.5362066114094426
2025-10-14 18:00:00+00:00,-00+,False,False,True,2025-10-14 21:00:00+00:00,False,True,True,2025-10-15 00:00:00+00:00,True,-0.4543323099422625,0.25058998835518764,-1.0940422322975096,-0.4135238071525382,0.2792583588783648,-1.0940422322975096,-0.9100949481951948,0.31046953528721666,-1.3366947814471675,-2.0110327756200808,0.31046953528721666,-2.734143199349537
2025-10-15 00:45:00+00:00,-0++,False,False,False,,False,True,True,2025-10-15 08:00:00+00:00,False,-0.8580731731795077,0.5473660250211898,-1.03362253488819,-0.47205219823448497,0.5473660250211898,-1.1036882889034927,-1.135114775263013,0.5473660250211898,-1.410572220472861,-2.267901990426735,0.5473660250211898,-2.5044369667519994
2025-10-16 05:30:00+00:00,-0++,False,True,True,2025-10-16 07:00:00+00:00,False,True,True,2025-10-16 12:00:00+00:00,True,-0.5747215719538734,0.3714888315832665,-0.8575879258631458,-0.18672771311710745,0.3714888315832665,-1.5489043149331638,-2.538056524958998,0.5589439153247167,-3.396587338668511,-2.5203032937946013,0.5589439153247167,-3.531797455837149
2025-10-17 18:00:00+00:00,-00+,False,False,True,2025-10-17 21:00:00+00:00,True,True,True,2025-10-17 20:00:00+00:00,False,0.7542141508103617,0.7635303012719197,-0.3334675246781882,-0.21291109624822502,0.798327483610195,-0.3334675246781882,0.2946736856464405,0.798327483610195,-0.3334675246781882,0.13762196487463463,0.8536614769860673,-0.3334675246781882
2025-10-30 05:00:00+00:00,-0++,True,True,True,2025-10-30 06:00:00+00:00,True,True,True,2025-10-30 08:00:00+00:00,True,1.691782968948119,2.3715106448775947,-0.18835506636323274,0.9210335236607525,2.3715106448775947,-0.18835506636323274,-1.3758396372926418,2.3715106448775947,-1.5401686994280794,0.7348159368641749,2.3715106448775947,-2.479246954022818
2025-11-01 07:00:00+00:00,-0++,False,True,True,2025-11-01 09:00:00+00:00,False,True,True,2025-11-01 12:00:00+00:00,True,-0.13639079903252638,0.20611740313516425,-0.17207649879938947,-0.07529709912609261,0.20611740313516425,-0.17207649879938947,0.1702772198195479,0.44155941873476046,-0.31025748954418564,0.4596976048143464,0.6725032368847028,-0.31025748954418564
2025-11-07 04:45:00+00:00,-00+,False,False,False,,True,True,True,2025-11-07 08:00:00+00:00,False,-0.016848449908302143,0.48987921749095165,-0.3810356827430139,-1.2313776357067097,0.48987921749095165,-1.4336962529302277,-0.8409424977792734,0.48987921749095165,-2.71136547032218,0.5271535950367667,2.02805742273211,-2.71136547032218
2025-11-11 06:45:00+00:00,-0++,False,False,True,2025-11-11 09:00:00+00:00,False,False,False,,False,-0.2751629350472351,0.21322182413341384,-0.4940753612416082,-0.6939304456425432,0.22679756761436742,-0.8664250393330852,-1.7672216951211017,0.22679756761436742,-2.3000387511950104,-1.7996172761358453,0.22679756761436742,-2.6459684554442586
2025-11-18 14:15:00+00:00,-00+,False,True,True,2025-11-18 16:00:00+00:00,True,True,True,2025-11-18 16:00:00+00:00,False,1.2831611680322652,2.233667466281819,-0.8452503883497497,1.467993639976184,2.233667466281819,-0.8452503883497497,0.9004767838866501,2.233667466281819,-0.8452503883497497,-0.7233034470902067,2.233667466281819,-1.9183355337458519
2025-11-21 10:30:00+00:00,-0++,False,False,True,2025-11-21 13:00:00+00:00,False,False,True,2025-11-21 20:00:00+00:00,True,1.952061275040129,2.1930584385108975,-2.35574636432645,0.9993029217922889,3.5755968838157015,-2.35574636432645,2.5726232165083296,3.6686617915612674,-2.35574636432645,1.3634578374293493,3.7258188124859704,-2.35574636432645
2025-11-21 20:45:00+00:00,-0++,False,True,True,2025-11-21 22:00:00+00:00,False,False,True,2025-11-22 08:00:00+00:00,True,0.660071040732535,0.9997020262217049,-0.5318831942788926,-0.049910607866499035,1.2401384868607757,-0.5318831942788926,-0.6555777853453626,1.2401384868607757,-0.8729803999470209,-0.11444794445389928,1.2401384868607757,-1.2666250449325456
2025-11-22 01:30:00+00:00,-00+,True,True,True,2025-11-22 02:00:00+00:00,False,True,True,2025-11-22 08:00:00+00:00,True,-1.0886335584648354,0.3602590859529853,-1.2568903113203356,-0.367985822380934,0.3602590859529853,-1.2568903113203356,-1.1725911457489802,0.3602590859529853,-1.6490104064769806,1.1669138790443068,1.2050175259107787,-1.6490104064769806
2025-11-26 21:15:00+00:00,-00+,False,False,True,2025-11-27 00:00:00+00:00,False,False,False,,False,-0.057593885011641976,0.42769469369667856,-0.19950149551345442,1.1792732912373927,1.8610834164174195,-0.19950149551345442,1.475052619918027,1.8610834164174195,-0.19950149551345442,1.3941508806912584,1.8610834164174195,-0.19950149551345442
2025-11-29 13:15:00+00:00,-0++,True,True,True,2025-11-29 14:00:00+00:00,True,True,True,2025-11-29 16:00:00+00:00,True,0.15503648789030322,0.44060682374282845,-0.1711218540301429,0.04493986882494472,0.44060682374282845,-0.6723462698972393,0.20780970967788637,0.44060682374282845,-0.6723462698972393,1.1958918856268763,1.3598524465125772,-0.6723462698972393
2025-12-02 00:45:00+00:00,-00+,True,True,True,2025-12-02 01:00:00+00:00,False,False,False,,False,0.5359405307829412,0.9670995209639877,-0.3448485915407473,0.6670995094050891,0.9670995209639877,-0.3448485915407473,0.8679240528598253,1.2893388799159577,-0.3448485915407473,5.949129457853486,6.6976037103184005,-0.3448485915407473
2025-12-03 04:30:00+00:00,-00+,True,True,True,2025-12-03 05:00:00+00:00,False,True,True,2025-12-03 12:00:00+00:00,True,0.14436968968047914,1.0787707706243266,-0.09119387924153566,-0.011919643529512136,1.0787707706243266,-0.29444101390122546,-0.2402432123654541,1.0787707706243266,-1.3541919923232393,0.45917522091145635,1.2846965977378444,-1.3541919923232393
2025-12-06 13:15:00+00:00,-00+,True,True,True,2025-12-06 14:00:00+00:00,False,False,False,,False,0.21661717296528327,0.6709802785606955,-0.21987289740966753,-0.14960722806505178,0.6709802785606955,-0.3956485681836708,-0.2655756867850245,0.6709802785606955,-0.8698693629416887,-0.8493984380104513,0.6709802785606955,-1.1553138886305825
2025-12-08 04:15:00+00:00,-00+,True,True,True,2025-12-08 05:00:00+00:00,False,False,False,,False,0.48543870192572225,0.5308845401740259,-0.2345715379082125,0.8684900233947079,1.1349624137602987,-0.2345715379082125,-1.03955574200002,1.1349624137602987,-1.7966612705897944,-0.9325985726478025,1.1349624137602987,-1.7966612705897944
2025-12-16 08:15:00+00:00,-00+,True,True,True,2025-12-16 09:00:00+00:00,True,True,True,2025-12-16 12:00:00+00:00,True,1.0095429892371444,1.2240281315856416,-0.21336078767884015,0.7690006376365854,1.7562767678999336,-0.21336078767884015,1.4846234066764108,2.2072936771509344,-0.21336078767884015,0.28907506296096397,2.2072936771509344,-0.21336078767884015
2025-12-21 12:15:00+00:00,-00+,False,False,False,,False,False,False,,False,-1.0474114610738106,0.08753758003170464,-1.3850885766385046,-0.7927126765808312,0.08753758003170464,-1.3850885766385046,0.1974211086697597,0.8970125324185174,-1.3850885766385046,1.6543769578034162,1.662077022713615,-1.3850885766385046
2025-12-21 21:15:00+00:00,-00+,False,False,True,2025-12-22 00:00:00+00:00,False,True,True,2025-12-22 04:00:00+00:00,True,0.751842846405304,1.455305314823363,-0.28258487507584196,0.4867469006674119,1.455305314823363,-0.4998777472900673,1.4062344354188738,1.773920780243965,-0.4998777472900673,0.107752180173315,2.543116719642824,-0.4998777472900673
2025-12-25 17:45:00+00:00,-00+,True,True,True,2025-12-25 18:00:00+00:00,False,False,True,2025-12-26 04:00:00+00:00,True,-0.2795468253129041,0.19887886281544365,-0.5548957397785381,-1.036781867929637,0.19887886281544365,-1.366431326489903,0.9728942031162591,1.4759854538985318,-1.415240549368113,-0.9157912698884552,1.6209268351791373,-1.683702620903238
2025-12-27 17:00:00+00:00,-00+,True,True,True,2025-12-27 18:00:00+00:00,False,False,False,,False,0.08472707369939769,0.13651171267523576,-0.06003453071028453,0.10804844354708187,0.5012780476322698,-0.06003453071028453,0.20425909230623596,0.5344147318842252,-0.06003453071028453,0.44344882039117905,0.6541067206908835,-0.06003453071028453
2026-01-01 13:30:00+00:00,-00+,False,False,True,2026-01-01 16:00:00+00:00,False,True,True,2026-01-01 20:00:00+00:00,True,-0.05501824091648233,0.14143813431224395,-0.20268442646239615,0.3883212674311576,0.5807544124833752,-0.20268442646239615,0.7364784234392907,1.0574617281705612,-0.20268442646239615,1.6569912148109545,2.2200956937799,-0.20268442646239615
2026-01-03 16:15:00+00:00,-00+,True,True,True,2026-01-03 17:00:00+00:00,True,True,True,2026-01-03 20:00:00+00:00,True,0.10931274883807518,0.18447914429571277,-0.02954908824239766,0.6301473545626379,0.7635679841125675,-0.04032045825183017,1.4685374944727325,1.728560587401673,-0.04032045825183017,1.4302158471504844,1.9504619141013313,-0.04032045825183017
2026-01-04 07:30:00+00:00,-0++,False,False,False,,False,False,False,,False,0.11020795890990254,0.12442798812162259,-0.345619941355757,-0.2914614134971405,0.14190518005825492,-0.5208946442298301,-0.46197060312270777,0.14190518005825492,-0.6855343829048288,1.1550139484168165,2.0737961586684284,-0.6855343829048288
2026-01-18 05:15:00+00:00,-00+,True,True,True,2026-01-18 06:00:00+00:00,False,True,True,2026-01-18 12:00:00+00:00,True,-0.03526287659938454,0.12344634445891067,-0.1272932037243102,-0.03093253228971804,0.16064316123542977,-0.1272932037243102,0.13214907525602726,0.2456209130404785,-0.24442271097422363,-2.610882302397821,0.40840822534184973,-3.3973758323694314
2026-01-21 17:15:00+00:00,-00+,False,False,True,2026-01-21 20:00:00+00:00,False,False,True,2026-01-22 04:00:00+00:00,True,2.23663704716337,3.041695146958312,-0.31897926634768536,2.5636135794030457,3.041695146958312,-0.31897926634768536,2.5037707906129025,3.041695146958312,-0.31897926634768536,1.5588174982911873,3.041695146958312,-0.31897926634768536
2026-01-26 21:30:00+00:00,-0++,False,True,True,2026-01-26 23:00:00+00:00,False,True,True,2026-01-27 04:00:00+00:00,True,0.17509510884055057,0.5816574656837714,-0.1640793416587294,0.7547672405832095,0.8526952553241429,-0.1640793416587294,-0.14141250043394615,0.9797566275552061,-0.25768500079073053,1.2092271968514146,1.5619246076809867,-0.9552859686353554
2026-01-28 00:45:00+00:00,-0++,True,True,True,2026-01-28 01:00:00+00:00,False,False,True,2026-01-28 12:00:00+00:00,True,-0.3811989396846127,0.03379990012040146,-0.5395465537738064,-0.16793766511541408,0.03379990012040146,-0.7016161806738808,0.593476619276756,0.7926434249134751,-0.7087137126105425,-0.36192941990698113,1.265573773423534,-0.7087137126105425
2026-01-28 09:30:00+00:00,-00+,False,False,True,2026-01-28 12:00:00+00:00,True,True,True,2026-01-28 12:00:00+00:00,False,0.6599023189618247,0.9601510446568762,-0.0515230306379566,0.20234153253362308,1.30847449733138,-0.4642558695054366,0.11958224472923273,1.4338673576410388,-0.4940366738289903,-1.4468544753159618,1.4338673576410388,-1.8084337446517718
2026-01-30 21:00:00+00:00,-00+,True,True,True,2026-01-30 22:00:00+00:00,False,False,False,,False,0.1482090993986107,0.5626877375738859,-0.15675161632630052,0.15144526180019824,0.5626877375738859,-0.2797733782097023,-1.0828770483153116,0.5626877375738859,-1.77206066329193,-7.590240448056207,0.5626877375738859,-9.91106859153289
2026-01-31 02:30:00+00:00,-0++,False,False,False,,False,False,False,,False,-0.14441637173685518,0.11093592410431619,-0.27925331827248767,-1.6029254566212625,0.11093592410431619,-1.8753685879951076,-3.735357801039385,0.11093592410431619,-3.937429001127435,-6.405117457302034,0.11093592410431619,-10.005816588949724
2026-02-06 04:45:00+00:00,-0++,False,True,True,2026-02-06 06:00:00+00:00,False,False,False,,False,-0.07678815958624963,2.9591482060782326,-0.3878387522601945,1.6357079732732815,2.9591482060782326,-0.6252750137737961,7.777682254786322,8.194609298639378,-0.6252750137737961,9.031991574255894,10.546801335596312,-0.6252750137737961
2026-02-09 05:45:00+00:00,-00+,True,True,True,2026-02-09 06:00:00+00:00,False,False,False,,False,-1.647586843796922,1.4075682996939065e-05,-2.3232477780478655,-2.9781189285421172,1.4075682996939065e-05,-3.693360683323732,-0.6083791696219754,1.4075682996939065e-05,-3.851824722276209,-2.2477035875115403,0.11470274057769902,-3.851824722276209
2026-02-17 20:30:00+00:00,-00+,False,False,False,,False,True,True,2026-02-18 04:00:00+00:00,False,-0.48797510447189385,0.10068087801622383,-0.6837369287646,-0.724719587102296,0.10068087801622383,-1.4234731749269924,0.4596807125235136,0.91109415739965,-1.4234731749269924,-2.105500650844694,0.91109415739965,-2.9296042896656105
2026-02-18 09:30:00+00:00,-00+,False,False,False,,False,True,True,2026-02-18 16:00:00+00:00,False,-1.0674468334407328,0.0,-1.7562540277696548,-0.24371667936023966,0.10504423223387516,-2.2829398324447747,-2.6913849668990686,0.10504423223387516,-3.5239322748842894,-1.758114125021959,0.10504423223387516,-3.5239322748842894
2026-02-21 01:30:00+00:00,-0++,False,False,False,,False,False,True,2026-02-21 12:00:00+00:00,False,-0.41846950142019335,0.18132795734040474,-0.6496236628423913,-0.2092053286822826,0.18132795734040474,-0.6496236628423913,0.28146582896269035,0.4976147562061328,-0.6496236628423913,0.22093000676119967,1.0627530662166151,-0.6496236628423913
2026-02-24 22:00:00+00:00,-0++,False,False,True,2026-02-25 01:00:00+00:00,False,True,True,2026-02-25 04:00:00+00:00,True,2.1593719051504534,2.680365495892212,-0.5693121726077388,1.899684831422177,3.255081003307403,-0.5693121726077388,2.1005736566406474,3.255081003307403,-0.5693121726077388,7.560433263365085,8.98359690810906,-0.5693121726077388
2026-02-28 22:00:00+00:00,-00+,False,False,True,2026-03-01 02:00:00+00:00,False,False,False,,False,-0.9498359176042914,1.2265956447167659,-1.126877887053157,0.5180094752037512,1.8838962618613841,-1.3388472149166275,-0.6186086332721441,1.8838962618613841,-1.3388472149166275,-1.389370878799523,1.8838962618613841,-2.7710481777942886
2026-03-06 10:00:00+00:00,-00+,False,False,False,,False,False,False,,False,-0.9712040970117797,0.15621823700440185,-1.4564666329134668,-3.332599137326764,0.15621823700440185,-3.5551213566584194,-3.393145551741239,0.15621823700440185,-4.165805507092502,-3.6731444256911105,0.15621823700440185,-4.587890405897221
2026-03-07 00:30:00+00:00,-00+,True,True,True,2026-03-07 01:00:00+00:00,False,False,True,2026-03-07 12:00:00+00:00,True,-0.1794639479081539,0.37072914751037356,-0.3473609121459664,-0.5372497871089288,0.37072914751037356,-0.7793511478547455,-0.5273958883619145,0.37072914751037356,-1.2466426463852875,-1.4229293342219895,0.37072914751037356,-2.024339276322651
2026-03-10 04:30:00+00:00,-00+,True,True,True,2026-03-10 05:00:00+00:00,True,True,True,2026-03-10 08:00:00+00:00,True,0.5436942844184944,0.8399051530425306,-0.2708319869419551,1.1093073438333878,1.9444655736542416,-0.2708319869419551,2.062609629619905,2.6264783377304424,-0.9636540099204893,0.07859589442613668,2.6264783377304424,-0.9636540099204893
2026-03-16 01:15:00+00:00,-00+,False,False,True,2026-03-16 04:00:00+00:00,False,False,False,,False,1.3221898870664717,2.319417653343181,-0.38173103620201543,1.6380392479137473,2.485553453563938,-0.38173103620201543,1.731025189623181,2.485553453563938,-0.38173103620201543,4.526660260203719,4.592349218580849,-0.38173103620201543
2026-03-23 09:45:00+00:00,-00+,False,True,True,2026-03-23 11:00:00+00:00,False,False,False,,False,3.5387064215900654,4.63164681832664,-0.050033650886271985,2.630417854886602,5.097139769786674,-0.050033650886271985,3.683875715767315,5.097139769786674,-0.050033650886271985,4.365264090311705,5.097139769786674,-0.050033650886271985
2026-03-24 01:15:00+00:00,-00+,False,False,False,,False,True,True,2026-03-24 08:00:00+00:00,False,-0.41767291677107243,0.08948419519640982,-0.7760897326839489,0.14368580853798552,0.28498556011982146,-1.001141495295299,-0.3239672361906809,0.8073767280382338,-1.001141495295299,-0.09131962362420865,0.8073767280382338,-2.6897215302107758
2026-03-29 05:45:00+00:00,-00+,False,False,False,,False,True,True,2026-03-29 12:00:00+00:00,False,-0.07179662594797298,0.14985336654886883,-0.32223116476771674,0.06640513964397687,0.32359401269455024,-0.5300729617860434,-0.5782369061015813,0.32359401269455024,-0.9190686986180197,1.0790760310393832,1.539658724907489,-2.653719511519359
2026-04-01 08:30:00+00:00,-00+,False,False,True,2026-04-01 12:00:00+00:00,False,True,True,2026-04-01 16:00:00+00:00,True,-0.24849060603442386,0.016196743029794902,-0.56559201131271,-0.5395521847719631,0.016196743029794902,-1.2510021189527043,-0.8727194796803617,0.5706807546344672,-1.2510021189527043,-3.297636525894576,0.5706807546344672,-3.725236357588013
2026-04-04 08:15:00+00:00,-0++,False,False,True,2026-04-04 11:00:00+00:00,False,False,False,,False,0.10954186445473191,0.2695371159006532,-0.19983001250224453,0.2024100999836076,0.3206616239130211,-0.19983001250224453,0.32515067785459095,0.7620057212321285,-0.19983001250224453,-0.26385495792145,0.7620057212321285,-0.6566993761109918
2026-04-04 13:15:00+00:00,-00+,False,True,True,2026-04-04 15:00:00+00:00,False,False,False,,False,0.49610055576077006,0.6697916258464387,-0.12566788068136825,0.37594573126293884,0.6697916258464387,-0.12566788068136825,0.025032255103707435,0.6697916258464387,-0.12566788068136825,-0.610533721949158,0.6697916258464387,-0.747615118945677
2026-04-09 12:00:00+00:00,-0++,False,False,True,2026-04-09 16:00:00+00:00,True,True,True,2026-04-09 16:00:00+00:00,False,0.1932979555331782,0.23239855192962455,-0.952501202230982,0.9735402444011942,1.8946935546936272,-0.952501202230982,0.8638085778618576,2.730356444632198,-0.952501202230982,1.2553763320044986,2.730356444632198,-0.952501202230982
2026-04-17 19:00:00+00:00,-0++,False,False,False,,False,False,False,,False,0.2356751168923754,0.48973605215563154,-0.09493297203906348,0.11093640267738625,0.48973605215563154,-0.41748755461364917,-0.21602041809868355,0.48973605215563154,-0.4523170274430277,-1.9267431309546668,0.48973605215563154,-2.315421920867433
2026-04-20 13:45:00+00:00,-00+,False,False,True,2026-04-20 16:00:00+00:00,False,False,False,,False,0.0921490252742796,0.668718142756064,-0.7537992208784039,1.3652032207519094,1.6172446219166359,-0.7537992208784039,0.8744724614444754,1.7128346214622558,-0.7537992208784039,0.837790878575051,2.203007384941924,-0.7537992208784039
2026-04-24 00:00:00+00:00,-0++,False,False,False,,False,False,False,,False,-0.20950006079499817,0.365293619386553,-0.43905225202027776,-0.4554260298620938,0.365293619386553,-1.0714734560881345,0.028724357539955392,0.365293619386553,-1.1417070008245656,-1.1093042906961115,0.365293619386553,-1.31787199128639
2026-05-01 05:00:00+00:00,-00+,True,True,True,2026-05-01 06:00:00+00:00,False,True,True,2026-05-01 12:00:00+00:00,True,0.14224736314767394,0.14224736314767394,-0.33480567283470375,0.23879874934322753,0.4663323060704716,-0.33480567283470375,1.5422943165741998,2.299512304014484,-0.33480567283470375,1.23031718711899,2.299512304014484,-0.33480567283470375
2026-05-10 17:15:00+00:00,-0++,False,False,False,,False,False,False,,False,-0.29308124791129764,0.2367723957616752,-0.4116210265584064,1.0334019736971678,1.337897344158545,-1.3645712516463737,-0.5243738819320165,1.337897344158545,-1.3645712516463737,0.30412677662230436,1.337897344158545,-1.3645712516463737
2026-05-17 14:45:00+00:00,-0++,False,False,False,,False,True,True,2026-05-17 20:00:00+00:00,False,0.049287963807498336,0.1821233183060933,-0.24960439586625416,0.28936019303149596,0.5341985055766552,-0.24960439586625416,-1.55807363624354,0.5558508733527479,-1.7218116600178468,-2.124058842679666,0.5558508733527479,-2.3337024485496682
2026-05-17 21:15:00+00:00,-00+,True,True,True,2026-05-17 22:00:00+00:00,False,False,False,,False,-1.6307219342427626,0.06864587094574937,-2.162854933832725,-1.8723467299881613,0.06864587094574937,-2.1979811177955,-1.8637022462397956,0.06864587094574937,-2.356437819896906,-1.8011891137644676,0.06864587094574937,-3.0351572939042892
2026-05-23 18:00:00+00:00,-0++,True,True,True,2026-05-23 19:00:00+00:00,False,False,False,,False,1.6892053893198922,2.2511069669798323,-0.05295898591402004,1.3096153518443732,2.2511069669798323,-0.05295898591402004,1.5210814148305607,2.2511069669798323,-0.05295898591402004,1.3703682518739546,2.434686669461028,-0.05295898591402004
2026-05-24 08:45:00+00:00,-0++,False,False,True,2026-05-24 12:00:00+00:00,False,False,False,,False,0.6369459912438646,0.9273117292061261,-0.011492803201429425,-0.4757604025162343,0.9273117292061261,-0.8269221583198094,-0.21123069440091014,0.9273117292061261,-0.8269221583198094,0.8151039643142566,1.0663837588859248,-0.94062672091062
2026-05-28 09:15:00+00:00,-0++,True,True,True,2026-05-28 10:00:00+00:00,True,True,True,2026-05-28 12:00:00+00:00,True,-0.03527041331365943,0.2884027230012354,-0.21625436112053809,-0.5939025370448325,0.2884027230012354,-1.1191169999577588,0.3941322238615319,0.4705310179376365,-1.1191169999577588,0.6576317736154413,0.7423543307408353,-1.1191169999577588
2026-06-01 05:00:00+00:00,-00+,False,False,False,,False,False,False,,False,-0.9772504759314682,0.002012510198534656,-1.13679630133261,-1.1650122382376948,0.002012510198534656,-1.2887272232798397,-2.6557519717160694,0.002012510198534656,-3.8799564862659897,-3.712251835735658,0.002012510198534656,-4.6627685613271685
2026-06-07 06:30:00+00:00,-00+,True,True,True,2026-06-07 07:00:00+00:00,False,False,False,,False,0.5584257571106699,1.233762360174473,-0.3364221743745177,-0.8747651854261296,1.233762360174473,-0.9897787022880022,0.021143964025349682,1.233762360174473,-0.9897787022880022,1.35596321689897,3.283327992405538,-1.6218787127554757
2026-06-11 15:45:00+00:00,-00+,False,False,True,2026-06-11 18:00:00+00:00,False,True,True,2026-06-11 20:00:00+00:00,True,1.1341615160231022,1.6550904677396394,-0.6397507292495441,1.2279790863472195,1.8862000999530837,-0.6397507292495441,1.2356763661954595,1.8862000999530837,-0.6397507292495441,1.344362595108417,2.621537339616098,-0.6397507292495441
2026-06-13 10:30:00+00:00,-00+,False,True,True,2026-06-13 12:00:00+00:00,False,True,True,2026-06-13 16:00:00+00:00,True,0.47129167495374436,0.6132398287977292,-0.0850373428257778,0.32588251691740844,0.7762985421498669,-0.0850373428257778,1.0468049919895694,1.4227232934978407,-0.0850373428257778,1.177211244974874,1.4227232934978407,-0.0850373428257778
2026-06-15 12:30:00+00:00,-0++,True,True,True,2026-06-15 13:00:00+00:00,False,False,False,,False,0.66199789378667,0.7209568226267615,-0.32859936813599555,0.5016548819016142,1.236873777644032,-0.32859936813599555,-0.08345118098390669,1.236873777644032,-0.5919061230630351,0.042139310967348464,1.236873777644032,-1.233639235745454
2026-06-22 04:45:00+00:00,-0++,False,False,True,2026-06-22 08:00:00+00:00,False,True,True,2026-06-22 12:00:00+00:00,True,0.17343208317253112,0.46419642302764075,-0.2402807362618553,0.061138826477757924,0.46419642302764075,-0.2402807362618553,0.9668483722782062,2.3756778859039374,-0.2402807362618553,-0.7441495338066928,2.3756778859039374,-0.7603741777303608
2026-06-22 10:00:00+00:00,-00+,False,True,True,2026-06-22 12:00:00+00:00,True,True,True,2026-06-22 12:00:00+00:00,False,1.4513968916435749,1.570451926371197,-0.23175631482231784,0.8035630859314136,2.1939608185131076,-0.23175631482231784,0.14954682779455553,2.1939608185131076,-0.23175631482231784,-2.7252624038371698,2.1939608185131076,-3.5443984177905175
2026-06-29 05:45:00+00:00,-00+,True,True,True,2026-06-29 06:00:00+00:00,False,False,False,,False,-0.4372508435547151,0.40508928036628866,-0.5945480077467313,-0.24416499730461894,0.40508928036628866,-0.5945480077467313,0.5177628995653993,1.1276845671083446,-1.8165543036264609,-0.74983195458449,1.1276845671083446,-1.8165543036264609
2026-07-02 06:30:00+00:00,-0++,False,False,True,2026-07-02 10:00:00+00:00,False,True,True,2026-07-02 12:00:00+00:00,True,0.9178417560923968,1.122353570862189,-0.7110006872125596,1.38955701221124,1.7570340170217191,-0.7110006872125596,2.0510982185335758,2.751493365755664,-0.7110006872125596,1.8290756991066193,2.751493365755664,-0.7110006872125596
2026-07-15 01:15:00+00:00,-00+,False,False,False,,False,False,False,,False,-0.10582963819096847,0.08542261132511442,-0.5284694992072403,-0.4641017568707051,0.6891189208307669,-0.5330969429410026,0.7436456328268504,1.151292576145746,-0.5330969429410026,-0.41856771053057074,1.1867696447712017,-0.6765322738749413
2026-07-17 13:45:00+00:00,-00+,True,True,True,2026-07-17 14:00:00+00:00,True,True,True,2026-07-17 16:00:00+00:00,True,0.6967255750586876,0.875257446124933,-0.4715933229238467,1.5942143956383603,1.9539541365478197,-0.4715933229238467,1.2651457176340086,1.9539541365478197,-0.4715933229238467,1.5074423642908341,1.9539541365478197,-0.4715933229238467
2026-07-23 17:15:00+00:00,-00+,False,True,True,2026-07-23 19:00:00+00:00,False,False,True,2026-07-24 04:00:00+00:00,True,0.49037787052859105,0.5673709433108742,-0.3083886366058053,0.502929915640693,0.5943562982816175,-0.3083886366058053,0.7468158437649697,0.9558521134698683,-0.3083886366058053,-1.159491312180616,1.478180644283822,-1.712012600156143
2026-07-25 12:30:00+00:00,-00+,False,False,True,2026-07-25 15:00:00+00:00,True,True,True,2026-07-25 16:00:00+00:00,True,0.18967457011180855,0.27773274842151086,0.0,0.47119862564337645,0.5948919703703925,0.0,0.514712845931431,0.6116174074979552,0.0,0.6396231534345098,0.8877587430584422,0.0
2026-07-26 12:00:00+00:00,-00+,False,False,True,2026-07-26 15:00:00+00:00,False,False,True,2026-07-27 00:00:00+00:00,True,0.0996919779454819,0.2557847581939443,-0.3018309675384301,0.11453510895771402,0.5130863326957114,-0.3018309675384301,0.9570027462113995,1.4982275691888702,-0.3018309675384301,0.7382871212544551,1.7576341132606865,-0.3018309675384301
2026-07-29 09:00:00+00:00,-00+,True,True,True,2026-07-29 10:00:00+00:00,False,False,False,,False,0.006221684354246193,0.4543070812387473,-0.06479240364922756,-0.49028734562154286,0.4543070812387473,-0.6272730093713208,-1.4863619437721076,0.4543070812387473,-1.8380500217215934,-0.06437348724631642,0.4543070812387473,-1.8380500217215934
2026-07-30 05:30:00+00:00,-00+,False,False,True,2026-07-30 08:00:00+00:00,False,True,True,2026-07-30 12:00:00+00:00,True,0.3518584307070416,0.3518584307070416,-0.2792940623850826,0.8451651357919143,0.9176515282183884,-0.2792940623850826,1.2901423808660883,1.6440749703925617,-0.2792940623850826,0.26736375037856863,2.0073802625542037,-0.2792940623850826
2026-07-30 12:00:00+00:00,-0++,False,False,False,,False,True,True,2026-07-30 20:00:00+00:00,False,-0.3983843651256147,0.2948681372218598,-0.5811650630653475,-0.2531661931726492,0.2948681372218598,-0.5811650630653475,-0.25425875333039416,0.2948681372218598,-0.5811650630653475,-1.9347855458292096,0.6533509743328336,-2.1158427685905368
2026-08-02 00:00:00+00:00,-00+,True,True,True,2026-08-02 01:00:00+00:00,True,True,True,2026-08-02 04:00:00+00:00,True,0.7718606859235866,0.9819679881137189,-0.1957261867399751,0.8256826063983924,1.1191050337876707,-0.1957261867399751,0.39432859656998165,1.1191050337876707,-0.1957261867399751,0.7870681196095797,1.3770593399783149,-0.1957261867399751
2026-08-02 06:15:00+00:00,-0++,False,False,False,,False,False,False,,False,-0.4125957372823841,0.07326216152669929,-0.636224863180701,-0.49133838724658707,0.07326216152669929,-0.8120099549607795,-0.3275536753210573,0.07326216152669929,-0.8120099549607795,-1.1099878909552885,0.46984164380636795,-1.1759269860353028
2026-08-15 09:15:00+00:00,-0++,False,False,False,,False,True,True,2026-08-15 16:00:00+00:00,False,0.009351971860893649,0.11641537807132174,0.0,0.14636074127951648,0.15799910354441504,-0.05523855705266145,0.27563706537345745,0.2756529430846033,-0.05523855705266145,0.14456655992081124,0.30744012078491867,-0.05523855705266145
2026-08-17 04:15:00+00:00,-0++,False,False,True,2026-08-17 07:00:00+00:00,False,False,False,,False,0.12421673789844156,0.31354886590433395,-0.11244055032580969,-0.11023645104750734,0.31354886590433395,-0.3510972714667937,0.9116469486370793,1.1166281815188972,-0.3510972714667937,1.0039987083978241,1.719197437073361,-0.3510972714667937
2026-08-19 01:00:00+00:00,-0++,False,False,False,,False,False,False,,False,-0.33387571672089944,0.0,-0.3905160390516027,-0.2579110491244374,0.0,-0.5640787230745348,0.6051913838524658,0.7130017046335091,-0.5640787230745348,7.5189989152332215,8.476677514334408,-0.5640787230745348
2026-08-21 08:30:00+00:00,-00+,True,True,True,2026-08-21 09:00:00+00:00,False,False,False,,False,-1.044633338373202,2.3859928749651926,-1.5917609025627777,-0.6482514404227979,2.3859928749651926,-1.8085616326328768,-0.22322722194990652,2.3859928749651926,-1.8085616326328768,-0.4505241261323234,2.3859928749651926,-1.8085616326328768
2026-08-22 00:45:00+00:00,-00+,False,False,False,,False,False,False,,False,0.5871207505006026,1.1222744899830994,-0.20795784142557672,-0.5993460187060817,1.1222744899830994,-1.8643213308480844,-0.8377195064224296,1.1222744899830994,-1.8643213308480844,-0.8346663964194034,1.1222744899830994,-1.8643213308480844
2026-08-23 13:00:00+00:00,-0++,False,False,False,,False,True,True,2026-08-23 20:00:00+00:00,False,-0.07914519568231748,0.5520251330282111,-0.6941787486680284,-0.02181309346773741,0.5520251330282111,-0.6941787486680284,0.12984415210617328,0.923183904807523,-0.6941787486680284,2.4362135107482086,2.7297140493518945,-0.8648432541101259
2026-09-02 20:15:00+00:00,-0++,False,False,False,,False,True,True,2026-09-03 04:00:00+00:00,False,-0.2420189821039309,0.1280007484909973,-0.48460656924911305,0.27953399198472617,0.304048622967823,-0.5354708747575043,0.7711964328821264,1.0358303882176845,-0.5354708747575043,5.3671405214315016,5.695923463693786,-0.5354708747575043
2026-09-06 20:15:00+00:00,-00+,True,True,True,2026-09-06 21:00:00+00:00,True,True,True,2026-09-07 00:00:00+00:00,True,0.23518149533596766,0.5231440284304556,-0.35900863724965815,0.12260113060760247,0.7831209769158409,-0.35900863724965815,-0.5853328264151747,0.7831209769158409,-1.1671002117871865,-0.9007930416602306,0.7831209769158409,-1.568806569318859
2026-09-11 04:00:00+00:00,-00+,False,False,False,,True,True,True,2026-09-11 08:00:00+00:00,False,0.44303684833566503,0.5834717092797037,-0.046608110356782806,0.12951027320431407,0.6724791708640598,-0.15163223862728614,1.0620491902620266,3.7770885285203892,-1.2155130185103502,0.4048852262292568,3.7770885285203892,-1.2155130185103502
2026-09-11 16:45:00+00:00,-0++,False,False,False,,False,False,False,,False,-0.8085502335848926,0.056483905744642016,-1.3257867446994198,-0.9831100159145789,0.056483905744642016,-1.3257867446994198,-0.8897402330715121,0.056483905744642016,-1.3257867446994198,-0.7161430258226908,0.056483905744642016,-1.3257867446994198
2026-09-12 08:30:00+00:00,-0++,True,True,True,2026-09-12 09:00:00+00:00,True,True,True,2026-09-12 12:00:00+00:00,True,-0.011169886606254842,0.06453712261393907,-0.07605606817664423,0.13339223380020027,0.16850497919673746,-0.1236444392387237,-0.22083796644458698,0.20017884746679204,-0.37631141126733825,-0.6840909140858664,0.20017884746679204,-0.7690027372686314
2026-09-13 16:00:00+00:00,-00+,True,True,True,2026-09-13 17:00:00+00:00,True,True,True,2026-09-13 20:00:00+00:00,True,0.10104136984172563,0.2687873999430046,-0.020296350024606724,-0.3523042250602293,0.316037613656972,-0.4906095381188025,0.49538895940730576,0.8598036422039934,-1.0585705774162624,1.59023910058802,1.9510012175219416,-1.0585705774162624
2026-09-14 04:45:00+00:00,-00+,True,True,True,2026-09-14 05:00:00+00:00,False,False,True,2026-09-14 16:00:00+00:00,True,0.27092582070082916,0.27492933349364534,-0.3892418531089237,0.28941149391787935,0.8911098587081723,-0.3892418531089237,1.4001223967833987,1.5742945128188301,-0.3892418531089237,-0.14760217904379314,2.4693306461309295,-0.3892418531089237
2026-09-14 09:15:00+00:00,-00+,True,True,True,2026-09-14 10:00:00+00:00,False,True,True,2026-09-14 16:00:00+00:00,True,0.28541489881457327,0.7662963820103341,-0.10986397181721452,0.8095734012188549,1.2012265679240741,-0.3805960554398413,1.4518629946771444,2.3425647355293178,-0.3805960554398413,-1.113425390213174,2.3425647355293178,-1.3813803389133184
2026-09-15 22:30:00+00:00,-0++,False,False,True,2026-09-16 01:00:00+00:00,False,False,False,,False,0.06061069340326242,0.46326248728405517,-0.08727252144188347,0.4169878164967944,0.6576584249525119,-0.20657626684680297,0.49471180627007616,0.6576584249525119,-0.348772683052756,0.26753081319104144,1.2524711123854226,-0.7259264588489911
2026-09-16 23:00:00+00:00,-00+,True,True,True,2026-09-17 00:00:00+00:00,False,True,True,2026-09-17 04:00:00+00:00,True,0.4940054310536235,1.2245449027046051,-0.0014239507460711565,0.8333276199506967,1.2245449027046051,-0.0014239507460711565,0.7766200999613337,1.2245449027046051,-0.0014239507460711565,,,
2026-09-17 10:45:00+00:00,-0++,False,False,True,2026-09-17 13:00:00+00:00,False,False,False,,False,0.382267429875216,1.0175910293459545,-0.5261772563313394,0.4600009868850563,1.0175910293459545,-0.5261772563313394,,,,,,
