policy,mode,stable_dev,score,disc_n,cal_n,disc_net24,cal_net24,disc_net48,cal_net48,disc_pf24,cal_pf24
WAIT24H_STOCH_MULTI,DELAYED_CONFIRM,False,-0.23953487057836023,2364,1908,0.3261243384877657,-0.03366229366293737,0.6712118758833597,-0.20422543745669416,1.193716225783209,0.9835286054127129
WAIT24H_STRUCT_M4,DELAYED_CONFIRM,False,-0.27771286144153234,2364,1908,0.3221697611103545,-0.06178679379164425,0.6529891354364825,-0.2129220534665175,1.1892504206900656,0.9699598581662942
WAIT24H_HLHH_M3,DELAYED_CONFIRM,False,-0.29588931459661844,2363,1908,0.2692855510247649,-0.0840000298453849,0.6255182600792305,-0.20781244407210786,1.1562513559715857,0.9592315932087434
WAIT24H_TURN4,DELAYED_CONFIRM,False,-0.30698941066572294,2364,1908,0.2958918729271554,-0.04828145634506648,0.6389008821712189,-0.25636499780341654,1.1707347140238067,0.9765704348276009
DIP3_STOCH_MULTI,DIP_RECLAIM,False,-0.32548386506915966,1283,1212,0.6214677830376623,0.08464629526928479,1.1581927509866214,-0.4143907334474119,1.3497539662869942,1.0426057310896744
DIP3_HLHH_M3,DIP_RECLAIM,False,-0.37014210968815187,1275,1203,0.5458726095850616,0.02895624913911823,1.0680527218622824,-0.4005290805286069,1.3068122430596736,1.0143072170133685
DIP3_TURN4,DIP_RECLAIM,False,-0.37058705965868444,1284,1208,0.6094355127912634,0.04360289402737627,1.104992767998993,-0.41637046145464274,1.3457563936539843,1.0218050776858203
DIP3_STRUCT_M4,DIP_RECLAIM,False,-0.3993765798447166,1280,1205,0.5995671538321338,0.015394353801120489,1.0705881008220568,-0.4155342257389155,1.343037320505333,1.0076329209307844
WAIT24H_RECLAIM_M3,DELAYED_CONFIRM,False,-0.40063157408640104,2364,1908,0.30397671609269844,-0.11434646448577251,0.6330731903848653,-0.280791265774882,1.1791259087938777,0.945061561742535
IMP1_GB1_TURN4,IMPULSE_GIVEBACK,False,-0.412860375066416,1370,1128,0.413122998034115,-0.20089479820192194,1.0952481193567196,-0.202311049969107,1.2287064879527,0.9034547310461298
IMP1_GB1_HLHH_M3,IMPULSE_GIVEBACK,False,-0.412899559835123,1321,1104,0.397815732307898,-0.11007832442315717,1.0087220999581747,-0.2974197006911034,1.2208969146838853,0.9459846527913761
IMP1_GB1_STRUCT_M4,IMPULSE_GIVEBACK,False,-0.45009274827462065,1346,1119,0.43426125970560653,-0.196570895254953,1.0845302505660557,-0.24409528858646165,1.241349305009372,0.9057343556679401
WAIT18H_STOCH_MULTI,DELAYED_CONFIRM,False,-0.450423650806171,2364,1908,0.23986240702311107,-0.06686188956317164,0.4423641916297185,-0.3801597532940723,1.13520280219201,0.9659799205107291
IMP1.5_GB1_STRUCT_M4,IMPULSE_GIVEBACK,False,-0.5110685079369562,1066,879,0.6620948441081802,-0.1761154034339491,1.309828658596173,-0.3267901430684767,1.3825115014196585,0.9183703856546954
DIP3_RECLAIM_M3,DIP_RECLAIM,False,-0.5124835367420584,1273,1203,0.5003118266975224,-0.07239737077609348,1.0054042524569318,-0.4366229352243979,1.2777856152024707,0.9653676925843307
IMP1.5_GB1_HLHH_M3,IMPULSE_GIVEBACK,False,-0.5261727308908271,1050,866,0.7173054007802973,-0.09907746904136942,1.2378713726505908,-0.42239479776901745,1.4179839639279033,0.9529953591955976
IMP1_GB1_STOCH_MULTI,IMPULSE_GIVEBACK,False,-0.5356721337825678,1383,1143,0.5091116188300489,-0.2135790079091023,1.147879040660602,-0.31182413291849276,1.2862356103604482,0.897310070450273
IMP1.5_GB1_TURN4,IMPULSE_GIVEBACK,False,-0.5376873374403954,1086,891,0.6684989266700346,-0.18312538210936105,1.3445778452423842,-0.34604013389268296,1.3882584076649191,0.9147817856164852
WAIT18H_TURN4,DELAYED_CONFIRM,False,-0.5511413484894752,2364,1908,0.2327774833377923,-0.1262036208465145,0.46311280407083566,-0.4185849380401999,1.130106729644922,0.936472103972392
WAIT18H_RECLAIM_M3,DELAYED_CONFIRM,False,-0.5618404301064034,2364,1908,0.24041237196734086,-0.11693442321772834,0.47494408109681485,-0.4390577490624272,1.1339936021271804,0.941517421737521
WAIT18H_HLHH_M3,DELAYED_CONFIRM,False,-0.5672979796067423,2364,1908,0.24559458021529182,-0.13786220516976025,0.47349388781772184,-0.4225231220947649,1.1369989640693186,0.9308734765778285
WAIT18H_STRUCT_M4,DELAYED_CONFIRM,False,-0.5998026602952334,2364,1908,0.23078437697452206,-0.1533649908069398,0.4747493143317476,-0.43875216190405,1.1286964071168373,0.9231449241575636
IMP0.5_GB1_HLHH_M3,IMPULSE_GIVEBACK,False,-0.6040254614244076,1700,1439,0.23962868770874762,-0.22941120382765787,0.7909606903529409,-0.3633899380160416,1.1353624485551244,0.8877568041929186
DIP2_STOCH_MULTI,DIP_RECLAIM,False,-0.606369005557424,1605,1423,0.41012488895749216,-0.12179335988600974,0.9173744557216678,-0.4786810219746351,1.229943103314848,0.9410537630322084
IMP1_GB1_RECLAIM_M3,IMPULSE_GIVEBACK,False,-0.625489581522268,1306,1073,0.48541277649338566,-0.23292732756646473,1.084315658954456,-0.3813328298087599,1.2733389791709455,0.8877057585295666
IMP0.5_GB1_STOCH_MULTI,IMPULSE_GIVEBACK,False,-0.6467157406402603,1748,1477,0.32354215947994175,-0.29899825743378305,0.8292208685147247,-0.3332863469912132,1.1848536101321507,0.8556886378473599
DIP2_TURN4,DIP_RECLAIM,False,-0.6746790757388382,1607,1422,0.39547821181327814,-0.16379601127326776,0.853245384586349,-0.5030549059974028,1.2227181173819461,0.9217184153183227
IMP0.5_GB1_RECLAIM_M3,IMPULSE_GIVEBACK,False,-0.6843692468829377,1669,1414,0.31544355019140274,-0.29201872906824744,0.8009687756988435,-0.3781993314260083,1.1806716317847987,0.8584881361131813
DIP2_STRUCT_M4,DIP_RECLAIM,False,-0.6844967034626899,1605,1420,0.35818772341145305,-0.18540463335056964,0.821498484711502,-0.49026830448707637,1.2013261168372609,0.9117623437495621
IMP0.5_GB1_TURN4,IMPULSE_GIVEBACK,False,-0.6908926731733309,1735,1461,0.24151619057123358,-0.30572005517628437,0.7615564753970486,-0.3705045193508067,1.1366091038399,0.8533190135376009
IMP0.5_GB1_STRUCT_M4,IMPULSE_GIVEBACK,False,-0.6909739457790958,1721,1455,0.27510635234196934,-0.29482462643822593,0.8281527802877026,-0.38194791175998366,1.1545644863092612,0.8579859241911385
DIP2_HLHH_M3,DIP_RECLAIM,False,-0.6997995447065837,1598,1417,0.3126365985055754,-0.1940346515187722,0.7638041256105318,-0.4966189389135417,1.1738796130041422,0.9085404572573024
IMP1.5_GB1_STOCH_MULTI,IMPULSE_GIVEBACK,False,-0.7110230725566254,1102,899,0.7659899965837706,-0.23905621839840765,1.3635899367030555,-0.4609562363917704,1.4562731268031566,0.8898938223355257
IMP2_GB1_HLHH_M3,IMPULSE_GIVEBACK,False,-0.7551214331674786,838,670,0.8804096869958044,-0.03711807918000182,1.450348000457175,-0.7162533389722445,1.5256654477821074,0.9824998498476778
IMP0.5_GB0.7_RECLAIM_M3,IMPULSE_GIVEBACK,False,-0.7950192237603116,1931,1584,0.1752505164712825,-0.3622517656023149,0.5840815236237862,-0.4153927193635497,1.097928336872782,0.8262526120555291
DIP1_HLHH_M3,DIP_RECLAIM,False,-0.8086826777773044,2004,1695,0.1078125476117643,-0.4022929539448011,0.5427769985020778,-0.38771709915917385,1.0610884473444737,0.8132737532667043
IMP0.5_GB0.7_HLHH_M3,IMPULSE_GIVEBACK,False,-0.8295495533470643,1958,1603,0.09155091608948021,-0.3729766526170228,0.4949976605573235,-0.4386544755984758,1.0502133987734952,0.8208157486843445
DIP1_TURN4,DIP_RECLAIM,False,-0.8366942615905059,2011,1697,0.13571641684060495,-0.412695385992464,0.5812218671011978,-0.40483667873201806,1.0772165378255025,0.8083780313397627
DIP2_RECLAIM_M3,DIP_RECLAIM,False,-0.8551425708380371,1596,1417,0.3256610942700046,-0.30041651505610883,0.7788462259556276,-0.5409889909288986,1.1807084104239567,0.8626293514697022
IMP1.5_GB0.7_HLHH_M3,IMPULSE_GIVEBACK,False,-0.8554796060992399,1375,1084,0.4298342192020784,-0.35746621290235636,0.7502189543652287,-0.48132042361777605,1.2388326063034014,0.8330703042089254
IMP1_GB0.7_TURN4,IMPULSE_GIVEBACK,False,-0.8567235285607584,1668,1324,0.26098338648442604,-0.3919250982667058,0.8377430362193744,-0.44629034638567733,1.1452666664068167,0.8149191609162467
IMP1_GB0.7_HLHH_M3,IMPULSE_GIVEBACK,False,-0.866511709069545,1634,1307,0.1596134780024305,-0.389201290093283,0.6176746705268754,-0.4589806958012454,1.0863724406679907,0.8167027682498347
DIP1_STOCH_MULTI,DIP_RECLAIM,False,-0.8690706794340812,2009,1697,0.17624683307266586,-0.42676925343586153,0.6220299229877316,-0.4225956642604898,1.1006861009756286,0.8029423826227011
IMP1.5_GB1_RECLAIM_M3,IMPULSE_GIVEBACK,False,-0.8694224650611921,1033,831,0.765053961850158,-0.29607891730152824,1.2711796088211824,-0.5598565268105326,1.4508642371298932,0.8651297905086869
DIP1_STRUCT_M4,DIP_RECLAIM,False,-0.8900919183244641,2009,1695,0.12878536344674416,-0.4389649253855797,0.5805838899155068,-0.43108414930365274,1.07306504970842,0.7995715636476828
IMP0.5_GB0.7_STRUCT_M4,IMPULSE_GIVEBACK,False,-0.8980818823431649,1972,1608,0.13812999694973613,-0.40207560819288846,0.5840697262033208,-0.47674381441328656,1.0766202819634039,0.807375402630101
IMP0.5_GB0.7_STOCH_MULTI,IMPULSE_GIVEBACK,False,-0.9082370402948856,1988,1621,0.1510386798196125,-0.4158048314668315,0.5004524368861563,-0.4725984526995807,1.0846589740867005,0.8016624387152664
DIP1_RECLAIM_M3,DIP_RECLAIM,False,-0.9109927986656341,2003,1695,0.12492912034887045,-0.45145438107004165,0.5464917838749755,-0.4390009835107442,1.0715257004318792,0.7946256591515172
IMP0.5_GB0.7_TURN4,IMPULSE_GIVEBACK,False,-0.9143819831870349,1985,1611,0.17097561492133445,-0.41941193663673865,0.6123695840456241,-0.4750445553759384,1.0972086684313307,0.8007450882564222
IMP1_GB0.7_RECLAIM_M3,IMPULSE_GIVEBACK,False,-0.9197173731023353,1611,1289,0.25957758466984376,-0.4067357696497452,0.7517718900345147,-0.4940277863840663,1.142808039636455,0.8104618293147624
IMP1.5_GB0.7_TURN4,IMPULSE_GIVEBACK,False,-0.9221433883177671,1405,1106,0.48279548077017914,-0.41149566192977227,0.9842415610533432,-0.4918620656451765,1.2750751704147212,0.8121433925718163
IMP2_GB1_STRUCT_M4,IMPULSE_GIVEBACK,False,-0.9235780110033716,854,686,0.8211675880457494,-0.22000615255493033,1.5154679724349536,-0.693518607764993,1.4875748859470557,0.8994674931655167
IMP1_GB0.7_STOCH_MULTI,IMPULSE_GIVEBACK,False,-0.9276931489602592,1674,1336,0.23218970985123674,-0.42190174358703153,0.6763311058614224,-0.4860434202059434,1.1287554776288975,0.8025201483271573
IMP1_GB0.7_STRUCT_M4,IMPULSE_GIVEBACK,False,-0.9289381300383505,1651,1315,0.20768993065891153,-0.4291145743846163,0.7306435329456308,-0.4796532415037965,1.1132167594621012,0.7982968585006237
IMP0.5_GB0.3_STRUCT_M4,IMPULSE_GIVEBACK,False,-0.9344436173909766,2168,1749,-0.07855779573647118,-0.49830005373557384,0.36077197622664176,-0.413304739106921,0.9576403529631358,0.7716117545151826
DIP1.5_STOCH_MULTI,DIP_RECLAIM,False,-0.9348580947898832,1812,1547,0.2622501007821857,-0.3280148763662267,0.6844578950723867,-0.5913242955685711,1.1471481222724031,0.8448107714491466
IMP2_GB1_TURN4,IMPULSE_GIVEBACK,False,-0.9502686326781559,868,696,0.8174890634111468,-0.2326655669215931,1.5615806790583262,-0.7068555719067039,1.4844805091873015,0.8925250615014113
IMP1.5_GB0.7_STOCH_MULTI,IMPULSE_GIVEBACK,False,-0.9526555790474288,1414,1112,0.48450826408993164,-0.4226778917277931,0.7833904892706962,-0.5109063451558955,1.2810239747701933,0.8092865783625987
IMP0.5_GB0.3_TURN4,IMPULSE_GIVEBACK,False,-0.9554734334133956,2173,1753,-0.06488700909633895,-0.5058473013284833,0.4087145523978248,-0.4264822181320303,0.9646811694430573,0.768560860471181
IMP0.5_GB0.3_RECLAIM_M3,IMPULSE_GIVEBACK,False,-0.957554671336766,2164,1746,-0.014970679670527313,-0.5168429747675551,0.42345305440045417,-0.4167112300624675,0.9918057510460477,0.759995334932567
IMP1.5_GB0.7_RECLAIM_M3,IMPULSE_GIVEBACK,False,-0.9818018431866204,1349,1061,0.49060867278133147,-0.4330524793968354,0.8933106069598394,-0.5291202440971211,1.2733863937070604,0.803708803073361
DIP1.5_HLHH_M3,DIP_RECLAIM,False,-0.9863979186278395,1805,1542,0.15643775621053768,-0.3800147551112951,0.5806583485997289,-0.5886123657828647,1.0866180216582193,0.822292022663203
IMP0.5_GB0.5_RECLAIM_M3,IMPULSE_GIVEBACK,False,-0.9907461004653059,2092,1691,0.18004737296882625,-0.48341442793395667,0.46737690814768745,-0.4848520890183245,1.1020158639257895,0.7752041648697526
WAIT4H_HLHH_M3,DELAYED_CONFIRM,False,-0.9928929737557877,2364,1908,0.06094818159442366,-0.472381214115834,0.545166060727266,-0.49920793408821307,1.0348072498298286,0.7869617444825944
IMP0.5_GB0.3_HLHH_M3,IMPULSE_GIVEBACK,False,-0.9948410725905628,2171,1744,-0.09710269858667808,-0.514759850309052,0.39577013617960843,-0.4562508878670059,0.9475984052838046,0.7616966558549527
IMP1.5_GB0.7_STRUCT_M4,IMPULSE_GIVEBACK,False,-1.0041016154970988,1385,1093,0.44752611399729714,-0.4611086377571533,0.8667235717756411,-0.522074695564753,1.2507886046750338,0.7908171782480747
IMP0.5_GB0.5_TURN4,IMPULSE_GIVEBACK,False,-1.009682743162763,2118,1709,0.10063277778451957,-0.5112272477517572,0.4447460892520757,-0.47517275721269664,1.057131793086117,0.7671726180169084
WAIT2H_STOCH_MULTI,DELAYED_CONFIRM,False,-1.019002165903882,2364,1908,0.0898180007620616,-0.5450022566064041,0.5741495107718553,-0.44929523038129016,1.0521651414437094,0.7529532108381227
DIP1.5_TURN4,DIP_RECLAIM,False,-1.0280649029393745,1813,1545,0.23711041038610875,-0.3738208257641424,0.6228925813798246,-0.6366903112110457,1.1325299433435434,0.8244623403581357
IMP0.5_GB0.3_STOCH_MULTI,IMPULSE_GIVEBACK,False,-1.034729416073846,2172,1747,-0.00034892046565493444,-0.5310836750801244,0.4137108288428116,-0.4791669979802977,0.9998075046107217,0.7552125698657616
DIP1.5_STRUCT_M4,DIP_RECLAIM,False,-1.0367871775890436,1811,1542,0.21259059397764174,-0.38667006279391786,0.6134399843258203,-0.6321238005016796,1.1187434182407408,0.8200668570655401
IMP1_GB0.3_STRUCT_M4,IMPULSE_GIVEBACK,False,-1.0506715898172183,1931,1529,-0.11674103280989374,-0.5920242655379994,0.4418117966945983,-0.4325830635518285,0.939940910515744,0.7393573927260965
WAIT2H_RECLAIM_M3,DELAYED_CONFIRM,False,-1.0564827932068215,2364,1908,0.04632551689133029,-0.5476009321169083,0.5861167332717023,-0.48418854644176257,1.0266747526452549,0.7530668535184936
WAIT4H_STOCH_MULTI,DELAYED_CONFIRM,False,-1.0592960135255998,2364,1908,0.11699068719091339,-0.5182827630900937,0.5616546654617085,-0.517708421246665,1.0675869372953575,0.7669517081115911
WAIT12H_STRUCT_M4,DELAYED_CONFIRM,False,-1.060033181143467,2364,1908,0.13593486276923378,-0.32833699035577757,0.4970856484970539,-0.7151941561373311,1.0737066114141,0.8349796534964171
IMP0.5_GB0.5_HLHH_M3,IMPULSE_GIVEBACK,False,-1.0601612947890329,2109,1694,0.05466617348461235,-0.5188464300372334,0.43737722526697487,-0.5171603952731174,1.030338421731319,0.7584553052131782
WAIT4H_RECLAIM_M3,DELAYED_CONFIRM,False,-1.0643016146903308,2364,1908,0.045749880858159814,-0.493142933075264,0.5232844783394751,-0.5490782109473531,1.0260018868167782,0.7791952933228631
WAIT12H_TURN4,DELAYED_CONFIRM,False,-1.0673000128889305,2364,1908,0.14942514934873002,-0.34507389866754457,0.509705507194198,-0.7049511635445076,1.0815683214601446,0.8272504932312166
WAIT2H_HLHH_M3,DELAYED_CONFIRM,False,-1.0675873162256126,2364,1908,0.03421170019153239,-0.5707889642526204,0.5286052283440368,-0.47112204493928983,1.0195250130018083,0.7432369296629757
IMP1_GB0.3_TURN4,IMPULSE_GIVEBACK,False,-1.0756827004778013,1934,1531,-0.08946417038564151,-0.6030480855749073,0.5446406445259574,-0.4461641612637396,0.9530195560582481,0.7352954636084544
WAIT4H_STRUCT_M4,DELAYED_CONFIRM,False,-1.077641223721832,2364,1908,0.08341900261257156,-0.5258917965748491,0.5451814767621324,-0.5282952018788061,1.0481255345079836,0.7654577473182321
IMP0.5_GB0.5_STOCH_MULTI,IMPULSE_GIVEBACK,False,-1.0825068680096797,2123,1708,0.1600677290405872,-0.5591168952523782,0.47157408963711756,-0.49785645685770896,1.0911349316454084,0.7446648410040748
WAIT12H_STOCH_MULTI,DELAYED_CONFIRM,False,-1.0859363177071621,2364,1908,0.15076031938363343,-0.33517910539488777,0.5129887339944841,-0.7339869175131948,1.082985833557462,0.8322970520092036
IMP1_GB0.5_TURN4,IMPULSE_GIVEBACK,False,-1.0967970251423889,1845,1448,0.11395792071489635,-0.5897101261404382,0.618483763040766,-0.4810248353290296,1.0619205078564966,0.7393793632707908
WAIT4H_TURN4,DELAYED_CONFIRM,False,-1.100363406479219,2364,1908,0.09106435099141502,-0.504557294473916,0.5425149547416251,-0.5730364096917366,1.0524155596847422,0.7723029768643366
IMP1_GB0.3_STOCH_MULTI,IMPULSE_GIVEBACK,False,-1.105033567761928,1936,1525,0.004478644192344671,-0.5968661800040492,0.5364407320824802,-0.481652767261911,1.0024041656199905,0.7348537950403203
WAIT2H_STRUCT_M4,DELAYED_CONFIRM,False,-1.1077314755542658,2364,1908,0.03842387178480165,-0.5808460611138048,0.5466247153136666,-0.5007063963497741,1.0219475960423012,0.7382098190931311
IMP0.5_GB0.5_STRUCT_M4,IMPULSE_GIVEBACK,False,-1.107909461212303,2113,1698,0.10473835132996727,-0.5692203932221531,0.44098982788436103,-0.5129828337653237,1.0588859010347675,0.7429376577517379
IMP2_GB1_STOCH_MULTI,IMPULSE_GIVEBACK,False,-1.1147519422717387,881,700,0.9471323046502005,-0.27683410666714364,1.5940890778954553,-0.8252476135910196,1.5784520638331032,0.8732977798642456
WAIT12H_RECLAIM_M3,DELAYED_CONFIRM,False,-1.115108699783072,2364,1908,0.15345865678936632,-0.36463744648197527,0.49450210727092964,-0.7323718612036975,1.0826299117755136,0.8190060790260082
WAIT2H_TURN4,DELAYED_CONFIRM,False,-1.123582562110853,2364,1908,0.03604662122341442,-0.6009865545875952,0.5519468179777535,-0.4958325451057134,1.0205591523724793,0.7323653758245571
DIP0.5_TURN4,DIP_RECLAIM,False,-1.1277188247657053,2217,1817,0.013649094650232412,-0.6140819386711508,0.47496162921118873,-0.4863245373356449,1.0077354075595528,0.7268765124109057
WAIT8H_TURN4,DELAYED_CONFIRM,False,-1.1283705299590616,2364,1908,0.05885514032216508,-0.40542582895946133,0.5619397753573064,-0.7034831269276033,1.0331993113637161,0.8053842592800298
WAIT8H_RECLAIM_M3,DELAYED_CONFIRM,False,-1.1287541249673982,2364,1908,0.03484547144449685,-0.4031249656609982,0.5367580574581222,-0.7063469547191474,1.0194391605615323,0.8071779541274722
DIP1.5_RECLAIM_M3,DIP_RECLAIM,False,-1.1433132709430087,1807,1543,0.19584686597959103,-0.47980151113321734,0.5985877974414769,-0.6418317207517025,1.1097490346358478,0.7831996094191116
WAIT12H_HLHH_M3,DELAYED_CONFIRM,False,-1.1486651670177532,2364,1908,0.1321849690790105,-0.36949498496561,0.4960108233642955,-0.7609276625182964,1.0712854662524292,0.8175748046615305
DIP0.5_HLHH_M3,DIP_RECLAIM,False,-1.1490027611685647,2216,1816,0.05322942983057777,-0.614339991556936,0.4911301126088523,-0.5073942678487642,1.0303940272510301,0.7273149823713533
WAIT8H_STRUCT_M4,DELAYED_CONFIRM,False,-1.1556195186785057,2364,1908,0.07460932534124146,-0.41802992557596763,0.5560684403719046,-0.7176100714815064,1.0422949113587212,0.8002047837896826
IMP2_GB0.7_HLHH_M3,IMPULSE_GIVEBACK,False,-1.1622485750087719,1157,883,0.4936801697489146,-0.33940678599909596,0.7936091823744849,-0.8070774889991812,1.271943131635393,0.8423569998950516
IMP1_GB0.5_STRUCT_M4,IMPULSE_GIVEBACK,False,-1.1668673225606385,1832,1442,0.11790992844924535,-0.6014330179917586,0.5602616368077716,-0.5388231925800884,1.0635583943048486,0.733888880112086
DIP0.5_RECLAIM_M3,DIP_RECLAIM,False,-1.1674447780736532,2216,1814,0.058536189470666834,-0.6207051110117959,0.4717879504076573,-0.5193795937339674,1.0333866198888197,0.7263992667211021
IMP1_GB0.5_RECLAIM_M3,IMPULSE_GIVEBACK,False,-1.1709397816641631,1818,1426,0.2522389874775406,-0.5585064746734902,0.5867932319405323,-0.5874302587495627,1.1388739503440857,0.7499695175888972
IMP2_GB1_RECLAIM_M3,IMPULSE_GIVEBACK,False,-1.1711260104062855,819,642,0.9766620029869122,-0.3056495398948318,1.4866894584485881,-0.851726615447214,1.592467471988242,0.8625014493576004
WAIT8H_HLHH_M3,DELAYED_CONFIRM,False,-1.1732224853041389,2364,1908,0.06969193918120933,-0.4312005708524414,0.5683674931201605,-0.721576998670252,1.0395737717879314,0.795550842185546
WAIT8H_STOCH_MULTI,DELAYED_CONFIRM,False,-1.1767661805768241,2364,1908,0.06860039977455744,-0.43475136511997386,0.5297453309088223,-0.7213914390075833,1.03876126781026,0.7937662355073304
IMP1_GB0.5_STOCH_MULTI,IMPULSE_GIVEBACK,False,-1.1807248832267245,1851,1454,0.1737337762760794,-0.6168963912413098,0.6406414969967762,-0.5363188308805258,1.0951820456015575,0.7249033889511088
IMP1_GB0.3_RECLAIM_M3,IMPULSE_GIVEBACK,False,-1.1970992220304577,1928,1523,0.00471548569178068,-0.6350692698607646,0.5229852975798145,-0.5341648562484193,1.0024818850541146,0.7213490407872621
IMP1_GB0.3_HLHH_M3,IMPULSE_GIVEBACK,False,-1.197249930253832,1932,1527,-0.11473065827937672,-0.6642447844720413,0.49004658299042503,-0.5040380988539717,0.9408839290893609,0.7103295307218083
IMP2_GB0.7_STOCH_MULTI,IMPULSE_GIVEBACK,False,-1.221152813101204,1195,915,0.5674835725852322,-0.3827569318657849,0.8711124491929634,-0.8209613884707793,1.3270689424771474,0.8256550723536037
DIP0.5_STOCH_MULTI,DIP_RECLAIM,False,-1.2233128389440262,2216,1816,0.045454184616618716,-0.6472971508083096,0.49821325354677537,-0.5475769666476078,1.02579085328267,0.7156127851189131
IMP1_GB0.5_HLHH_M3,IMPULSE_GIVEBACK,False,-1.2263983087669943,1830,1436,0.10972076573771476,-0.6171416094745478,0.5917103312676656,-0.5819374879778816,1.059177395007641,0.7268078868543524
IMP2_GB0.7_TURN4,IMPULSE_GIVEBACK,False,-1.244939866108038,1183,908,0.5626807910266741,-0.41860425248678074,1.1358295806546943,-0.8072128572163654,1.3182791380118861,0.8087724359510805
IMP2_GB0.7_RECLAIM_M3,IMPULSE_GIVEBACK,False,-1.2479907499486158,1132,864,0.598334868389847,-0.4129868995118532,0.9726402568587023,-0.8162849547726192,1.3355381295861461,0.8128110433585638
DIP0.5_STRUCT_M4,DIP_RECLAIM,False,-1.2648361750046118,2217,1816,0.03351643388563616,-0.676586218110417,0.4672942100717741,-0.5588566146388828,1.0190196702783252,0.7060665774468781
IMP1.5_GB0.3_STOCH_MULTI,IMPULSE_GIVEBACK,False,-1.3341253916632887,1732,1347,0.11660980502353652,-0.7188228016574776,0.5438574230248482,-0.5845641866481907,1.0642380773480722,0.6926159664237944
IMP1.5_GB0.5_HLHH_M3,IMPULSE_GIVEBACK,False,-1.3486327793664692,1593,1227,0.29416543849514076,-0.6814796957656184,0.6565521425315199,-0.637862967834514,1.160401954527457,0.7070988423366323
IMP2_GB0.7_STRUCT_M4,IMPULSE_GIVEBACK,False,-1.3546363078223589,1169,899,0.5407463443702607,-0.4692639283789217,1.0157616139847456,-0.864100910232621,1.3037346191463732,0.7872853078918405
IMP1.5_GB0.5_TURN4,IMPULSE_GIVEBACK,False,-1.374588059741081,1611,1236,0.31695356243475425,-0.718631537618369,0.6902264827145884,-0.6258279533141956,1.1754641968488895,0.6987143119148349
IMP1.5_GB0.3_STRUCT_M4,IMPULSE_GIVEBACK,False,-1.3804533990559997,1725,1344,0.027780428918282307,-0.7720000574830659,0.4995561481620137,-0.5758416736377266,1.014653624128978,0.6738833206479301
IMP1.5_GB0.5_RECLAIM_M3,IMPULSE_GIVEBACK,False,-1.3876709277536696,1575,1215,0.40337094397355344,-0.7072490133743654,0.6559751396429802,-0.6502494663331242,1.220838305336437,0.6982755195381998
IMP1.5_GB0.5_STOCH_MULTI,IMPULSE_GIVEBACK,False,-1.391540309225986,1620,1245,0.3378813985012551,-0.7207715494735728,0.7052577532579183,-0.6402773259443493,1.1897690178811886,0.6950856619193607
IMP1.5_GB0.3_TURN4,IMPULSE_GIVEBACK,False,-1.4244052593110392,1728,1350,0.08366867423373268,-0.8148479421308369,0.5884804633839322,-0.5760375275522276,1.0452806507773538,0.664802103720251
IMP1.5_GB0.5_STRUCT_M4,IMPULSE_GIVEBACK,False,-1.453747820233405,1599,1231,0.3265333821258912,-0.7534798232769683,0.6584016781282095,-0.6686613680338789,1.1802082796963271,0.68393371077442
IMP1.5_GB0.3_RECLAIM_M3,IMPULSE_GIVEBACK,False,-1.4855550879870512,1717,1336,0.10475760578837588,-0.8152499172607219,0.5577086170614849,-0.6359901231915905,1.0552343130328727,0.6568495246526131
IMP1.5_GB0.3_HLHH_M3,IMPULSE_GIVEBACK,False,-1.5154704348406216,1726,1345,0.029776448515458215,-0.8350939447703419,0.5162067236881437,-0.6453212062076537,1.0154836511477598,0.6494471613737417
IMP2_GB0.3_STOCH_MULTI,IMPULSE_GIVEBACK,False,-1.5402029819536622,1548,1168,0.09692050248443125,-0.7227155903474248,0.5729931817427865,-0.7863889788758077,1.051358095650502,0.6890158726957032
IMP2_GB0.5_RECLAIM_M3,IMPULSE_GIVEBACK,False,-1.574641521919792,1362,1024,0.4736527870691802,-0.6592887659731926,0.7232871687003393,-0.887192209022938,1.2572796738812726,0.718394530763389
IMP2_GB0.5_HLHH_M3,IMPULSE_GIVEBACK,False,-1.6151496069342164,1385,1037,0.3504937974410704,-0.6538432753263196,0.7467972206972752,-0.9332050716855191,1.1874993319443214,0.718987400776223
IMP2_GB0.5_STOCH_MULTI,IMPULSE_GIVEBACK,False,-1.6407509116428702,1414,1057,0.3723594071405077,-0.698113328049961,0.7662883590104156,-0.9131373135095322,1.202894167946536,0.7049972991662289
IMP2_GB0.3_STRUCT_M4,IMPULSE_GIVEBACK,False,-1.6440467302762458,1541,1165,0.07144783608770598,-0.8252394922729867,0.5789761604670262,-0.7838951195056875,1.0369525003835427,0.6508788150242826
IMP2_GB0.3_TURN4,IMPULSE_GIVEBACK,False,-1.688753398501654,1545,1170,0.07229569784265329,-0.8527894011496394,0.6315780171203804,-0.8003156106792141,1.0375185300298273,0.6435161332719941
IMP2_GB0.5_TURN4,IMPULSE_GIVEBACK,False,-1.7102246511332226,1401,1048,0.3550137963677913,-0.7306391829961157,0.7584249046205481,-0.9487193115209355,1.1910673154074947,0.6913384338382862
IMP2_GB0.3_HLHH_M3,IMPULSE_GIVEBACK,False,-1.7229570362928475,1545,1163,0.033396544529505384,-0.8336809556618093,0.5536150224933669,-0.8540503765516213,1.0169532020548855,0.6477429592058315
IMP2_GB0.3_RECLAIM_M3,IMPULSE_GIVEBACK,False,-1.7275332275649473,1530,1152,0.13520907494901124,-0.8317535827930475,0.6205153886274817,-0.8609839425238532,1.0699972503886301,0.6520429775195341
IMP2_GB0.5_STRUCT_M4,IMPULSE_GIVEBACK,False,-1.7830034784552689,1387,1043,0.3740120285134207,-0.7746494084285783,0.750524351789738,-0.9759663538050355,1.2024583645961178,0.676122837783449
