policy,type,train_score,DISCOVERY_n,DISCOVERY_mean,DISCOVERY_median,DISCOVERY_win,DISCOVERY_pf,DISCOVERY_q10,DISCOVERY_q25,CALIBRATION_n,CALIBRATION_mean,CALIBRATION_median,CALIBRATION_win,CALIBRATION_pf,CALIBRATION_q10,CALIBRATION_q25,CROSS_HOLDOUT_PRE2026_n,CROSS_HOLDOUT_PRE2026_mean,CROSS_HOLDOUT_PRE2026_median,CROSS_HOLDOUT_PRE2026_win,CROSS_HOLDOUT_PRE2026_pf,CROSS_HOLDOUT_PRE2026_q10,CROSS_HOLDOUT_PRE2026_q25,FINAL_HOLDOUT_2026_n,FINAL_HOLDOUT_2026_mean,FINAL_HOLDOUT_2026_median,FINAL_HOLDOUT_2026_win,FINAL_HOLDOUT_2026_pf,FINAL_HOLDOUT_2026_q10,FINAL_HOLDOUT_2026_q25
FIXED_24H,fixed,5.916106977524721,27,3.415358477660622,4.024854162983904,88.88888888888889,11.01062245408734,0.19347319347319514,2.431192062185261,48,3.4574749932918087,3.169660666123064,85.41666666666666,14.531221120562826,-0.821944739638689,0.976254722072323,40,2.759756460723524,3.0651828847480966,80.0,5.022560565978723,-1.3878101252645934,0.34601049012903967,36,5.7914504361556345,3.3642843211877382,97.22222222222221,364.50346224527965,1.4663721437681578,2.9431077789480065
FIXED_72H,fixed,5.810905465946323,27,3.555127322222021,6.773848069738486,70.37037037037037,2.6686075361715185,-5.278003168078231,-0.7813572430427238,48,4.158374602326371,3.3934829452675785,81.25,7.572712098423592,-2.476683236988518,1.1968490923146615,40,6.301988670015521,6.249103545441271,77.5,4.091983188704135,-4.895243564976761,1.494600064332802,36,2.5947716269813847,1.079280591844334,63.888888888888886,3.522311606889797,-4.248626441010539,-0.6553887181865556
PROGRESS_6H_MFE0.5_24H,progress,5.349021335097692,27,3.415358477660622,4.024854162983904,88.88888888888889,11.01062245408734,0.19347319347319514,2.431192062185261,48,3.0566061685669266,3.169660666123064,75.0,6.779229844139369,-2.558303693570446,0.005198358413138926,40,2.5052308987810354,3.0651828847480966,75.0,3.729220326415085,-3.0310047846889963,0.12563405169636627,36,5.7914504361556345,3.3642843211877382,97.22222222222221,364.50346224527965,1.4663721437681578,2.9431077789480065
PROGRESS_6H_MFE1_24H,progress,5.349021335097692,27,3.2095894047837352,4.024854162983904,85.18518518518519,10.15776783355247,-0.30344923893310877,0.7245736518463832,48,3.0566061685669266,3.169660666123064,75.0,6.779229844139369,-2.558303693570446,0.005198358413138926,40,2.402669736039445,3.0651828847480966,70.0,3.5611623821317675,-3.0310047846889963,-0.15923934158613134,36,5.7914504361556345,3.3642843211877382,97.22222222222221,364.50346224527965,1.4663721437681578,2.9431077789480065
FIXED_48H,fixed,5.163276271301739,27,2.7248524017703777,2.938880663310628,85.18518518518519,4.057445401393461,-2.6882890563824424,1.6804875090614237,48,4.12517618738888,3.8127930958700262,89.58333333333334,12.63174405469641,-0.015886375591793525,2.644938309660988,40,3.6401451427824627,3.119969366536357,75.0,3.8383245136244213,-2.6242546859499702,-0.013664596273304908,36,6.857278000961758,5.08082709722909,97.22222222222221,962.534340687361,1.0859156820622886,3.6809937708242924
PROGRESS_12H_MFE1_48H,progress,5.001239234264702,27,2.7248524017703777,2.938880663310628,85.18518518518519,4.057445401393461,-2.6882890563824424,1.6804875090614237,48,3.429077259390828,3.7172367414038954,77.08333333333334,6.207895332654851,-3.548776721602147,0.4962619974715867,40,3.3053338828068375,3.119969366536357,67.5,3.154457172716107,-3.252287107447607,-0.868730089309158,36,6.857278000961758,5.08082709722909,97.22222222222221,962.534340687361,1.0859156820622886,3.6809937708242924
TRAIL_A5_T3_48H,trail,4.985400941230608,27,2.724080204280364,2.7458098904352912,92.5925925925926,7.288449284813932,1.695743879472689,1.9793968920739482,48,2.512930021332213,2.4824762721861737,93.75,10.085885045282907,1.818431235955056,2.0738837694498304,40,1.685035706455753,2.7932457145063094,80.0,2.3532685047796096,-2.6242546859499702,1.698777782962935,36,4.528774781189486,3.0675838960297352,100.0,,1.7474970437524664,2.179966887417212
TP5_SL5_48H,tpsl,4.956187410586552,27,3.5055388089665436,4.8,88.88888888888889,7.06727870782671,-1.1830508474576293,4.8,48,2.256187410586552,4.8,75.0,2.7355287773742707,-5.2,0.7227467811158694,40,1.628559421915718,4.8,67.5,2.1191139662152283,-5.2,-4.437152034261239,36,4.402807822571835,4.8,97.22222222222221,31.480977233189623,4.8,4.8
TRAIL_A5_T3_72H,trail,4.9136884337098845,27,3.1331351733909645,2.749252801992519,92.5925925925926,14.629169115747803,1.8616335112404816,2.0980341200552366,48,2.462252948260466,2.3983345343902673,93.75,10.647309880597474,1.7438055344897088,2.0434759453222098,40,1.117518907249677,2.9451958519436716,80.0,1.5614274329497062,-4.895243564976761,1.8048967703421739,36,4.5017841668730645,3.0675838960297352,97.22222222222221,26.18233257840049,1.8261484352569581,2.1939984548391633
TP5_SL5_24H,tpsl,4.896938719087457,27,3.5589678397876905,4.8,92.5925925925926,18.21520274294697,0.8387681420038853,3.2428059674806775,48,2.1552720524207896,4.8,77.08333333333334,2.981859358547853,-5.2,1.1795989438090295,40,1.8465118371034368,4.266536288570197,75.0,2.713285580819822,-5.2,0.286317784735385,36,4.21900347695812,4.8,97.22222222222221,265.8079937842252,1.8343493251679168,4.8
PROGRESS_12H_MFE2_48H,progress,4.754361528417147,27,2.5613080292561565,2.938880663310628,85.18518518518519,3.8739389518909086,-2.6882890563824424,0.9022812188518416,48,3.172818093247941,3.6207528306585357,72.91666666666666,5.290888995447935,-3.548776721602147,-0.24990019960079696,40,3.233276552372306,2.708419331190448,67.5,3.2394582690638343,-3.1858385093167723,-0.5623045156851995,36,6.390338394001296,4.786203969011993,97.22222222222221,897.059604639534,0.24863203452749633,2.206410963944083
TP5_SL5_72H,tpsl,4.75,27,3.467085164260305,4.8,85.18518518518519,6.575851393188851,-2.793220338983053,4.8,48,2.091666666666667,4.8,72.91666666666666,2.4852071005917162,-5.2,-5.2,40,1.4412906581008333,4.8,65.0,1.8585707019836228,-5.2,-5.2,36,4.451709401709402,4.8,97.22222222222221,31.81952662721893,4.8,4.8
TP5_SL3_24H,tpsl,4.700444592802581,27,3.633041913861765,4.8,92.5925925925926,28.38612813240974,0.8387681420038853,3.2428059674806775,48,2.083777926135914,4.8,70.83333333333334,3.232619206574193,-3.2,-3.2,40,1.635677857724604,3.2978671725838016,67.5,2.641547076321507,-3.2,-3.2,36,3.9238246774689762,4.8,94.44444444444444,23.071513810762987,1.413609211559508,4.8
TP5_SL3_48H,tpsl,4.622854077253218,27,3.727761031188766,4.8,88.88888888888889,11.484327900218403,-0.3830508474576293,4.8,48,2.0895207439198855,4.8,66.66666666666666,2.9589256974248923,-3.2,-3.2,40,1.2179603489376762,4.8,55.00000000000001,1.9153120481415902,-3.2,-3.2,36,3.6563627730294397,4.8,86.11111111111111,9.226816239316241,-3.2,4.8
TP7_SL5_48H,tpsl,4.592852165665542,27,2.766732540126491,3.393272171253825,77.77777777777779,3.394287775109463,-5.2,1.671523167313216,48,2.411200789518753,6.8,66.66666666666666,2.391077378568511,-5.2,-5.2,40,2.2140302519737474,3.119969366536357,67.5,2.521437991923068,-5.2,-4.437152034261239,36,4.743256052111333,6.8,91.66666666666666,17.023404579074356,0.8242601809115959,3.6809937708242924
TP7_SL5_24H,tpsl,4.479301962072922,27,3.5309930486015566,4.698074745186864,88.88888888888889,10.352040892915639,0.19347319347319514,2.431192062185261,48,2.1705827209374244,3.401543631208659,72.91666666666666,2.664344578354574,-5.2,-1.45,40,2.2346630300631207,3.2978671725838016,75.0,3.073431575398998,-5.2,0.286317784735385,36,4.143362267130857,3.3642843211877382,97.22222222222221,261.0603330792354,1.4663721437681578,2.9431077789480065
TP5_SL3_72H,tpsl,4.458333333333334,27,3.689307386482527,4.8,85.18518518518519,10.232928361960612,-1.9932203389830536,4.8,48,1.9666666666666668,4.8,64.58333333333334,2.7352941176470593,-3.2,-3.2,40,1.0,4.8,52.5,1.6578947368421046,-3.2,-3.2,36,3.6183760683760675,4.8,86.11111111111111,9.141346153846154,-3.2,4.8
TP7_SL5_72H,tpsl,4.375,27,2.7732267282751155,6.8,62.96296296296296,2.8386991470635663,-5.2,-3.980081925243215,48,1.55,6.8,56.25,1.6813186813186813,-5.2,-5.2,40,1.8412906581008337,6.8,57.49999999999999,1.8900673578485645,-5.2,-5.2,36,4.301593098542564,6.8,80.55555555555556,6.609016615467547,-4.320370370370361,2.4091297287544498
TP7_SL3_48H,tpsl,4.290901240255269,27,2.6535920023284194,3.1546325878594184,70.37037037037037,3.7987103149557546,-3.2,-3.2,48,2.3355764266237475,5.516150576806308,58.333333333333336,2.7516823199678107,-3.2,-3.2,40,1.2825141215270222,-1.0130081300812996,47.5,1.8165497020954688,-3.2,-3.2,36,3.9392915184124586,6.8,77.77777777777779,6.53962869776752,-3.2,2.7853280234751643
TRAIL_A3_T2_48H,trail,4.227444447785675,27,2.132871249818404,1.460700389105041,100.0,,0.8905221018383538,1.1641429586383703,48,1.9456026838427476,1.9523141785539269,95.83333333333334,11.189743955851242,0.8924999687550852,1.2591740398248288,40,1.6344821678055674,1.824548452006958,87.5,3.488690621895523,-0.36260162601625934,1.0249581413665112,36,3.858784032360525,2.654535492621224,100.0,,0.9327242905096014,1.0939306512795846
TP7_SL3_24H,tpsl,4.046304038976601,27,3.6573784991460285,4.698074745186864,88.88888888888889,15.560876866573329,0.19347319347319514,2.431192062185261,48,2.030888640252184,2.8949949282309984,64.58333333333334,2.7919605649283974,-3.2,-3.2,40,1.9507461406400473,2.8103675611420353,67.5,2.957745902526174,-3.2,-3.2,36,3.9035301677252545,3.3642843211877382,94.44444444444444,22.957357193454552,1.234764800221533,2.9431077789480065
TP5_SL2_24H,tpsl,3.962966878278671,27,1.8709627822439274,3.3309793471019367,62.96296296296296,3.296181596390275,-2.2,-2.2,48,2.1624603930064543,4.8,66.66666666666666,3.948809626826982,-2.2,-2.2,40,0.880396182067608,-2.2,47.5,1.7622477766819111,-2.2,-2.2,36,2.504356890354129,4.8,72.22222222222221,5.098038547852211,-2.2,-2.2
TP5_SL2_48H,tpsl,3.875,27,1.6888888888888884,4.8,55.55555555555556,2.727272727272727,-2.2,-2.2,48,1.5916666666666668,4.8,54.166666666666664,2.5785123966942134,-2.2,-2.2,40,0.8679603489376764,-2.2,45.0,1.722908470472197,-2.2,-2.2,36,2.0777777777777775,4.8,61.111111111111114,3.4285714285714284,-2.2,-2.2
TP5_SL2_72H,tpsl,3.875,27,1.6888888888888884,4.8,55.55555555555556,2.727272727272727,-2.2,-2.2,48,1.5916666666666668,4.8,54.166666666666664,2.5785123966942134,-2.2,-2.2,40,0.7749999999999999,-2.2,42.5,1.6126482213438726,-2.2,-2.2,36,2.0777777777777775,4.8,61.111111111111114,3.4285714285714284,-2.2,-2.2
TRAIL_A3_T2_24H,trail,3.655623974611539,27,1.8833106973668432,1.4550116550116734,96.29629629629629,13.05688240503654,0.7826662492732785,1.0181545861496113,48,1.5418710608586206,1.5558174298553997,87.5,7.416926149304769,-0.4500000000000023,0.940814685919539,40,1.50589844066652,1.5685910291208585,87.5,4.651958532549165,-0.09202310301221397,0.8557249485408704,36,3.858784032360525,2.654535492621224,100.0,,0.9327242905096014,1.0939306512795846
TP3_SL3_24H,tpsl,3.5,27,2.3596677721700496,2.8,92.5925925925926,18.78734335874377,1.5779687052513804,2.8,48,1.3,2.8,75.0,2.624999999999999,-3.2,1.2999999999999998,40,0.9520568004724164,2.8,72.5,2.0818827278095635,-3.2,-3.2,36,2.633333333333333,2.8,97.22222222222221,30.624999999999993,2.8,2.8
TP3_SL3_48H,tpsl,3.5,27,2.3072190834902693,2.8,92.5925925925926,10.733580508474573,2.2779661016949135,2.8,48,1.3,2.8,75.0,2.624999999999999,-3.2,1.2999999999999998,40,0.8093495934959349,2.8,65.0,1.8008205293218558,-3.2,-3.2,36,2.633333333333333,2.8,97.22222222222221,30.624999999999993,2.8,2.8
TP3_SL3_72H,tpsl,3.5,27,2.3555555555555547,2.8,92.5925925925926,10.937499999999996,2.8,2.8,48,1.3,2.8,75.0,2.624999999999999,-3.2,1.2999999999999998,40,0.6999999999999997,2.8,65.0,1.6249999999999991,-3.2,-3.2,36,2.633333333333333,2.8,97.22222222222221,30.624999999999993,2.8,2.8
TP7_SL2_24H,tpsl,3.4845988839237663,27,1.6882289809351334,2.758236658932711,55.55555555555556,2.7265978214109325,-2.2,-2.2,48,1.9429044404560571,2.7410351675100864,58.333333333333336,3.1195321168611523,-2.2,-2.2,40,1.2120107920332894,-2.2,47.5,2.0493599931024145,-2.2,-2.2,36,2.288252543548879,3.044267724019123,72.22222222222221,4.744413253079984,-2.2,-2.2
FIXED_12H,fixed,3.4214102831506743,27,1.4969761382619835,1.5310699128880947,88.88888888888889,11.747813574688932,-0.13798639032661852,0.4110841799371158,48,2.130179037900866,2.909104422318809,77.08333333333334,4.346243111070177,-2.726527590289547,0.7699032539643993,40,2.1594939044604353,2.0927788760661703,65.0,3.4589779916361656,-3.1318497109826597,-0.519520919577193,36,3.8825440686011286,2.7204980842911897,94.44444444444444,151.22771194108978,0.23164976478036187,0.9413674939474594
TP3_SL5_24H,tpsl,3.3125000000000004,27,2.2855936980959757,2.8,92.5925925925926,12.055721959845354,1.5779687052513804,2.8,48,1.0708333333333335,2.8,77.08333333333334,1.984674329501915,-5.2,2.8,40,1.1307206988603016,2.8,80.0,2.2407285268959547,-5.2,0.7824189036658993,36,2.7999999999999994,2.8,100.0,,2.8,2.8
TP7_SL3_72H,tpsl,3.25,27,2.5347142782931313,6.8,55.55555555555556,3.0390867235213497,-3.2,-3.2,48,1.8,1.7999999999999998,50.0,2.1249999999999996,-3.2,-3.2,40,0.7999999999999998,-3.2,40.0,1.4166666666666665,-3.2,-3.2,36,3.890722141236737,6.8,75.0,5.86340267654592,-3.2,-0.09040114613180683
TP3_SL5_48H,tpsl,3.208333333333334,27,2.159070935342121,2.8,92.5925925925926,6.60528031290743,2.2779661016949135,2.8,48,0.9666666666666668,2.8,77.08333333333334,1.8111888111888106,-5.2,2.8,40,1.0347778590205603,2.8,75.0,1.9714197811069836,-5.2,2.05,36,2.7999999999999994,2.8,100.0,,2.8,2.8
TP3_SL5_72H,tpsl,3.208333333333334,27,2.207407407407407,2.8,92.5925925925926,6.730769230769229,2.8,2.8,48,0.9666666666666668,2.8,77.08333333333334,1.8111888111888106,-5.2,2.8,40,0.8723085838370693,2.8,75.0,1.7105275579456376,-5.2,1.2791220556745178,36,2.7999999999999994,2.8,100.0,,2.8,2.8
TP3_SL2_24H,tpsl,2.9074074074074074,27,0.948148148148148,2.8,62.96296296296296,2.1636363636363636,-2.2,-2.2,48,1.4458333333333335,2.8,72.91666666666666,3.4265734265734262,-2.2,-2.2,40,0.6152439024390243,2.8,57.49999999999999,1.6580148689187417,-2.2,-2.2,36,1.9666666666666661,2.8,83.33333333333334,6.3636363636363615,-2.2,2.8
TP3_SL2_48H,tpsl,2.9074074074074074,27,0.948148148148148,2.8,62.96296296296296,2.1636363636363636,-2.2,-2.2,48,1.4458333333333335,2.8,72.91666666666666,3.4265734265734262,-2.2,-2.2,40,0.5593495934959349,2.8,55.00000000000001,1.570386337257502,-2.2,-2.2,36,1.9666666666666661,2.8,83.33333333333334,6.3636363636363615,-2.2,2.8
TP3_SL2_72H,tpsl,2.9074074074074074,27,0.948148148148148,2.8,62.96296296296296,2.1636363636363636,-2.2,-2.2,48,1.4458333333333335,2.8,72.91666666666666,3.4265734265734262,-2.2,-2.2,40,0.5499999999999998,2.8,55.00000000000001,1.5555555555555547,-2.2,-2.2,36,1.9666666666666661,2.8,83.33333333333334,6.3636363636363615,-2.2,2.8
FIXED_36H,fixed,1.892756307084922,27,0.754509592628529,0.40483870967742436,51.85185185185185,1.7555535406965503,-3.5819708675604,-1.2640012095218087,48,4.973826168827271,5.333455200286663,91.66666666666666,35.179848108888585,0.5836033549589483,2.991376048531469,40,3.226936373564564,4.560939459880142,70.0,3.847277778641289,-3.7331203206634678,-0.5637061047335188,36,6.014829888457482,3.990575264043672,91.66666666666666,62.85819476750173,0.4098566593765176,2.1600703905540475
TP7_SL2_48H,tpsl,0.6880358506748433,27,0.5713691840081767,-2.2,33.33333333333333,1.389569898187393,-2.2,-2.2,48,1.55,-2.2,41.66666666666667,2.2077922077922074,-2.2,-2.2,40,0.8937041748129906,-2.2,37.5,1.6544165113975164,-2.2,-2.2,36,1.8792974755810161,-0.972933696639421,50.0,2.708452250528196,-2.2,-2.2
TP7_SL2_72H,tpsl,0.5768883732920852,27,0.5342957806994927,-2.2,29.629629629629626,1.3608841010401185,-2.2,-2.2,48,1.55,-2.2,41.66666666666667,2.2077922077922074,-2.2,-2.2,40,0.4999999999999999,-2.2,30.0,1.3246753246753242,-2.2,-2.2,36,1.887392550143266,-2.2,47.22222222222222,2.625505545577932,-2.2,-2.2
