candidate,split,n,mean_ret_3h,median_ret_3h,win_3h,mean_ret_6h,median_ret_6h,win_6h,mean_ret_12h,median_ret_12h,win_12h,mean_ret_24h,median_ret_24h,win_24h,mean_mfe_12h,mean_mae_12h,mfe_gt_1_12h,ret_gt_1_12h,mean_ret_12h_ci_low,mean_ret_12h_ci_high
CTX2+trig4,train_2024_2025,1674,-0.021910731431602968,-0.017204586076302597,48.0884109916368,0.0029025063351978356,-0.010821624118984019,49.34289127837515,0.001286106635401848,0.0067116567478153755,50.358422939068106,0.01200585236443262,-0.01018013455884037,49.70131421744325,1.2822258709420395,-1.3333851063131934,45.57945041816009,22.102747909199522,-0.08816625574023407,0.08406709638216289
CTX2+trig4,holdout_2026,601,-0.047829743891708854,-0.06649415708773754,42.26289517470882,-0.0461642236000631,-0.04028707472730764,47.42096505823628,-0.03427573071603311,0.0074534854528574,50.582362728785355,0.015751378903066878,0.028522220522253505,50.74875207986689,1.0993661044102119,-1.1878042117307863,39.60066555740433,18.63560732113145,-0.15367799124290693,0.08867242638876595
CTX2+trig4+H1recent2h,train_2024_2025,1038,-0.02459392302133762,-0.018716381126476778,48.26589595375722,-0.0170164986286835,-0.0006082568063614513,50.0,-0.0026316532057312878,0.025372665692302565,51.34874759152216,-0.022186136534113318,0.007759540390972486,50.09633911368015,1.2641057824877875,-1.301521485761138,46.4354527938343,22.639691714836225,-0.10599271021786884,0.0995039115864705
CTX2+trig4+H1recent2h,holdout_2026,356,-0.01967893480572796,-0.055621304609582145,45.2247191011236,-0.053489282130603374,-0.09340670004270857,44.10112359550562,-0.023301831291961336,-0.06956632467124413,48.59550561797753,-0.0657157001164317,-0.00944504812714353,49.43820224719101,1.0894522046505322,-1.1204896859136997,38.48314606741573,16.01123595505618,-0.1793462665621039,0.12677507765785762
CTX2+trig4+H1recent4h,train_2024_2025,1436,-0.0326899510698313,-0.020212251297019312,47.56267409470752,0.0027485720667710187,-0.01273795498166197,49.16434540389972,-0.0033679366179889553,0.004802521433000528,50.27855153203342,0.039701839739742895,0.011596673906821842,50.13927576601671,1.2858067256576395,-1.3341586298528076,46.58774373259053,21.935933147632312,-0.09235851060331239,0.09141885510341113
CTX2+trig4+H1recent4h,holdout_2026,508,-0.033440801626127406,-0.06436468693415964,43.110236220472444,-0.04190517193065656,-0.05004353788923277,47.63779527559055,-0.002875906446971564,0.009195844517484453,50.59055118110236,0.0009840962042605686,0.01141399046488134,50.196850393700785,1.1140711635410374,-1.1524340631302117,40.55118110236221,17.322834645669293,-0.13291746324521028,0.131805839627081
H4turn16h+H1turn4h+trig4,train_2024_2025,1853,0.00686355403625559,-0.008220863899077724,49.05558553696708,0.032551801506061295,0.00935907350425591,50.29681597409606,0.0667909363664546,0.028350864439818935,51.160280626011875,0.1026943358666221,0.08503679476696835,52.40151106314085,1.2803032471446274,-1.2605380727830278,45.223961144090666,21.80248246087426,-0.0015593939872870055,0.15331885270906598
H4turn16h+H1turn4h+trig4,holdout_2026,649,-0.015588426648141711,-0.03883486160908278,46.22496147919877,0.028481803182797916,-0.03093253228971804,48.536209553158706,0.05886481511663595,0.020902860563487557,51.00154083204931,0.16027535360401862,0.10592550008763357,53.77503852080123,1.126033591925198,-1.095688773079062,41.44838212634823,18.489984591679505,-0.06202403698473312,0.16061629994453114
CTX2+trig4s,train_2024_2025,1648,-0.023321805386698577,-0.016977377087895595,48.05825242718447,0.004786897670019973,-0.004394219618092388,49.63592233009709,-0.0002494105110869894,0.016569901989527125,50.54611650485437,-0.005293662264827307,-0.03181267701865553,49.08980582524271,1.2774890572587014,-1.3305456774946187,45.44902912621359,22.451456310679614,-0.08684901150147259,0.08414770741841163
CTX2+trig4s,holdout_2026,588,-0.04354285710879027,-0.06576848034026694,42.857142857142854,-0.02997957090087119,-0.05090449544756237,46.59863945578231,-0.025496786732889076,0.008875685863518612,50.85034013605442,0.030095657720895088,0.04143961455338463,51.19047619047619,1.1099356315195934,-1.1863291558076503,40.30612244897959,18.367346938775512,-0.14470374763820387,0.09279463922385425
CTX2+trig4s+H1recent2h,train_2024_2025,998,-0.03018828883429908,-0.03515805164052144,47.394789579158314,-0.012687750327892973,-0.0061418057675066695,49.79959919839679,0.001940850774749008,0.03754344118176434,51.40280561122245,-0.030678566881390413,0.020207378215941763,50.40080160320641,1.2642365971691183,-1.2971112682390713,46.6933867735471,23.04609218436874,-0.10959786945809859,0.10301816710391447
CTX2+trig4s+H1recent2h,holdout_2026,340,-0.031143424851691522,-0.055621304609582145,45.588235294117645,-0.03326343785470313,-0.08830084252312576,44.41176470588235,-0.022824470126570767,-0.05962895449588279,49.11764705882353,-0.07099274958573683,-0.06482636881031123,48.23529411764706,1.0908427986379476,-1.12203544430632,39.705882352941174,16.470588235294116,-0.1772589337396809,0.14909146168627516
CTX2+trig4s+H1recent4h,train_2024_2025,1397,-0.02875736484971775,-0.017928641318254446,47.602004294917684,0.00879671683120348,-0.014931240718285554,49.033643521832495,-0.004508907463465716,0.01675516087844553,50.6084466714388,0.022297033113290312,-0.012586318833729404,49.74946313528991,1.2820328262460414,-1.3277434859405934,46.38511095204009,22.261989978525413,-0.1030999442865698,0.08484341152515851
CTX2+trig4s+H1recent4h,holdout_2026,489,-0.02576936623676993,-0.05622436830268196,44.171779141104295,-0.03054724692443917,-0.06517528934300021,46.62576687116564,0.0024157752076987473,0.006230379579053036,50.511247443762784,-0.00284118076778118,0.012247376955110134,50.306748466257666,1.120493487460694,-1.1539098342899397,41.513292433537835,17.38241308793456,-0.141660955624013,0.1265864347140776
H4turn16h+H1turn4h+trig4s,train_2024_2025,1782,0.006979127967606614,-0.013892583851171647,48.31649831649832,0.028689691307029204,0.002269666397791692,50.11223344556678,0.07103449110857303,0.05205838652828643,51.57126823793491,0.10296481726075327,0.0863186123501003,52.46913580246913,1.2796203263248196,-1.2516947066838582,45.230078563411894,22.16610549943883,-0.01110988769705679,0.15074715907749173
H4turn16h+H1turn4h+trig4s,holdout_2026,620,-0.0112307668730152,-0.04232076907590976,46.12903225806452,0.02974112193754802,-0.03570630312484946,48.225806451612904,0.05931983356980238,0.02198989329948997,51.45161290322581,0.14895507775538006,0.09894353236803433,53.064516129032256,1.1238019075552688,-1.0929413126881513,42.41935483870968,18.548387096774192,-0.058760684113381874,0.17751150001444987
CTX2+trig5,train_2024_2025,1601,-0.033852151238385274,-0.01422291006173415,48.53216739537789,0.00481800326730018,0.0005686581617148079,50.031230480949404,-0.0030814522661158253,0.0024016507345958615,50.031230480949404,0.01797357163855053,-0.020286499697652616,49.65646470955652,1.2720062131363303,-1.3397270676686446,44.65958775765147,22.11118051217989,-0.0950814696166647,0.08790460963701098
CTX2+trig5,holdout_2026,577,-0.056124008326484835,-0.0818269696709173,41.94107452339688,-0.05535096309174811,-0.03165837415182171,47.66031195840554,-0.04323172835258344,-0.04418065951633521,48.7001733102253,0.029547191389329243,0.03715914110227203,50.77989601386482,1.0983759473459735,-1.1859507913520764,40.20797227036395,18.717504332755635,-0.1701849179033228,0.07562101436097762
CTX2+trig5+H1recent2h,train_2024_2025,911,0.0006048414752989901,-0.033275411095468055,48.07903402854007,0.01921281391511019,0.0346160235728199,51.26234906695939,0.027362842253059533,0.019281941719184736,50.82327113062569,0.03490698803777579,0.02546598609141082,50.82327113062569,1.2775967651413027,-1.2804589911187487,46.65203073545554,22.39297475301866,-0.08243613095448865,0.14029084168644504
CTX2+trig5+H1recent2h,holdout_2026,310,-0.023320659895361518,-0.0598766213521118,43.87096774193549,-0.08069139741115149,-0.09726079820427946,44.193548387096776,-0.044534813414450286,-0.06574982552396413,47.096774193548384,-0.09116825302547191,-0.08682375604729398,47.74193548387097,1.0423960417346,-1.122145711776896,38.064516129032256,16.129032258064516,-0.20264821220749046,0.11707942898868764
CTX2+trig5+H1recent4h,train_2024_2025,1339,-0.04523998155393682,-0.017420058635031488,48.020911127707244,0.00873102255238243,-0.00235331875566569,49.813293502613895,-0.004311147814768757,0.005257050005358366,50.18670649738611,0.06624059997930933,0.022663893393604084,50.634802091112775,1.280907771554578,-1.3377268613842699,45.63106796116505,21.882001493651977,-0.10466575323402841,0.09623454386006032
CTX2+trig5+H1recent4h,holdout_2026,463,-0.03101799403628319,-0.07577060077952336,41.68466522678186,-0.046490012907910785,-0.05376410412766264,46.868250539956804,-0.01769127140182164,-0.041086384451816116,48.81209503239741,0.01743352184932637,0.028522220522253505,50.75593952483801,1.1032843204021714,-1.1398306041654789,40.8207343412527,17.71058315334773,-0.15244215989448215,0.11665758710759835
H4turn16h+H1turn4h+trig5,train_2024_2025,1711,0.0022044660055210883,-0.008996954167783677,48.74342489772063,0.014969273838346992,0.0008618083347400329,50.08766803039158,0.05648084276191264,0.003691393100524465,50.08766803039158,0.0924577061775424,0.06514988664394483,51.95791934541204,1.2603250759590887,-1.2657055819231835,44.30157802454705,21.56633547632963,-0.025228135799106346,0.14110600306144824
H4turn16h+H1turn4h+trig5,holdout_2026,594,-0.022168924553823535,-0.05335520961760043,44.27609427609428,0.018360150549629792,-0.030550435031717615,47.81144781144781,0.04252771409763051,-0.009308751970354967,49.66329966329967,0.13306031308407415,0.09081689193125575,53.198653198653204,1.1068953858656196,-1.0934893691670864,40.909090909090914,19.52861952861953,-0.07619353338235743,0.1590066359455193
CTX2+trig5s,train_2024_2025,1560,-0.031003835808246418,-0.015166499333163497,48.26923076923077,0.00505853602455361,0.006755300359451155,50.32051282051282,-0.004648094684270001,-0.012413739732602957,49.743589743589745,0.007476062062471055,-0.02431395367239464,49.48717948717949,1.2735696699022128,-1.3381640699969808,44.80769230769231,22.692307692307693,-0.09037641697117875,0.08837870710436799
CTX2+trig5s,holdout_2026,557,-0.04854364184620755,-0.0741068557594371,42.010771992818675,-0.033512158136933604,-0.03980509470294935,47.57630161579892,-0.04055431070701288,-0.049590903897134275,49.012567324955114,0.04182445048181553,0.04681699824304886,51.16696588868941,1.1100808354065919,-1.1812358275929098,40.394973070017954,18.67145421903052,-0.16045622416433045,0.08144803365327377
CTX2+trig5s+H1recent2h,train_2024_2025,877,-0.0036738272890875674,-0.03349031480451847,47.662485746864306,0.025687853337836183,0.03621108136677709,51.31128848346636,0.03561102129407079,0.011616470075703766,50.39908779931584,0.022715139841087407,0.03957686957023476,51.31128848346636,1.2842044031705435,-1.2678488037001243,47.32041049030787,23.033067274800455,-0.07228409848034152,0.14458017747144666
CTX2+trig5s+H1recent2h,holdout_2026,291,-0.021897709010960973,-0.05501824091648233,43.986254295532646,-0.0632579830374122,-0.09622529112948142,44.329896907216494,-0.039242669632312495,-0.06535833258122237,48.10996563573883,-0.06936518216798122,-0.06459992802831382,48.10996563573883,1.0457953738821946,-1.1162259536359846,39.175257731958766,16.151202749140893,-0.19035460615535327,0.12042081735971141
CTX2+trig5s+H1recent4h,train_2024_2025,1300,-0.040031215297512926,-0.017674349976642967,47.76923076923077,0.008049924740392227,-0.00911583407939287,49.53846153846154,-0.003821738974043569,-0.008334679563182235,49.84615384615385,0.04328342279853833,0.008749266505281295,50.07692307692307,1.2786001112996113,-1.3328531731668853,45.76923076923077,22.153846153846153,-0.09921039368762202,0.09460433213672274
CTX2+trig5s+H1recent4h,holdout_2026,443,-0.02845903780373713,-0.06352887440154165,42.43792325056434,-0.03553217020260789,-0.06577666375672253,46.04966139954853,-0.02534823087920117,-0.049590903897134275,48.75846501128668,0.013393407751462734,0.04224935695973375,51.0158013544018,1.1100072171735247,-1.1512385146146253,40.85778781038375,17.381489841986454,-0.16617243220629072,0.12457830081826858
H4turn16h+H1turn4h+trig5s,train_2024_2025,1645,0.007316787113566018,-0.010475328963521768,48.44984802431611,0.014485929301390957,-0.00801940033486881,49.848024316109424,0.06676575889794203,0.0024016507345958615,50.03039513677812,0.09943494484940557,0.057561009768569704,51.85410334346504,1.263900893781051,-1.255748375079114,44.559270516717326,21.88449848024316,-0.010838186304784017,0.14195544885324018
H4turn16h+H1turn4h+trig5s,holdout_2026,572,-0.02126328963579266,-0.05027386088415908,44.40559440559441,0.027967457344460028,-0.028635224839146378,47.72727272727273,0.037572629588696414,-0.020663086317435075,49.47552447552447,0.12159999946429999,0.09932066598871137,52.7972027972028,1.1089716297644752,-1.0936854493873616,40.73426573426573,19.230769230769234,-0.07637955614243871,0.14926749215613155
CTX3+trig4,train_2024_2025,1433,-0.02617165758377179,-0.03025351292228473,47.31332868108862,0.0017863318539162666,-0.01238129004595967,49.12770411723656,0.007129342167378335,-0.014098198664413975,49.476622470341944,0.01395082897159322,0.0021931255531848493,50.03489183531053,1.2930660310860496,-1.3303506023077059,46.12700628053036,22.26099092812282,-0.08860707748124742,0.09531296533453089
CTX3+trig4,holdout_2026,510,-0.044283109501728375,-0.07627938018288649,40.78431372549019,-0.03499194308925036,-0.042768822100952564,47.45098039215686,-0.01640152697443817,-0.03823916204329647,49.2156862745098,0.017653465504147377,0.02381435897418349,50.78431372549019,1.1175967700891316,-1.1809447032298488,39.80392156862745,19.019607843137255,-0.147157576553331,0.11121391868526626
CTX3+trig4+H1recent2h,train_2024_2025,886,-0.028195853882537706,-0.0333684411758961,48.1941309255079,-0.005048341986793874,-0.0031712665738037327,49.887133182844245,0.010545919346381574,0.017856384131786918,50.90293453724605,-0.042694120054744364,0.02665444278711071,50.79006772009029,1.2866715393335222,-1.306908626758207,47.40406320541761,23.024830699774267,-0.10238662830368665,0.1264453275596022
CTX3+trig4+H1recent2h,holdout_2026,305,-0.023445541845868622,-0.06803483195234605,43.9344262295082,-0.05911458697427809,-0.10013519503019319,43.606557377049185,-0.02466938943158393,-0.1416882256217833,45.57377049180328,-0.08822981647838682,-0.04604649658950244,48.52459016393443,1.0861924326915633,-1.1235087239124555,37.704918032786885,16.39344262295082,-0.17995730511099522,0.1414267251819554
CTX3+trig4+H1recent4h,train_2024_2025,1236,-0.03844593201449365,-0.03641427057828883,47.006472491909385,0.0004397113168924563,-0.0154440566781322,48.62459546925567,0.0029999780342312423,-0.01372475911384785,49.59546925566343,0.034298529412594016,0.025356986263169734,50.728155339805824,1.2944080183561313,-1.3332786283687,47.0873786407767,22.0873786407767,-0.10009679137135813,0.10180777039728708
CTX3+trig4+H1recent4h,holdout_2026,430,-0.02369112031409329,-0.07254966388335893,42.093023255813954,-0.028686559314253887,-0.04497449803896325,48.13953488372093,-0.001919291493575555,-0.10154845867742512,48.372093023255815,-0.02903396197717272,0.010012332573805516,50.0,1.1260327001159627,-1.149777700263559,40.46511627906977,17.674418604651162,-0.1399527661316412,0.14703527712778064
CTX3+trig4s,train_2024_2025,1413,-0.02774951789778655,-0.03649652133969061,46.92144373673036,0.0046934653521416925,-0.009108882163766374,49.25690021231423,0.008899618426683761,-0.0006849541822728789,49.96461429582449,0.005745351296465332,-0.012586318833729404,49.75230007077141,1.2883799345787212,-1.3259850003713383,46.07218683651805,22.717622080679405,-0.08508779835375625,0.10264336007966027
CTX3+trig4s,holdout_2026,499,-0.04228814088543308,-0.07249147294474678,41.883767535070135,-0.02616915759672348,-0.05227324755061602,46.292585170340686,-0.02149709357139097,-0.08345118098390669,48.897795591182366,0.022406430186748177,0.03715914110227203,50.901803607214426,1.1203442661008773,-1.189925545763218,40.28056112224449,18.637274549098194,-0.15281294338747237,0.11171822766178215
CTX3+trig4s+H1recent2h,train_2024_2025,851,-0.03247992928968918,-0.041780825739778926,47.00352526439483,-0.005838063985536291,-0.00801940033486881,49.70622796709753,0.018173585414196496,0.019281941719184736,50.99882491186839,-0.05330887707628195,0.03736773277986938,51.11633372502937,1.2862090191812707,-1.3009960055587781,47.708578143360754,23.384253819036427,-0.09621831473167773,0.13655238890356836
CTX3+trig4s+H1recent2h,holdout_2026,293,-0.0256667847644616,-0.06645046618229955,44.7098976109215,-0.04915940587697605,-0.09829630527907751,43.68600682593857,-0.03152462223227422,-0.13885991455069302,45.73378839590443,-0.0992972075097532,-0.0899271221862008,47.44027303754266,1.088063519029887,-1.1424458100738062,38.907849829351534,17.064846416382252,-0.1942980355329988,0.12443747450220659
CTX3+trig4s+H1recent4h,train_2024_2025,1202,-0.033025014148065,-0.036545553551170507,46.75540765391015,0.010109774524359842,-0.016576281773789114,48.668885191347755,0.008943034306875128,0.0033748217976192763,50.08319467554077,0.028358946083021815,0.022137658140641836,50.49916805324459,1.2943897277920526,-1.3221466272943914,47.088186356073216,22.37936772046589,-0.08907617772923328,0.11277522102093034
CTX3+trig4s+H1recent4h,holdout_2026,415,-0.020345244735576307,-0.0640067520366494,43.6144578313253,-0.029994611757603193,-0.06591193675541396,46.74698795180723,-0.009445270242827056,-0.1265507037591096,47.71084337349398,-0.04145629026657016,-0.004327054810138176,49.63855421686747,1.1252821403261166,-1.1672105676600801,41.204819277108435,17.59036144578313,-0.15947057493730118,0.15251948160447476
CTX3+trig5,train_2024_2025,1368,-0.03499327921786771,-0.016382858406238654,48.53801169590643,0.01037521095460675,0.0007152332482274204,50.07309941520468,0.006173258646340121,-0.012413739732602957,49.707602339181285,0.019144941542775577,0.0027180773453483464,50.0,1.2874363577958712,-1.3358331980875298,45.687134502923975,22.295321637426902,-0.09203832676047906,0.10764068277126215
CTX3+trig5,holdout_2026,489,-0.06415304262070173,-0.09988202146028469,40.081799591002046,-0.049626763825629146,-0.04889255924400704,47.034764826175866,-0.043124905586340016,-0.08479871879047973,46.830265848670756,0.021150622555632815,0.012247376955110134,50.306748466257666,1.1070657359088074,-1.1912040795940717,39.87730061349693,19.427402862985684,-0.1814037369154911,0.09515280946911718
CTX3+trig5+H1recent2h,train_2024_2025,776,0.013959277906440675,-0.03046175184895361,48.45360824742268,0.04302679589282612,0.034372858335207646,51.03092783505154,0.05606405656428026,0.033725103362247655,51.15979381443299,0.02093605774708691,0.041438202837096316,51.41752577319587,1.311888501934463,-1.2777342627930743,48.1958762886598,22.809278350515463,-0.06386965979177255,0.18280130487699434
CTX3+trig5+H1recent2h,holdout_2026,265,-0.027306833208008988,-0.06417213139989775,43.77358490566038,-0.08317281211915335,-0.10141575016751059,43.39622641509434,-0.030152095112103997,-0.1259906580469483,45.28301886792453,-0.08610729047045146,-0.12336206466284638,46.79245283018868,1.0345245618668424,-1.1194590484293776,36.9811320754717,16.60377358490566,-0.18979106741355023,0.12333402875903864
CTX3+trig5+H1recent4h,train_2024_2025,1153,-0.041799072611354085,-0.017409916751320864,48.13529921942758,0.013470147205307816,-0.00801940033486881,49.43625325238508,0.011569569828025617,0.0024016507345958615,50.043365134431916,0.05654448780204243,0.02524798643492865,50.73720728534259,1.298696310969981,-1.3335691449791196,46.66088464874241,22.20294882914137,-0.09393025574433825,0.1152223766673646
CTX3+trig5+H1recent4h,holdout_2026,394,-0.04672948293199521,-0.09546777731163081,40.10152284263959,-0.05073505431005082,-0.07146213951888525,46.192893401015226,-0.038027212102897154,-0.12148704228104878,45.68527918781726,-0.03288486199006631,0.001682530285823658,49.746192893401016,1.0944623132569349,-1.1585820769915114,39.59390862944163,18.274111675126903,-0.17321166908063648,0.09766471906436726
CTX3+trig5s,train_2024_2025,1336,-0.03241196703605498,-0.017553751501925285,47.97904191616767,0.01389746242702434,0.002014960896468132,50.1497005988024,0.008583647898361729,-0.012413739732602957,49.62574850299401,0.014067634699576382,-0.00525011715329371,49.8502994011976,1.289023250086616,-1.3316234484724445,45.808383233532936,22.979041916167663,-0.0921334044022662,0.11193474986696351
CTX3+trig5s,holdout_2026,473,-0.04972119702145112,-0.08625631991604488,40.803382663847785,-0.032430223011519405,-0.04889255924400704,46.93446088794926,-0.04071522532766501,-0.08479871879047973,47.14587737843552,0.032056198177384095,0.012247376955110134,50.10570824524313,1.1179395920079687,-1.1886430219465376,40.38054968287527,19.23890063424947,-0.17868346853562458,0.09608333621260488
CTX3+trig5s+H1recent2h,train_2024_2025,747,0.0063026562922344365,-0.03682421941615388,47.65729585006693,0.04623722027124626,0.03457116057379306,51.00401606425703,0.06513859107560087,0.01750981731709622,50.46854082998661,0.011105878236629993,0.05112355291287951,51.941097724230254,1.3155363045556512,-1.2619551394755306,48.728246318607766,23.427041499330656,-0.054164325444547384,0.17794202644361737
CTX3+trig5s+H1recent2h,holdout_2026,252,-0.029155812367835234,-0.06408944171827358,43.65079365079365,-0.07180412505177479,-0.1031224452573587,43.25396825396825,-0.03797005215546481,-0.11370118218764769,46.03174603174603,-0.09128031071549034,-0.09053247351508142,46.82539682539682,1.031549448404402,-1.1312763017292955,38.095238095238095,16.666666666666664,-0.19629103632137881,0.14544289589813064
CTX3+trig5s+H1recent4h,train_2024_2025,1122,-0.037084553059156755,-0.024691164748491534,47.593582887700535,0.01744377550715514,-0.012122781179552122,49.376114081996434,0.017253972829905265,-0.012413739732602957,49.554367201426025,0.04724845132896994,0.018799187509765947,50.44563279857398,1.2966627930014136,-1.3220090690330843,46.79144385026738,22.459893048128343,-0.08587899628916462,0.12142423005089448
CTX3+trig5s+H1recent4h,holdout_2026,376,-0.04038373450514379,-0.08387663602824058,41.22340425531915,-0.045637880588992465,-0.07595455489732283,45.47872340425532,-0.05170637040954405,-0.1327053091549013,45.21276595744681,-0.04365327936644635,-0.007777532459252168,49.46808510638298,1.0986451746885229,-1.1779324998766225,39.62765957446808,17.819148936170212,-0.1974922349749186,0.08636919921600383
CTX4+trig4,train_2024_2025,1241,-0.040039294073422875,-0.05048972379380068,45.85012087026591,-0.006431537509148654,-0.022196897537063442,48.348106365834006,0.009832368199940197,-0.019989378067541974,49.234488315874295,-0.007938785615938,-0.007773950283951336,49.87912973408542,1.2828905988194863,-1.3096874857363168,45.286059629331184,21.51490733279613,-0.08837954449594494,0.11294543332130352
CTX4+trig4,holdout_2026,439,-0.05283359480909442,-0.09116993817912533,39.17995444191344,-0.030717340982009664,-0.04337554715495573,47.380410022779046,0.03191966164629909,0.012488896893181334,51.252847380410024,0.11975200908363433,0.06822578592424744,53.53075170842825,1.1277190328817277,-1.1329696914815772,40.091116173120724,19.134396355353076,-0.10411153367865043,0.17570144310627983
CTX4+trig4+H1recent2h,train_2024_2025,759,-0.040308651546213936,-0.05277722498023829,46.50856389986825,-0.005416313014156439,-0.005493136406220511,49.670619235836625,0.010996348073062419,0.02159238690351284,51.11989459815547,-0.05526688463912339,0.008337037685213211,50.19762845849802,1.2960924014392086,-1.303611797123654,47.82608695652174,23.3201581027668,-0.1234446266675852,0.13050750863875482
CTX4+trig4+H1recent2h,holdout_2026,261,-0.033095021169030535,-0.07492970053646353,43.29501915708812,-0.05908026705112245,-0.09829630527907751,43.67816091954023,0.020781896649006683,-0.1265507037591096,46.74329501915709,0.0703048294141021,0.03974980403095296,52.490421455938694,1.0937408283425352,-1.076886906546517,38.31417624521073,16.47509578544061,-0.14927029531445354,0.19334570408551885
CTX4+trig4+H1recent4h,train_2024_2025,1069,-0.04814591689172021,-0.055280612714958544,45.55659494855004,0.00818818290543092,-0.017530021680811636,48.45650140318054,0.021472363598907758,-0.014098198664413975,49.485500467726844,0.023283179978236937,0.022663893393604084,50.60804490177736,1.2997033766599035,-1.3123537662541622,46.77268475210477,22.07670720299345,-0.09423546317296473,0.14191945745430662
CTX4+trig4+H1recent4h,holdout_2026,369,-0.0420736835862346,-0.08748622059525646,40.37940379403794,-0.03382116103574107,-0.05158403620653118,48.23848238482385,0.04450719880606303,0.003188755274941002,50.135501355013545,0.10674504437358212,0.06822578592424744,53.116531165311656,1.1389035493418005,-1.1130518293612972,40.37940379403794,18.157181571815716,-0.10507893321525044,0.20053701156712136
CTX4+trig4s,train_2024_2025,1222,-0.042012123078586684,-0.0626463130463717,45.171849427168574,-0.0034688715524078453,-0.021469490460651608,48.28150572831424,0.009344564049335275,-0.009412912172168664,49.754500818330605,-0.01490159398469373,-0.027565600447104766,49.42716857610475,1.2746852110360656,-1.3045874340905905,45.25368248772504,21.76759410801964,-0.09307854804830838,0.10404003571801772
CTX4+trig4s,holdout_2026,430,-0.04643086040689095,-0.08517368183424967,40.93023255813954,-0.019119598525532747,-0.05203209824505839,46.27906976744186,0.03263764747101496,0.007478070724120656,50.93023255813953,0.13892825639902578,0.08052002141203385,53.95348837209303,1.1291801905170593,-1.1320337987580584,40.69767441860465,19.069767441860467,-0.11422362018372978,0.16975952749894133
CTX4+trig4s+H1recent2h,train_2024_2025,727,-0.04816641093076298,-0.059481664457072814,45.667125171939475,-0.007377524806055304,-0.01238129004595967,49.38101788170564,0.017509014455388536,0.042362965849318535,51.856946354883085,-0.0659303124548743,0.010316489913830829,50.34387895460798,1.2908069282298602,-1.294507046027016,48.143053645116915,23.383768913342504,-0.10789694711789888,0.14411063147302192
CTX4+trig4s+H1recent2h,holdout_2026,251,-0.030513775931942558,-0.07330270181874488,44.6215139442231,-0.04618788331632935,-0.09496287664421121,44.223107569721115,0.017187196274889276,-0.11698342651514926,46.613545816733065,0.06382830426242693,0.03974980403095296,51.39442231075697,1.0944945191151094,-1.0850910215362903,39.44223107569721,17.52988047808765,-0.15725385025378336,0.2046134360832306
CTX4+trig4s+H1recent4h,train_2024_2025,1039,-0.04583501353624426,-0.06284018651970813,45.04331087584216,0.009261574292583123,-0.02344514741443593,47.93070259865255,0.019870766277400604,0.004347992860642691,50.14436958614053,0.013641837715772152,0.01685219569147467,50.33686236766122,1.2945089654138129,-1.3077892338377999,46.67949951876805,22.13666987487969,-0.0989343256295948,0.13215772071754472
CTX4+trig4s+H1recent4h,holdout_2026,358,-0.03583802628430386,-0.07627938018288649,42.17877094972067,-0.031565424353132095,-0.06554361304920708,47.20670391061452,0.04401175216979651,-0.040785812630333984,49.44134078212291,0.11602077981493936,0.07901321033509934,53.351955307262564,1.136002838371484,-1.1197409069054363,41.06145251396648,18.435754189944134,-0.10129543006137069,0.20402845672259282
CTX4+trig5,train_2024_2025,1188,-0.040428938024842154,-0.02343574239979107,47.72727272727273,0.008636411133112136,-0.00675626837054466,49.494949494949495,0.01395141565034381,-0.01468283995378905,49.57912457912458,0.014456051563011451,0.007462217945797267,50.08417508417509,1.283667850532378,-1.3065656666378245,45.11784511784512,21.296296296296298,-0.09028959756460624,0.11270667142711183
CTX4+trig5,holdout_2026,424,-0.07796907606899654,-0.11565073927917169,39.15094339622642,-0.056618160220427226,-0.06584430025606824,45.75471698113208,-0.005694778265371073,-0.05747461823917832,48.34905660377358,0.10221446543395474,0.06910465693624745,52.83018867924528,1.1102361659586262,-1.1430800363117928,40.09433962264151,19.339622641509436,-0.14514995070616743,0.13534902944112892
CTX4+trig5+H1recent2h,train_2024_2025,663,0.00908331497339199,-0.041780825739778926,47.05882352941176,0.04825810672314024,0.03417455609662223,51.13122171945701,0.07474211030803891,0.04983730361729499,51.88536953242836,0.013794512245614822,0.05020896158136612,51.28205128205128,1.3335430928669443,-1.2597133769611386,48.56711915535445,23.076923076923077,-0.060406532580051485,0.20735025606212165
CTX4+trig5+H1recent2h,holdout_2026,230,-0.03814106849362513,-0.0900559972470849,43.47826086956522,-0.07952413710964558,-0.1031224452573587,43.04347826086957,0.01827383207775399,-0.12148704228104878,45.65217391304348,0.05163125431925746,0.012247376955110134,50.43478260869565,1.0404944725440537,-1.0604036364896063,37.391304347826086,16.956521739130434,-0.15271833646857602,0.19276307848495358
CTX4+trig5+H1recent4h,train_2024_2025,993,-0.04554387337278716,-0.036233955393927264,46.82779456193353,0.019148701710803663,-0.014813168907157337,49.14400805639476,0.03833858953108021,0.01675516087844553,50.251762336354474,0.05559376154940605,0.029960950505913964,50.956696878147035,1.3103023957197788,-1.305839932927423,46.626384692849946,22.054380664652566,-0.07476217570500322,0.15070487229796312
CTX4+trig5+H1recent4h,holdout_2026,341,-0.06423318508099536,-0.11153163995692994,38.70967741935484,-0.05859497725300385,-0.09185052344120592,45.16129032258064,-0.0014707921421597777,-0.08479871879047973,46.9208211143695,0.08903787748135222,0.06998352794824747,52.785923753665685,1.0982570777624272,-1.114976331603898,39.29618768328446,18.475073313782993,-0.14407478502360752,0.15281238841903869
CTX4+trig5s,train_2024_2025,1158,-0.03921153092694965,-0.030156233235600904,47.236614853195164,0.011591905241800189,-0.01260548713215015,49.22279792746114,0.01693969815579987,-0.014010393381891362,49.568221070811745,0.006302005290912399,-0.014030224990801976,49.82728842832469,1.283688660267276,-1.3003626093652876,45.16407599309154,21.848013816925736,-0.08543633237147846,0.11835631207234328
CTX4+trig5s,holdout_2026,409,-0.05576986554503167,-0.10664887883550245,40.09779951100245,-0.03701306669344165,-0.06577666375672253,45.72127139364303,0.0028498282868284082,-0.06535833258122237,48.655256723716384,0.12563527371560596,0.06822578592424744,52.567237163814184,1.1226368689334558,-1.1300285455244183,40.58679706601467,19.559902200489,-0.16231283912501857,0.1423834296917497
CTX4+trig5s+H1recent2h,train_2024_2025,640,-0.006963290903450657,-0.05468417681969151,46.25,0.04137696539819145,0.004798401837391442,50.46874999999999,0.0810199910758225,0.04069428280397691,51.40625,0.004915954570686043,0.057604737985839094,51.71875,1.3273049615031365,-1.2472502550760767,48.59375,23.4375,-0.053306424357453946,0.2141061241797136
CTX4+trig5s+H1recent2h,holdout_2026,220,-0.03344324390905061,-0.07749535613474356,43.63636363636363,-0.06480059974888117,-0.09985602772329405,43.63636363636363,0.010977380587253517,-0.10679387115987149,46.36363636363636,0.04262293050777572,0.012247376955110134,50.0,1.0318946257118202,-1.058062593678696,38.18181818181819,17.272727272727273,-0.16767134064041753,0.2062157312369552
CTX4+trig5s+H1recent4h,train_2024_2025,967,-0.043496490318954806,-0.038551221784199896,46.43226473629783,0.020752836618790144,-0.022196897537063442,48.60392967942089,0.04294927613788944,-0.005764467760527303,49.84488107549121,0.0418510791533944,0.02524798643492865,50.67218200620476,1.3044699433862914,-1.2948794795320504,46.53567735263702,22.13029989658738,-0.06379025038209633,0.15735015033453603
CTX4+trig5s+H1recent4h,holdout_2026,328,-0.05077608642635706,-0.10592551720701171,39.9390243902439,-0.05077555261377571,-0.09387333413674037,44.81707317073171,-0.013544743511730569,-0.10359765086168649,46.34146341463415,0.08989315290473247,0.06910465693624745,52.4390243902439,1.1001563638961023,-1.1230162838613889,39.329268292682926,18.29268292682927,-0.18292942945077434,0.1535151777490291
trig4s_then_H1turn4_entryH1,train_2024_2025,801,-0.01067390660237745,-0.023539696340413307,48.064918851435706,-0.011862718554734402,0.0026109978711774673,50.56179775280899,-0.016836141394226595,0.0005257169893857494,50.06242197253433,-0.052385060492709544,-0.010710201608787884,49.68789013732834,1.2978577705647922,-1.356636387361936,46.94132334581773,22.22222222222222,-0.13370560736517634,0.11824544680044613
trig4s_then_H1turn4_entryH1,holdout_2026,275,-0.03563896683365045,-0.020528483176929235,46.18181818181818,-0.030751336359652992,-0.024196357878070174,48.72727272727273,0.0215876919846382,-0.039083163356501416,46.909090909090914,0.005086495894419567,0.08997903202555557,52.0,1.1286953389247725,-1.1692984115875547,40.72727272727273,18.181818181818183,-0.1484256835038831,0.18456676690699375
trig5s_then_H1turn4_entryH1,train_2024_2025,794,-0.014832545067678032,-0.021298355049409468,48.2367758186398,-0.01987800001639418,0.0015439326986443902,50.377833753148614,-0.017508905395498167,0.006248682689069529,50.12594458438288,-0.05324060992733954,-0.005026689127202166,49.87405541561713,1.2956276334799717,-1.3587345390179841,46.977329974811084,22.292191435768263,-0.14777930061508734,0.11826857201979998
trig5s_then_H1turn4_entryH1,holdout_2026,273,-0.037782922614708975,-0.020528483176929235,46.15384615384615,-0.02820909801907357,-0.024196357878070174,48.717948717948715,0.021134218136718525,-0.039083163356501416,47.25274725274725,0.001036926994587259,0.07354150467986376,51.64835164835166,1.1336478724648287,-1.1723094679000148,40.65934065934066,18.315018315018314,-0.140382389664487,0.19496170141281696
BASELINE_4H_SNAPSHOTS,train_2024_2025,4386,0.028592688833227062,0.03548007080416138,52.48518011855905,0.03708827099391817,0.042288640059473526,52.1203830369357,0.06517977932515691,0.07163523677864436,52.32558139534884,0.129091945736487,0.10259999567365785,52.872777017783854,1.284248639018189,-1.3123995544298708,46.07843137254902,23.27861377108983,0.015572145955793497,0.11684171586248325
BASELINE_4H_SNAPSHOTS,holdout_2026,1557,-0.026457896586783814,-0.01998655168460317,48.29800899165061,-0.011831608567340862,0.0030506313744460556,50.224791265253685,-0.013300880946730724,0.002989930176444666,50.09633911368015,-0.02690304717788091,0.016218935306466786,50.545921644187544,1.1160233236179677,-1.196339812610707,40.912010276172126,18.432883750802826,-0.0908430683559492,0.06389466152042922
